Date and Time,Wind Speed (m/s),Wind Dir (Deg),Total Precipitation (mm),WQ Temp (°C),pH,Turbidity (NTU),TDS (g/L),Chl(ug/l),TSS (mg/L),BGA (mg/L),Dissolved Oxygen (mg/L),Sal (psu),Rel.Hum (%),Air Temp (°C)
15-11-2019 00:00,0.5,120,0,27.59,8.13,1.22,0,0.89,0,1.85,5.04,25.19,91,26.1
15-11-2019 00:10,0.4,145,0,27.55,8.1,1.23,0,0.99,0,2.07,5.034,25.19,90,26.1
15-11-2019 00:20,0.5,123,0,27.5,8.09,1.2,0,1.03,0,1.9,5.053,25.19,89,26.1
15-11-2019 00:30,0.6,77,0,27.43,8.09,1.2,0,0.89,0,1.83,5.069,25.19,90,26
15-11-2019 00:40,0.6,62,0,27.36,8.11,1.16,0,1,0,2.01,5.068,25.19,91,25.7
15-11-2019 00:50,1.1,72,0,27.1,8.12,1.16,0,0.99,0,1.96,5.049,25.19,92,25.2
15-11-2019 01:00,0.3,239,0,26.74,8.13,1.16,0,0.9,0,1.86,5.066,25.19,93,25
15-11-2019 01:10,0.6,82,0,26.46,8.13,1.13,0,1.01,0,1.89,5.046,25.19,95,24.9
15-11-2019 01:20,0.3,108,0,26.27,8.14,1.18,0,0.99,0,1.99,5.036,25.19,95,24.8
15-11-2019 01:30,0.3,110,0,26.16,8.14,1.16,0,1.08,0,2.25,5.031,25.19,95,24.7
15-11-2019 01:40,0.3,90,0,26.04,8.15,1.16,0,1.01,0,2.29,5.045,25.19,95,24.7
15-11-2019 01:50,0.3,127,0,25.97,8.19,1.18,0,0.99,0,2.11,5.026,25.19,95,24.8
15-11-2019 02:00,0.3,85,0,25.92,8.19,1.14,0,1.02,0,2.02,5.052,25.19,95,24.8
15-11-2019 02:10,0.1,253,0,25.88,8.18,1.15,0,1.06,0,2.17,5.052,25.19,95,24.9
15-11-2019 02:20,0.1,180,0,25.85,8.19,1.1,0,1.18,0,1.98,5.064,25.19,95,25
15-11-2019 02:30,0.2,180,0,25.84,8.2,1.08,0,0.95,0,1.96,5.077,25.19,95,24.9
15-11-2019 02:40,0.2,161,0,25.83,8.19,1.08,0,0.95,0,2.12,5.079,25.19,95,25
15-11-2019 02:50,0.3,193,0,25.83,8.19,1.09,0,1.06,0,2.09,5.093,25.19,95,25.1
15-11-2019 03:00,0.3,163,0,25.84,8.19,1.13,0,0.88,0,2.03,5.108,25.2,95,25.2
15-11-2019 03:10,0.3,168,0,25.86,8.17,1.11,0,1,0,2.17,5.113,25.2,95,25.3
15-11-2019 03:20,0.3,143,0,25.89,8.16,1.1,0,0.98,0,2.06,5.127,25.2,95,25.4
15-11-2019 03:30,0.2,180,0,25.92,8.18,1.09,0,0.94,0,2.03,5.136,25.2,95,25.3
15-11-2019 03:40,0.2,180,0,25.93,8.17,1.04,0,0.89,0,1.99,5.143,25.2,95,25.3
15-11-2019 03:50,0.2,180,0,25.95,8.15,1.08,0,0.95,0,2.24,5.148,25.2,95,25.2
15-11-2019 04:00,0.2,213,0,25.96,8.12,1.05,0,0.95,0,2.26,5.159,25.2,95,25.2
15-11-2019 04:10,0.4,181,0,25.97,8.1,1.05,0,1.06,0,2,5.167,25.2,95,25.1
15-11-2019 04:20,0.4,176,0,25.96,8.08,1.03,0,1.03,0,2.15,5.178,25.21,95,25
15-11-2019 04:30,0.3,97,0,25.94,8.09,1.03,0,0.91,0,1.54,5.175,25.21,95,25
15-11-2019 04:40,0.4,100,0,25.92,8.07,1.04,0,0.92,0,2.24,5.2,25.21,95,25
15-11-2019 04:50,0.4,90,0,25.9,8.07,1.03,0,0.96,0,1.95,5.203,25.21,95,25
15-11-2019 05:00,0.4,106,0,25.88,8.07,1.01,0,1.01,0,1.79,5.203,25.21,95,25.1
15-11-2019 05:10,0.3,111,0,25.87,8.06,1.03,0,1.02,0,2.14,5.218,25.21,95,25.1
15-11-2019 05:20,0.4,109,0,25.85,8.06,1.01,0,0.87,0,1.92,5.222,25.22,94,25.1
15-11-2019 05:30,0.3,117,0,25.84,8.06,1.03,0,0.94,0,2.17,5.221,25.22,94,25.1
15-11-2019 05:40,0.3,114,0,25.83,8.07,1,0,0.93,0,1.88,5.229,25.22,94,25.2
15-11-2019 05:50,0.2,132,0,25.82,8.06,1.02,0,0.94,0,2.2,5.218,25.22,94,25.2
15-11-2019 06:00,0.3,193,0,25.82,8.07,1.03,0,0.97,0,1.74,5.225,25.23,94,25.2
15-11-2019 06:10,0.3,187,0,25.82,8.06,1.01,0,1.16,0,1.99,5.237,25.23,94,25.1
15-11-2019 06:20,0.3,160,0,25.82,8.05,1,0,0.94,0,1.98,5.244,25.23,94,25.2
15-11-2019 06:30,0.3,154,0,25.83,8.09,0.99,0,1.2,0,1.81,5.248,25.23,94,25.2
15-11-2019 06:40,0.3,144,0,25.85,8.13,0.99,0,1,0,2.02,5.249,25.24,94,25.3
15-11-2019 06:50,0.3,146,0,25.9,8.1,0.97,0,0.98,0,2.22,5.269,25.24,93,25.5
15-11-2019 07:00,0.4,90,0,25.97,8.09,0.93,0,0.84,0,2.1,5.315,25.24,93,25.6
15-11-2019 07:10,0.4,147,0,26.04,8.09,0.96,0,1.04,0,2.02,5.319,25.24,92,25.6
15-11-2019 07:20,0.4,146,0,26.11,8.07,0.94,0,0.94,0,1.48,5.328,25.24,92,25.8
15-11-2019 07:30,0.3,121,0,26.18,8.05,0.94,0,0.92,0,2.12,5.341,25.24,92,25.9
15-11-2019 07:40,0.5,90,0,26.24,8.06,0.87,0,1,0,2.14,5.335,25.25,91,25.9
15-11-2019 07:50,0.4,141,0,26.28,8.07,0.94,0,0.97,0,1.92,5.334,25.25,91,25.9
15-11-2019 08:00,0.4,167,0,26.34,8.06,0.94,0,0.96,0,2.03,5.355,25.26,90,26
15-11-2019 08:10,0.5,90,0,26.4,8.07,0.88,0,0.99,0,2.09,5.368,25.26,90,26.1
15-11-2019 08:20,0.5,93,0,26.46,8.09,0.89,0,0.93,0,2.03,5.389,25.26,90,26.3
15-11-2019 08:30,0.5,84,0,26.53,8.08,0.88,0,1,0,2,5.406,25.26,90,26.4
15-11-2019 08:40,0.4,86,0,26.61,8.08,0.88,0,0.99,0,2.18,5.435,25.27,89,26.5
15-11-2019 08:50,0.4,90,0,26.69,8.09,0.89,0,0.93,0,1.91,5.429,25.27,88,26.6
15-11-2019 09:00,0.8,79,0,26.81,8.07,0.85,0,0.86,0,1.81,5.451,25.27,86,26.7
15-11-2019 09:10,0.8,76,0,26.92,8.1,0.83,0,0.86,0,1.87,5.46,25.27,87,26.9
15-11-2019 09:20,0.7,73,0,27.05,8.1,0.84,0,0.93,0,2.05,5.491,25.27,87,27
15-11-2019 09:30,0.9,71,0,27.21,8.12,0.85,0,0.88,0,1.72,5.505,25.27,86,27.3
15-11-2019 09:40,0.7,73,0,27.39,8.13,0.76,0,0.9,0,1.98,5.527,25.27,85,27.5
15-11-2019 09:50,0.7,74,0,27.58,8.12,0.76,0,0.91,0,1.68,5.561,25.28,84,27.8
15-11-2019 10:00,0.7,72,0,27.8,8.13,0.74,0,0.83,0,1.74,5.58,25.27,84,28.1
15-11-2019 10:10,1,66,0,28,8.13,0.74,0,1.02,0,1.85,5.607,25.26,83,28.1
15-11-2019 10:20,0.8,69,0,28.25,8.14,0.74,0,0.89,0,1.91,5.633,25.26,81,28.7
15-11-2019 10:30,0.8,71,0,28.49,8.14,0.7,0,1.11,0,1.63,5.658,25.26,80,28.5
15-11-2019 10:40,0.9,68,0,28.67,8.12,0.7,0,0.84,0,1.57,5.663,25.26,83,28.3
15-11-2019 10:50,1.1,69,0,28.8,8.13,0.78,0,0.9,0,1.86,5.674,25.25,82,28.5
15-11-2019 11:00,0.9,58,0,28.96,8.09,0.67,0,0.91,0,1.76,5.716,25.26,79,28.8
15-11-2019 11:10,1,69,0,29.1,8.12,0.66,0,0.85,0,1.45,5.735,25.26,81,28.5
15-11-2019 11:20,0.7,70,0,29.24,8.14,0.7,0,0.97,0,1.89,5.763,25.26,82,28.4
15-11-2019 13:10,0.9,78,0,28.81,8.14,-0.36,0,0.33,0,0.22,8.4,25.26,81,27.7
15-11-2019 13:20,0.8,72,0,28.83,8.14,-0.96,0,0.12,0,0.19,8.4,25.26,81,27.6
15-11-2019 13:30,1,74,0,28.82,8.13,-0.93,0,0.29,0,0.21,8.4,25.26,82,27.4
15-11-2019 13:40,1,72,0,28.81,8.14,-0.93,0,0.11,0,0.06,8.4,25.26,81,27.7
15-11-2019 13:50,0.8,72,0,28.88,8.14,-1.12,0,0.21,0,0.22,8.4,25.27,80,28
15-11-2019 14:00,0.7,72,0,28.95,8.14,-1.02,0,0.12,0,0.17,8.4,25.27,80,28.1
15-11-2019 14:10,1.1,67,0,28.97,8.16,-1.14,0,0.21,0,0.22,8.4,25.26,84,27.7
15-11-2019 15:20,0.7,71,0,,8.14,-1.37,0,0.26,0,0.1,,25.27,78,28.4
15-11-2019 15:30,0.7,68,0,,8.16,-1.34,0,0.21,0,0,,25.26,78,28.7
15-11-2019 15:40,0.9,67,0,,8.17,-0.01,0,0.12,0,0,,25.26,76,28.6
15-11-2019 15:50,0.8,66,0,,8.17,-0.01,0,0.12,0,0,,25.25,76,28.8
15-11-2019 16:00,0.7,68,0,,8.13,-0.01,0,0.12,0,0,,25.26,76,29
15-11-2019 16:10,0.8,67,0,29.04,8.1,-0.01,0,0.12,0,0,,25.28,75,29.1
15-11-2019 16:20,1.1,66,0,29.06,8.09,-0.01,0,0.12,0,0,,25.27,77,28.7
15-11-2019 16:30,0.8,67,0,28.92,8.09,-0.01,0,0.12,0,0,,25.27,77,28.7
15-11-2019 16:40,1.2,67,0,28.46,8.11,0.02,0,0.12,0,0,,25.26,78,28.5
15-11-2019 16:50,1.1,67,0,28.49,8.12,0.03,0,0.12,0,0,,25.27,80,28.4
15-11-2019 17:00,1.3,67,0,28.51,8.13,0.03,0,0.12,0,0,,25.28,79,28.2
15-11-2019 17:10,1.3,67,0,28.53,8.13,0.03,0,0.12,0,0,,25.28,77,28.2
15-11-2019 17:20,1.1,66,0,28.58,8.14,-1.33,0,0.12,0,0,6.42,25.27,74,28.2
15-11-2019 17:30,0.9,70,0,28.51,8.14,-1.2,0,0.18,0,0,6.52,25.27,78,28
15-11-2019 17:40,1.1,72,0,28.53,8.15,-1.29,0,0.1,0,0,6.49,25.28,80,27.8
15-11-2019 17:50,1.3,72,0,28.5,8.19,-1.26,0,0.2,0,0,6.49,25.27,82,27.5
15-11-2019 18:00,1.5,72,0,28.44,8.19,-1.31,0,0.21,0,0,6.48,25.28,83,27.4
15-11-2019 18:10,1.4,73,0,28.33,8.18,-1.31,0,0.13,0,0,6.5,25.27,84,27.2
15-11-2019 18:20,1.3,74,0,28.23,8.19,-1.26,0,0.18,0,0.01,6.47,25.28,84,27.1
15-11-2019 18:30,0.9,76,0,28.1,8.2,-1.24,0,0.13,0,0.01,6.5,25.26,84,27
15-11-2019 18:40,1,72,0,28.01,8.19,-1.26,0,0.12,0,0,6.47,,86,27
15-11-2019 18:50,0.9,72,0,27.95,8.19,-1.29,0,0.23,0,0,6.47,,86,26.9
15-11-2019 19:00,0.8,77,0,27.88,8.19,-1.25,0,0.13,0,0,6.47,,86,27
15-11-2019 19:10,0.8,72,0,27.83,8.17,-1.25,0,0.12,0,0.17,6.47,,86,27
15-11-2019 19:20,0.7,76,0,27.79,8.16,-1.3,0,0.21,0,0,6.47,,86,27
15-11-2019 19:30,0.7,73,0,27.75,8.18,-1.25,0,0.13,0,0,6.46,,86,27
15-11-2019 19:40,0.6,71,0,27.73,8.17,-1.27,0,0.18,0,0,6.46,,86,27.1
15-11-2019 19:50,0.5,73,0,27.71,8.15,-1.26,0,0.21,0,0,6.46,,86,27.1
15-11-2019 20:00,0.5,73,0,27.69,8.12,-1.33,0,0.14,0,0.03,6.45,,86,27.1
15-11-2019 20:10,0.6,78,0,27.68,8.1,-1.3,0,0.22,0,0.1,6.45,,86,27.1
15-11-2019 20:20,0.6,75,0,27.66,8.08,-1.29,0,0.16,0,0.09,6.44,,87,27
15-11-2019 20:30,0.6,76,0,27.64,8.09,-1.31,0,0.27,0,0.12,6.44,,88,26.9
15-11-2019 20:40,0.7,76,0,27.62,8.07,-1.26,0,0.19,0,0.14,6.43,25.3,88,26.8
15-11-2019 20:50,0.8,77,0,27.58,8.07,-1.28,0,0.23,0,0,6.44,25.3,89,26.7
15-11-2019 21:00,0.7,77,0,27.55,8.07,-1.3,0,0.11,0,0,6.45,25.29,89,26.6
15-11-2019 21:10,0.6,78,0,27.51,8.06,-1.28,0,0.22,0,0,6.43,25.3,89,26.6
15-11-2019 21:20,0.5,79,0,27.49,8.06,-1.29,0,0.18,0,0,6.44,25.29,89,26.6
15-11-2019 21:30,0.5,78,0,27.46,8.06,-1.26,0,0.12,0,0,6.43,25.29,88,26.6
15-11-2019 21:40,0.4,80,0,27.43,8.07,-1.28,0,0.23,0,0,6.43,25.3,88,26.6
15-11-2019 21:50,0.4,79,0,27.41,8.06,-1.28,0,0.16,0,0,6.43,25.29,88,26.7
15-11-2019 22:00,0.6,79,0,27.41,8.07,-1.28,0,0.12,0,0,6.42,25.29,87,26.7
15-11-2019 22:10,0.6,81,0,27.39,8.06,-1.26,0,0.38,0,0.02,6.43,25.29,86,26.6
15-11-2019 22:20,0.5,84,0,27.38,8.05,-1.3,0,0.14,0,0,6.42,25.29,86,26.6
15-11-2019 22:30,0.4,84,0,27.36,8.09,-1.31,0,0.14,0,0,6.42,25.29,85,26.6
15-11-2019 22:40,0.6,82,0,27.34,8.13,-1.26,0,0.21,0,0.02,6.42,25.29,85,26.6
15-11-2019 22:50,0.4,86,0,27.32,8.1,-1.27,0,0.2,0,0,6.42,25.29,86,26.6
15-11-2019 23:00,0.5,82,0,27.3,8.09,-1.26,0,0.17,0,0,6.43,25.29,88,26.4
15-11-2019 23:10,0.5,82,0,27.26,8.09,-1.32,0,0.24,0,0,6.43,25.29,89,26.4
15-11-2019 23:20,0.4,86,0,27.24,8.07,-1.29,0,0.14,0,0,6.43,25.29,88,26.4
15-11-2019 23:30,0.4,86,0,27.22,8.05,-1.29,0,0.14,0,0,6.42,25.29,89,26.4
15-11-2019 23:40,0.4,87,0,27.2,8.06,-1.29,0,0.22,0,0,6.42,25.3,89,26.5
15-11-2019 23:50,0.4,86,0,27.18,8.07,-1.29,0,0.15,0,0,6.42,25.3,89,26.5
16-11-2019 00:00,0.5,85,0,27.17,8.06,-1.3,0,0.21,0,0,6.42,25.29,89,26.4
16-11-2019 00:10,0.4,87,0,27.16,8.07,-1.3,0,0.17,0,0.13,6.42,25.3,89,26.4
16-11-2019 00:20,0.4,90,0,27.15,8.09,-1.28,0,0.22,0,0.19,6.42,25.3,89,26.5
16-11-2019 00:30,0.3,95,0,27.14,8.08,-1.31,0,0.17,0,0,6.42,25.3,89,26.5
16-11-2019 00:40,0.4,87,0,27.13,8.08,-1.27,0,0.24,0,0.13,6.41,25.3,89,26.5
16-11-2019 00:50,0.3,97,0,27.13,8.09,-1.26,0,0.13,0,0,6.42,25.3,89,26.5
16-11-2019 01:00,0.3,91,0,27.12,8.07,-1.28,0,0.12,0,0,6.42,25.3,90,26.4
16-11-2019 01:10,0.4,84,0,27.11,8.1,-1.27,0,0.18,0,0.04,6.42,25.3,90,26.4
16-11-2019 01:20,0.4,85,0,27.11,8.1,-1.28,0,0.18,0,0.21,6.41,25.3,90,26.4
16-11-2019 01:30,0.4,90,0,27.09,8.12,-1.29,0,0.12,0,0.11,6.41,25.3,90,26.4
16-11-2019 01:40,0.3,90,0,27.08,8.13,-1.23,0,0.26,0,0.17,6.41,25.3,90,26.4
16-11-2019 01:50,0.2,116,0,27.08,8.12,-1.33,0,0.21,0,0,6.41,25.3,90,26.5
16-11-2019 02:00,0.3,86,0,27.08,8.13,-1.28,0,0.17,0,0,6.41,25.3,91,26.4
16-11-2019 02:10,0.3,90,0,27.07,8.13,-1.22,0,0.16,0,0.21,6.42,25.3,91,26.3
16-11-2019 02:20,0.3,90,0,27.06,8.14,-1.28,0,0.16,0,0.06,6.42,25.31,91,26.3
16-11-2019 02:30,0.2,136,0,27.06,8.14,-1.31,0,0.18,0,0.29,6.41,25.31,91,26.4
16-11-2019 02:40,0.3,177,0,27.05,8.12,-1.27,0,0.29,0,0.2,6.42,25.31,91,26.4
16-11-2019 02:50,0.2,141,0,27.06,8.13,-1.3,0,0.17,0,0.03,6.42,25.31,91,26.4
16-11-2019 03:00,0.2,119,0,27.06,8.09,-1.27,0,0.12,0,0.14,6.41,25.31,91,26.4
16-11-2019 03:10,0.3,163,0,27.06,8.12,-1.27,0,0.18,0,0,6.42,25.31,91,26.4
16-11-2019 03:20,0.3,126,0,27.07,8.14,-1.29,0,0.12,0,0.04,6.41,25.31,91,26.3
16-11-2019 03:30,0.3,104,0,27.07,8.14,-1.3,0,0.27,0,0.19,6.4,25.31,91,26.3
16-11-2019 03:40,0.2,140,0,27.07,8.14,-1.26,0,0.15,0,0,6.41,25.31,91,26.4
16-11-2019 03:50,0.3,112,0,27.07,8.13,-1.27,0,0.24,0,0.05,6.4,25.31,91,26.2
16-11-2019 04:00,0.3,113,0,27.06,8.14,-1.27,0,0.15,0,0.11,6.4,25.31,92,26.2
16-11-2019 04:10,0.4,116,0,27.04,8.14,-1.29,0,0.26,0,0.03,6.4,25.31,92,26.1
16-11-2019 04:20,0.4,124,0,27.03,8.14,-1.26,0,0.31,0,0.14,6.4,25.31,91,26.1
16-11-2019 04:30,0.4,102,0,27.01,8.16,-1.29,0,0.12,0,0.08,6.4,25.31,91,26
16-11-2019 04:40,0.5,94,0,26.98,8.14,-1.29,0,0.17,0,0.11,6.4,25.31,91,26
16-11-2019 04:50,0.6,92,0,26.95,8.16,-1.3,0,0.16,0,0.04,6.41,25.29,91,25.9
16-11-2019 05:00,0.6,82,0,26.91,8.17,-1.24,0,0.19,0,0.13,6.42,25.31,91,25.9
16-11-2019 05:10,0.5,94,0,26.87,8.17,-1.28,0,0.17,0,0.11,6.4,25.31,91,25.8
16-11-2019 05:20,0.5,94,0,26.83,8.13,-1.27,0,0.11,0,0.13,6.4,25.32,91,25.8
16-11-2019 05:30,0.4,90,0,26.8,8.1,-1.31,0,0.16,0,0.1,6.4,25.32,91,25.8
16-11-2019 05:40,0.6,85,0,26.77,8.09,-1.27,0,0.21,0,0.06,6.4,25.32,91,25.8
16-11-2019 05:50,0.4,86,0,26.73,8.09,-1.29,0,0.23,0,0,6.39,25.32,92,25.8
16-11-2019 06:00,0.5,87,0,26.7,8.11,-1.25,0,0.1,0,0.33,6.4,25.33,92,25.7
16-11-2019 06:10,0.5,90,0,26.67,8.12,-1.28,0,0.17,0,0.02,6.39,25.33,92,25.7
16-11-2019 06:20,0.4,85,0,26.65,8.13,-1.27,0,0.18,0,0.29,6.39,25.33,92,25.7
16-11-2019 06:30,0.4,97,0,26.63,8.13,-1.26,0,0.2,0,0.19,6.39,25.32,91,25.8
16-11-2019 06:40,0.3,100,0,26.63,8.14,-1.3,0,0.18,0,0.01,6.38,25.33,91,25.8
16-11-2019 06:50,0.4,115,0,26.62,8.14,-1.34,0,0.22,0,0.05,6.37,25.33,91,25.9
16-11-2019 07:00,0.4,109,0,26.63,8.15,-1.26,0,0.15,0,0,6.38,25.33,90,25.9
16-11-2019 07:10,0.5,115,0,26.65,8.19,-1.28,0,0.12,0,0.07,6.37,25.33,90,26
16-11-2019 07:20,0.4,102,0,26.68,8.19,-1.21,0,0.28,0,0,6.36,25.33,90,26.1
16-11-2019 07:30,0.5,84,0,26.71,8.18,-1.29,0,0.26,0,0.05,6.35,25.34,89,26.3
16-11-2019 07:40,0.3,145,0,26.75,8.19,-1.25,0,0.16,0,0.05,6.34,25.33,89,26.4
16-11-2019 07:50,0.4,90,0,26.82,8.2,-1.23,0,0.23,0,0.16,6.34,25.34,88,26.6
16-11-2019 08:00,0.5,81,0,26.89,8.19,-1.26,0,0.14,0,0,6.34,25.31,87,26.9
16-11-2019 08:10,0.4,91,0,26.97,8.19,-1.24,0,0.23,0,0.15,6.32,25.32,86,27.1
16-11-2019 08:20,0.4,78,0,27.07,8.19,-1.26,0,0.14,0,0.15,6.31,25.32,85,27.4
16-11-2019 08:30,0.5,79,0,27.19,8.17,-1.24,0,0.19,0,0.21,6.3,25.32,85,27.6
16-11-2019 08:40,0.5,78,0,27.32,8.16,-1.26,0,0.17,0,0.01,6.27,25.32,84,27.8
16-11-2019 08:50,0.6,73,0,27.44,8.18,-1.27,0,0.2,0,0.06,6.27,25.32,83,28
16-11-2019 09:00,0.6,90,0,27.59,8.17,-1.28,0,0.17,0,0.13,6.26,25.32,83,27.9
16-11-2019 09:10,0.5,77,0,27.72,8.15,-1.28,0,0.21,0,0.18,6.23,25.33,83,28.2
16-11-2019 09:20,0.3,90,0,27.88,8.12,-1.2,0,0.12,0,0.15,6.21,25.33,82,28.4
16-11-2019 09:30,0.7,75,0,28.04,8.1,-1.23,0,0.17,0,0,6.2,25.33,80,28.7
16-11-2019 09:40,0.7,73,0,28.22,8.08,-1.28,0,0.18,0,0,6.17,25.33,80,29
16-11-2019 09:50,0.7,79,0,28.42,8.09,-1.25,0,0.24,0,0,6.15,25.33,79,29
16-11-2019 10:00,0.9,68,0,28.59,8.07,-1.23,0,0.14,0,0,6.14,25.33,78,29
16-11-2019 10:10,0.8,73,0,28.77,8.07,-1.21,0,0.14,0,0,6.12,25.33,76,29.4
16-11-2019 10:20,1.4,70,0,28.95,8.07,-1.25,0,0.15,0,0,6.09,25.33,76,29.4
16-11-2019 10:30,1.4,72,0,29.15,8.06,-1.28,0,0.16,0,0,6.07,25.33,74,29.6
16-11-2019 10:40,1.3,69,0,29.31,8.06,-1.26,0,0.17,0,0,6.05,25.33,74,29.7
16-11-2019 10:50,0.9,71,0,29.5,8.06,-1.25,0,0.21,0,0,6.03,25.34,74,29.6
16-11-2019 11:00,0.9,69,0,29.61,8.07,-1.27,0,0.23,0,0,6.01,25.34,72,29.7
16-11-2019 11:10,1.2,70,0,29.75,8.06,-1.26,0,0.12,0,0,6,25.33,72,29.7
16-11-2019 11:20,1.8,72,0,29.94,8.07,-1.23,0,0.14,0,0,5.98,25.34,71,30.1
17-11-2019 17:50,2.1,325,0,27.34,8.06,6.96,0,3.65,0,23.26,7.88,25.33,82,26.8
17-11-2019 18:00,1.9,324,0,27.39,8.05,7.1,0,3.65,0,24.48,7.86,25.34,82,26.6
17-11-2019 18:10,1.9,322,0,27.37,8.09,7.1,0,3.56,0,25.27,7.87,25.34,82,26.6
17-11-2019 18:20,2.2,323,0,27.28,8.13,7.18,0,3.56,0,26.39,7.89,25.34,83,26.6
17-11-2019 18:30,3.6,348,0,27.36,8.1,7.23,0,3.54,0,27.05,7.88,25.33,85,26.5
17-11-2019 18:40,3,344,0,27.39,8.09,7.25,0,3.56,0,27.63,7.89,25.33,86,26.6
17-11-2019 18:50,3.1,339,0,29.27,8.13,-0.1,0,21.66,0,45.34,4.64,25.04,86,26.4
17-11-2019 19:00,3.7,340,0,29.27,8.1,-0.05,0,17.54,0,100.23,4.06,25.05,86,26.4
17-11-2019 19:10,3.7,340,0,29.28,8.09,-0.07,0,20.57,0,64.81,4.05,25.06,86,26.5
17-11-2019 19:20,3.6,342,0,29.27,8.09,-0.25,0,27.69,0,60.59,4.03,25.06,87,26.5
17-11-2019 19:30,3.8,342,0,29.27,8.11,-0.14,0,24.34,0,43.3,4.3,25.06,87,26.5
17-11-2019 19:40,4.1,348,0,29.27,8.12,0.03,0,30.47,0,51.84,4.47,25.06,87,26.6
17-11-2019 19:50,3.8,352,0,29.26,8.13,0.04,0,19.66,0,37.03,4.49,25.06,89,26.6
17-11-2019 20:00,3.5,342,0,29.26,8.13,0.13,0,23.95,0,47,4.53,25.06,90,26.6
17-11-2019 20:10,2.6,337,0,29.27,8.14,-0.4,0,18.34,0,39.5,4.72,25.05,91,26.5
17-11-2019 20:20,2.3,334,0,29.25,8.14,0.01,0,24.57,0,43.39,4.68,25.04,90,26.6
17-11-2019 20:30,2.6,336,0,29.25,8.15,-0.27,0,16.77,0,45.64,4.83,25.04,90,26.7
17-11-2019 20:40,2.2,332,0,29.3,8.19,-0.16,0,19.2,0,38.11,5.41,25.04,91,26.8
17-11-2019 20:50,1.9,331,0,29.3,8.19,-0.25,0,25.92,0,83.69,5.34,25.04,91,26.8
17-11-2019 21:00,2.5,338,0,29.28,8.18,-0.2,0,28.62,0,58.8,5.36,25.04,90,26.9
17-11-2019 21:10,2.5,336,0,29.3,8.19,-0.3,0,29.95,0,44.54,5.38,25.05,90,27
17-11-2019 21:20,2.6,341,0,29.28,8.2,-0.35,0,31.28,0,82.98,5.5,25.05,90,27.1
17-11-2019 21:30,2.9,339,0,29.29,8.19,-0.15,0,28.69,0,48.38,5.42,25.05,90,27.2
17-11-2019 21:40,3.1,341,0,29.3,8.19,-0.36,0,22.49,0,44.06,5.48,25.05,90,27.2
17-11-2019 21:50,2.5,336,0,29.3,8.19,-0.1,0,22.81,0,76.56,5.45,25.05,90,27.3
17-11-2019 22:00,2.4,335,0,29.3,8.17,0.16,0,20.22,0,56.47,5.15,25.06,90,27.3
17-11-2019 22:10,2.3,336,0,29.3,8.16,-0.27,0,19.22,0,46.66,5,25.07,90,27.6
17-11-2019 22:20,3.8,2,0,29.29,8.18,-0.37,0,17.84,0,43.67,5.22,25.06,88,27.9
17-11-2019 22:30,6.4,26,0,29.29,8.17,-0.11,0,21.61,0,42.51,5.22,25.06,91,27.1
17-11-2019 22:40,5.5,16,0,29.27,8.15,-0.1,0,17.85,0,45.43,4.84,25.07,93,27.2
17-11-2019 22:50,4.8,6,0,29.25,8.12,-0.35,0,21.16,0,48.21,4.37,25.07,92,27.4
17-11-2019 23:00,4.6,9,0,29.23,8.1,-0.31,0,38.85,0,62.64,4.19,25.07,91,27.6
17-11-2019 23:10,5.1,25,0,29.22,8.08,-0.18,0,20.56,0,42.35,4.06,25.07,87,28
17-11-2019 23:20,6,30,0,29.23,8.09,-0.25,0,13.46,0,34.5,3.99,25.08,85,28.2
17-11-2019 23:30,5.6,29,0,29.23,8.07,0,0,17.38,0,68.86,3.87,25.1,85,28.1
17-11-2019 23:40,5.5,28,0,29.16,8.07,-0.22,0,27.07,0,73.23,3.94,25.1,85,28.1
17-11-2019 23:50,5.2,23,0,29.14,8.07,-0.31,0,18.91,0,43.64,4.04,25.1,87,28
18-11-2019 00:00,4.5,24,0,29.15,8.06,-0.3,0,18.36,0,49.61,3.92,25.12,86,28
18-11-2019 00:10,5.7,35,0,29.15,8.06,-0.3,0,12.85,0,43.39,3.85,25.12,87,28.1
18-11-2019 00:20,5.6,41,0,29.17,8.06,-0.2,0,18.84,0,31.54,3.8,25.13,88,28.1
18-11-2019 00:30,5.9,41,0,29.19,8.07,0.06,0,20.68,0,53.11,3.83,25.14,86,28.1
18-11-2019 00:40,5.8,42,0,29.17,8.06,0.24,0,17.78,0,39.2,3.77,25.12,88,28.2
18-11-2019 00:50,5.4,39,0,29.17,8.07,0.07,0,14,0,38.17,3.8,25.13,88,28.2
18-11-2019 01:00,4.9,40,0,29.17,8.06,0.27,0,13.07,0,48.59,3.73,25.13,88,28.1
18-11-2019 01:10,5.3,40,0,29.16,8.05,0.2,0,15.63,0,38.75,3.6,25.14,86,28.2
18-11-2019 01:20,5.1,40,0,29.19,8.09,0.24,0,20.24,0,43.94,4.08,25.14,86,28.1
18-11-2019 01:30,5.3,39,0,29.21,8.13,0.09,0,39.14,0,59.89,4.48,25.14,87,28.1
18-11-2019 01:40,5.6,37,0,29.2,8.1,-0.11,0,18.98,0,43.88,4.24,25.14,87,28.1
18-11-2019 01:50,5.5,38,0,29.17,8.09,-0.01,0,24.76,0,35.78,4.03,25.15,87,28.1
18-11-2019 02:00,5.2,37,0,29.2,8.09,0.04,0,15.27,0,68.84,4.05,25.15,88,28.2
18-11-2019 02:10,4.8,42,0,29.16,8.07,-0.05,0,18.33,0,41.89,3.83,25.14,87,28.1
18-11-2019 02:20,4.3,46,0,29.14,8.05,-0.08,0,14.39,0,44.08,3.63,25.14,85,28.2
18-11-2019 02:30,4.4,46,0,29.14,8.06,-0.09,0,17.94,0,41.81,3.73,25.14,85,28.1
18-11-2019 02:40,4.2,44,0,29.15,8.07,-0.21,0,19.99,0,54.65,3.79,25.14,87,28.2
18-11-2019 02:50,4.4,41,0,29.14,8.06,0.19,0,17.33,0,44.79,3.64,25.14,88,28.2
18-11-2019 03:00,4.2,46,0,29.16,8.07,-0.02,0,17,0,36.42,3.89,25.14,88,28.2
18-11-2019 03:10,4.9,42,0,29.16,8.09,-0.05,0,24,0,52.33,4.09,25.14,88,28.3
18-11-2019 03:20,4.5,45,0,29.16,8.08,-0.07,0,16.5,0,38.79,3.94,25.14,87,28.2
18-11-2019 03:30,4,48,0,29.16,8.08,0.45,0,26.26,0,46.41,4.01,25.14,87,28.2
18-11-2019 03:40,4.2,46,0,29.16,8.09,-0.17,0,21.4,0,49.7,4.13,25.14,87,28.1
18-11-2019 03:50,3.7,49,0,29.16,8.07,0.12,0,25.16,0,56.11,3.8,25.16,87,28.1
18-11-2019 04:00,3.5,49,0,29.14,8.1,0.14,0,24.07,0,50.59,4.24,25.14,88,28.2
18-11-2019 04:10,3.7,38,0,29.15,8.1,-0.07,0,25.19,0,49.74,4.31,25.14,88,28.2
18-11-2019 04:20,3.6,33,0,29.14,8.12,-0.35,0,23.63,0,44.41,4.53,25.14,88,28.1
18-11-2019 04:30,3.6,37,0,29.14,8.13,-0.41,0,26.87,0,74.58,4.71,25.13,88,28.2
18-11-2019 04:40,2.9,33,0,29.14,8.12,-0.25,0,18.71,0,46.76,4.53,25.14,88,27.9
18-11-2019 04:50,2,356,0,29.16,8.13,-0.36,0,20.05,0,54.03,4.71,25.14,90,27.5
18-11-2019 05:00,2.1,334,0,29.15,8.13,-0.36,0,24.44,0,66.43,4.62,25.14,91,27.1
18-11-2019 05:10,2.2,337,0,29.13,8.14,-0.14,0,24.28,0,59.06,4.78,25.15,91,27
18-11-2019 05:20,2.2,341,0,29.14,8.14,-0.4,0,15.68,0,40.82,4.75,25.15,92,26.9
18-11-2019 05:30,2.3,345,0,29.15,8.12,-0.25,0,16.51,0,32.05,4.57,25.15,93,26.7
18-11-2019 05:40,2.3,341,0,29.12,8.13,-0.4,0,20.14,0,54.57,4.69,25.14,93,26.6
18-11-2019 05:50,2.4,334,0,29.14,8.09,-0.07,0,28.6,0,60.28,4.14,25.16,94,26.6
18-11-2019 06:00,2.3,337,0,29.11,8.12,-0.31,0,22.5,0,58.7,4.47,25.15,94,26.5
18-11-2019 06:10,2.1,337,0,29.08,8.14,-0.43,0,24.71,0,56.52,4.85,25.14,94,26.6
18-11-2019 06:20,1.6,326,0,29.1,8.14,-0.47,0,30.48,0,46.66,4.93,25.14,94,26.6
18-11-2019 06:30,2.5,317,0,29.11,8.14,-0.51,0,28.42,0,53.53,4.92,25.13,94,26.6
18-11-2019 06:40,1.9,326,0,29.12,8.13,-0.38,0,18.38,0,49.17,4.77,25.14,93,26.9
18-11-2019 06:50,1.9,331,0,29.11,8.14,-0.34,0,14.08,0,36.83,4.81,25.14,93,26.9
18-11-2019 07:00,2.1,324,0,29.11,8.14,-0.42,0,20.91,0,38.2,4.85,25.15,94,26.8
18-11-2019 07:10,2.8,340,0,29.11,8.14,-0.56,0,18.52,0,30.85,4.97,25.16,93,26.8
18-11-2019 07:20,2.9,334,0,29.12,8.16,-0.44,0,17.35,0,33.79,5.01,25.16,93,26.9
18-11-2019 07:30,2.7,338,0,29.13,8.14,-0.5,0,25.72,0,52.27,4.85,25.16,92,27
18-11-2019 07:40,2.6,341,0,29.11,8.16,-0.42,0,15.05,0,34.75,5.06,25.16,92,27.2
18-11-2019 07:50,2.7,341,0,29.15,8.17,-0.4,0,15.18,0,25.54,5.16,25.16,91,27.2
18-11-2019 08:00,2.9,337,0,29.14,8.17,-0.53,0,14.47,0,45.68,5.21,25.16,91,27
18-11-2019 08:10,2.7,336,0,29.15,8.16,-0.15,0,17.78,0,45.48,5.21,25.16,91,27.4
18-11-2019 08:20,2.3,337,0,29.18,8.15,-0.43,0,13.77,0,44.56,5.11,25.15,91,27.6
18-11-2019 08:30,2.3,340,0,29.18,8.16,-0.47,0,17.66,0,34.86,5.16,25.15,90,27.6
18-11-2019 08:40,2.6,351,0,29.17,8.17,-0.18,0,18.24,0,39.12,5.32,25.15,90,27.7
18-11-2019 08:50,2.5,341,0,29.22,8.15,-0.3,0,16.6,0,37.58,5.16,25.15,90,28.2
18-11-2019 09:00,3.9,22,0,29.25,8.16,-0.35,0,16.12,0,32.95,5.22,25.15,86,28.5
18-11-2019 09:10,4.8,35,0,29.25,8.16,-0.48,0,16.7,0,37.69,5.28,25.15,85,28.6
18-11-2019 09:20,4.8,39,0,29.26,8.17,-0.39,0,19.87,0,38.17,5.3,25.15,85,28.6
18-11-2019 09:30,4.9,40,0,29.27,8.17,-0.34,0,16.85,0,43.87,5.29,25.15,86,28.6
18-11-2019 09:40,5,42,0,29.3,8.17,-0.4,0,14.99,0,29.03,5.39,25.15,83,28.7
18-11-2019 09:50,4.6,41,0,29.33,8.17,-0.09,0,15.48,0,35.36,5.52,25.16,84,28.7
18-11-2019 10:00,4.8,36,0,29.35,8.17,-0.45,0,14.22,0,28.98,5.61,25.16,82,28.7
18-11-2019 10:10,4.4,39,0,29.37,8.18,-0.07,0,14.73,0,41.62,5.67,25.17,83,28.8
18-11-2019 10:20,4.8,43,0,29.39,8.18,-0.4,0,12.18,0,26.7,5.71,25.17,84,28.9
18-11-2019 10:30,4.6,41,0,29.38,8.17,-0.28,0,19.8,0,47.44,5.64,25.17,84,28.7
18-11-2019 10:40,4.5,45,0,29.4,8.17,-0.43,0,15.55,0,44.01,5.68,25.17,83,28.8
18-11-2019 10:50,4.2,49,0,29.44,8.16,-0.49,0,11.31,0,31.65,5.52,25.18,85,28.7
18-11-2019 11:00,3.8,56,0,29.47,8.16,-0.48,0,11.73,0,29.48,5.5,25.18,83,28.8
18-11-2019 11:10,3.7,58,0,29.53,8.17,-0.39,0,11.01,0,26.64,5.64,25.18,84,28.9
18-11-2019 11:20,3.4,54,0,29.53,8.2,-0.05,0,12.77,0,30.27,6,25.18,84,28.9
18-11-2019 11:30,3.5,49,0,29.58,8.21,-0.46,0,14.05,0,29.18,6.09,25.19,84,28.8
18-11-2019 11:40,3.6,53,0,29.61,8.22,-0.3,0,15.81,0,26.74,6.3,25.19,82,29.1
18-11-2019 11:50,3.7,48,0,29.61,8.24,0.85,0,17.6,0,41.67,6.51,25.19,82,28.9
18-11-2019 12:00,3.6,48,0,29.65,8.24,-0.17,0,14.75,0,36.05,6.52,25.2,85,28.9
18-11-2019 12:10,4,43,0,29.74,8.25,-0.45,0,15.45,0,32.85,6.62,25.2,84,28.9
18-11-2019 12:20,3.9,41,0,29.78,8.23,-0.27,0,16.11,0,34.86,6.33,25.2,82,28.9
18-11-2019 12:30,3.9,46,0,29.83,8.23,-0.34,0,14.27,0,28.91,6.51,25.2,82,28.9
18-11-2019 12:40,4.1,45,0,29.84,8.23,-0.29,0,12.04,0,25.43,6.5,25.2,82,28.9
18-11-2019 12:50,3.9,48,0,29.8,8.18,-0.32,0,11.78,0,24.24,5.96,25.19,83,28.9
18-11-2019 13:00,4.1,45,0,29.85,8.21,-0.46,0,13.19,0,30.58,6.41,25.19,84,28.9
18-11-2019 13:10,4,52,0,29.88,8.23,-0.31,0,15.6,0,47.51,6.77,25.19,83,28.9
18-11-2019 13:20,3.8,53,0,29.9,8.25,-0.18,0,16.41,0,34.94,7.02,25.18,84,28.9
18-11-2019 13:30,4.5,44,0,29.92,8.26,-0.07,0,20.21,0,45.8,7.16,25.18,84,28.8
18-11-2019 13:40,4.4,49,0,29.84,8.26,-0.14,0,22.56,0,43.59,7.16,25.19,84,28.8
18-11-2019 13:50,4.2,49,0,29.92,8.27,-0.15,0,17.61,0,44.22,7.32,25.18,83,28.9
18-11-2019 14:00,4.5,52,0,29.92,8.29,0.19,0,18.16,0,43.85,7.54,25.18,82,28.9
18-11-2019 14:10,4.2,52,0,29.93,8.28,0,0,20.38,0,50.95,7.61,25.18,83,28.9
18-11-2019 14:20,4,52,0,29.92,8.28,-0.17,0,19.89,0,50.92,7.52,25.17,83,28.9
18-11-2019 14:30,4,51,0,29.9,8.28,-0.17,0,23.27,0,52.83,7.53,25.17,83,28.9
18-11-2019 14:40,4.2,52,0,29.94,8.28,0.16,0,18.1,0,39.51,7.6,25.17,83,29
18-11-2019 14:50,4.2,53,0,29.88,8.29,0.04,0,22.81,0,48.83,7.79,25.17,83,28.9
18-11-2019 15:00,4.3,50,0,29.85,8.31,-0.17,0,24.11,0,63.33,8.01,25.17,84,28.9
18-11-2019 15:10,4,54,0,29.88,8.3,0.05,0,25.42,0,49.37,7.77,25.17,85,28.9
18-11-2019 15:20,4.2,47,0,29.86,8.31,-0.13,0,33.52,0,71.07,7.97,25.18,85,28.8
18-11-2019 15:30,4.2,48,0,29.83,8.32,-0.06,0,25.93,0,54.89,7.88,25.18,85,28.9
18-11-2019 15:40,4.4,46,0,29.83,8.34,-0.09,0,36.71,0,84.93,8.26,25.18,83,28.9
18-11-2019 15:50,4.7,46,0,29.8,8.34,-0.21,0,30.64,0,78.43,8.48,25.18,84,28.9
18-11-2019 16:00,4.7,39,0,29.82,8.33,0,0,37.46,0,78.44,8.09,25.17,85,28.8
18-11-2019 16:10,4.7,33,0,29.86,8.33,0.09,0,36.79,0,93.94,8.12,25.17,87,28.7
18-11-2019 16:20,4.5,36,0,29.95,8.34,0.54,0,27.37,0,59.69,8.09,25.16,85,28.9
18-11-2019 16:30,4.6,41,0,29.97,8.34,0.09,0,28.4,0,63.73,8.35,25.16,83,28.8
18-11-2019 16:40,4.3,42,0,29.99,8.35,-0.04,0,32.62,0,80.09,8.48,25.16,84,28.9
18-11-2019 16:50,4.2,43,0,29.96,8.34,-0.02,0,27.45,0,73.72,8.29,25.16,82,28.9
18-11-2019 17:00,4.4,42,0,29.9,8.32,-0.13,0,27.91,0,64.43,7.99,25.16,83,28.9
18-11-2019 17:10,4.7,44,0,29.91,8.33,0.05,0,28.46,0,61.5,7.98,25.16,83,28.8
18-11-2019 17:20,4.9,46,0,29.89,8.33,0.14,0,33.9,0,64.43,7.9,25.16,83,28.7
18-11-2019 17:30,4.7,43,0,29.85,8.3,0.2,0,35.06,0,87.32,7.79,25.16,85,28.7
18-11-2019 17:40,4.2,48,0,29.83,8.29,0.04,0,31.97,0,89.6,7.37,25.16,84,28.6
18-11-2019 17:50,4.5,46,0,29.83,8.27,0.09,0,41.05,0,95.52,7.31,25.17,84,28.6
18-11-2019 18:00,4.1,46,0,29.78,8.25,2.01,0,53.25,0,116.37,6.85,25.17,83,28.6
18-11-2019 18:10,4.4,43,0,29.77,8.25,0.12,0,39.18,0,105.67,6.77,25.17,83,28.6
18-11-2019 18:20,4.2,51,0,29.74,8.23,-0.11,0,34.86,0,98.46,6.7,25.17,84,28.6
18-11-2019 18:30,3.9,49,0,29.77,8.25,-0.15,0,27.97,0,73.88,6.82,25.17,84,28.6
18-11-2019 18:40,3.9,55,0,29.77,8.27,0,0,36.9,0,90.08,6.79,25.17,85,28.6
18-11-2019 18:50,3.7,56,0,29.78,8.27,-0.08,0,46.03,0,119.6,6.72,25.18,84,28.5
18-11-2019 19:00,3.8,55,0,29.78,8.26,0.26,0,35.72,0,68.38,6.64,25.18,86,28.6
18-11-2019 19:10,4.1,46,0,29.78,8.27,0.34,0,41.66,0,79.51,6.85,25.18,85,28.6
18-11-2019 19:20,3.7,58,0,29.79,8.28,0.03,0,25.84,0,59.27,7.05,25.18,84,28.6
18-11-2019 19:30,3.6,56,0,29.81,8.3,-0.05,0,33.73,0,80.31,7.21,25.18,85,28.6
18-11-2019 19:40,3.5,64,0,29.79,8.29,0.17,0,23.9,0,52.03,7.03,25.18,84,28.6
18-11-2019 19:50,3.9,60,0,29.79,8.29,-0.02,0,27.04,0,81.83,7.09,25.18,85,28.7
18-11-2019 20:00,4.3,65,0,29.78,8.29,-0.11,0,31.07,0,73.09,7.06,25.18,84,28.6
18-11-2019 20:10,4.2,56,0,29.76,8.28,0.71,0,41.39,0,108.39,6.92,25.18,84,28.6
18-11-2019 20:20,4.5,51,0,29.73,8.27,0.3,0,32.08,0,84.27,7.18,25.18,83,28.6
18-11-2019 20:30,4.3,50,0,29.73,8.26,-0.06,0,25.58,0,63.74,7.08,25.19,83,28.6
18-11-2019 20:40,4.1,52,0,29.62,8.24,-0.01,0,27.1,0,65.52,6.68,25.2,83,28.6
18-11-2019 20:50,3.7,49,0,29.71,8.25,-0.09,0,46.02,0,91.36,7.01,25.19,82,28.6
18-11-2019 21:00,3.6,51,0,29.69,8.24,-0.01,0,26.62,0,51.33,6.83,25.19,84,28.6
18-11-2019 21:10,3.4,53,0,29.71,8.24,-0.12,0,38.45,0,56.86,6.89,25.19,85,28.6
18-11-2019 21:20,3.2,58,0,29.7,8.23,-0.12,0,34.01,0,66.27,6.48,25.19,84,28.6
18-11-2019 21:30,3.1,57,0,29.69,8.24,-0.2,0,30.61,0,57.63,6.72,25.19,84,28.5
18-11-2019 21:40,3.2,49,0,29.69,8.26,-0.03,0,32.13,0,89.42,6.88,25.19,83,28.5
18-11-2019 21:50,3.1,55,0,29.68,8.27,-0.05,0,27.13,0,66.02,6.99,25.19,84,28.5
18-11-2019 22:00,3.3,50,0,29.69,8.28,0.04,0,38.85,0,102.28,6.84,25.19,85,28.5
18-11-2019 22:10,3.2,55,0,29.67,8.28,0,0,33.82,0,84.83,6.81,25.19,85,28.4
18-11-2019 22:20,3.1,56,0,29.66,8.28,-0.27,0,32.74,0,82.38,6.85,25.19,86,28.4
18-11-2019 22:30,3.1,58,0,29.65,8.27,-0.31,0,26.54,0,78.23,6.9,25.19,86,28.4
18-11-2019 22:40,3.5,51,0,29.66,8.27,-0.14,0,39.26,0,57.85,6.76,25.19,86,28.5
18-11-2019 22:50,3.1,54,0,29.65,8.26,-0.06,0,28.36,0,62.1,6.73,25.19,85,28.4
18-11-2019 23:00,3,54,0,29.65,8.25,-0.11,0,23.94,0,56.28,6.7,25.19,87,28.4
18-11-2019 23:10,2.9,60,0,29.64,8.24,0.24,0,23.6,0,60.27,6.46,25.19,87,28.4
18-11-2019 23:20,3.1,51,0,29.65,8.25,-0.09,0,26.05,0,48.83,6.46,25.19,86,28.5
18-11-2019 23:30,3.5,43,0,29.64,8.24,-0.08,0,27.41,0,52.35,6.36,25.19,86,28.5
18-11-2019 23:40,3.5,50,0,29.62,8.24,0.04,0,26.18,0,64.49,6.44,25.19,86,28.4
18-11-2019 23:50,3.4,62,0,29.62,8.24,-0.09,0,21.14,0,42.64,6.44,25.19,84,28.5
19-11-2019 00:00,3.6,56,0,29.6,8.24,0.14,0,20.34,0,49.32,6.49,25.19,85,28.4
19-11-2019 00:10,3.5,66,0,29.59,8.23,-0.29,0,23.68,0,54.81,6.41,25.19,84,28.4
19-11-2019 00:20,3.4,63,0,29.58,8.24,-0.05,0,24.09,0,62.93,6.34,25.2,84,28.3
19-11-2019 00:30,3.4,57,0,29.57,8.22,-0.07,0,26.34,0,72.86,6.13,25.2,84,28.4
19-11-2019 00:40,3,57,0,29.56,8.21,-0.04,0,30.27,0,46.23,6.01,25.2,84,28.3
19-11-2019 00:50,3,57,0,29.53,8.21,-0.02,0,32.26,0,84.42,6.1,25.2,83,28.2
19-11-2019 01:00,3,61,0,29.53,8.21,-0.24,0,25.19,0,47.94,6.07,25.2,82,28.3
19-11-2019 01:10,2.6,64,0,29.51,8.2,-0.22,0,35.75,0,78.26,5.9,25.2,84,28.3
19-11-2019 01:20,2.7,66,0,29.49,8.19,0.06,0,23.24,0,54.88,5.97,25.2,83,28.3
19-11-2019 01:30,2.6,58,0,29.48,8.2,-0.22,0,22.66,0,43.65,5.93,25.2,84,28.2
19-11-2019 01:40,2.7,51,0,29.47,8.19,-0.08,0,20.57,0,71.29,5.91,25.21,85,28.2
19-11-2019 01:50,2.5,55,0,29.46,8.18,-0.22,0,41.58,0,227.62,5.78,25.21,84,28.2
19-11-2019 02:00,2.5,56,0,29.45,8.19,-0.31,0,25.38,0,59.07,5.75,25.21,84,28.1
19-11-2019 02:10,2.5,62,0,29.45,8.18,-0.26,0,23.24,0,51.66,5.67,25.21,85,28.1
19-11-2019 02:20,2.3,58,0,29.42,8.18,1.19,0,21.02,0,59.48,5.88,25.21,85,28.1
19-11-2019 02:30,2.2,65,0,29.42,8.13,-0.16,0,22.84,0,49.94,5.76,25.21,85,28.1
19-11-2019 02:40,2.3,69,0,29.41,8.16,-0.4,0,23.64,0,48.84,5.64,25.22,84,28.1
19-11-2019 02:50,2.1,77,0,29.41,8.17,0.22,0,30.51,0,58.67,5.72,25.22,85,28.1
19-11-2019 03:00,2.2,86,0,29.39,8.16,-0.04,0,26.8,0,74.72,5.58,25.22,85,28.1
19-11-2019 03:10,2.1,70,0,29.38,8.17,-0.39,0,41.98,0,57.99,5.7,25.22,85,28.1
19-11-2019 03:20,1.8,69,0,29.38,8.18,-0.48,0,30.4,0,57.51,5.81,25.23,85,28.1
19-11-2019 03:30,1.3,78,0,29.4,8.18,-0.46,0,29.05,0,69.03,5.86,25.23,85,28
19-11-2019 03:40,1.4,63,0,29.39,8.17,-0.58,0,22.6,0,41.08,5.7,25.23,85,28
19-11-2019 03:50,1.8,63,0,29.41,8.17,-0.55,0,17.12,0,42.07,5.67,25.23,86,28.1
19-11-2019 04:00,1.6,66,0,29.43,8.17,-0.23,0,22.45,0,67.7,5.73,25.24,85,28
19-11-2019 04:10,2,62,0,29.42,8.16,-0.38,0,18.86,0,46.67,5.71,25.24,85,28.1
19-11-2019 04:20,1.9,63,0,29.39,8.17,-0.61,0,29.22,0,53.22,5.72,25.24,84,28.1
19-11-2019 04:30,1.6,57,0,29.38,8.17,-0.48,0,22.23,0,37.54,5.73,25.24,85,28.1
19-11-2019 04:40,1.7,62,0,29.39,8.16,-0.64,0,18.12,0,39.46,5.76,25.24,85,28
19-11-2019 04:50,1.7,60,0,29.39,8.17,-0.69,0,26.11,0,45.35,5.69,25.24,86,28
19-11-2019 05:00,1.9,48,0,29.39,8.18,-0.65,0,19.45,0,38.95,5.72,25.25,85,28
19-11-2019 05:10,1.3,301,0,29.38,8.18,-0.66,0,16.18,0,26.65,5.72,25.25,89,27.3
19-11-2019 05:20,0.9,322,0,29.39,8.18,-0.5,0,20.18,0,41.12,5.76,25.26,89,27.2
19-11-2019 05:30,1.3,301,0,29.4,8.17,-0.28,0,17,0,39.92,5.68,25.26,90,27.3
19-11-2019 05:40,1.7,287,0,29.39,8.17,-0.35,0,16.1,0,36.21,5.58,25.26,91,27.1
19-11-2019 05:50,1.8,264,0,29.41,8.16,-0.1,0,14.27,0,34.04,5.5,25.26,92,26.9
19-11-2019 06:00,2.2,280,0,29.39,8.16,-0.39,0,16.35,0,37.84,5.53,25.27,93,26.7
19-11-2019 06:10,2.3,286,0,29.37,8.16,-0.55,0,22.9,0,43.37,5.42,25.27,92,26.8
19-11-2019 06:20,2.2,285,0,29.37,8.16,-0.5,0,21.8,0,49.79,5.34,25.27,93,26.8
19-11-2019 06:30,2.1,281,0,29.36,8.15,-0.54,0,17.55,0,30.5,5.31,25.27,93,26.7
19-11-2019 06:40,2.5,281,0,29.35,8.15,-0.43,0,18.74,0,41.88,5.31,25.27,93,26.7
19-11-2019 06:50,2.6,276,0,29.36,8.14,-0.52,0,26.31,0,32.55,5.17,25.27,93,26.6
19-11-2019 07:00,2.3,278,0,29.33,8.15,-0.52,0,16.67,0,28.04,5.23,25.27,92,27
19-11-2019 07:10,2.2,292,0,29.34,8.15,-0.37,0,10.71,0,26.61,5.3,25.28,91,27.1
19-11-2019 07:20,2.5,297,0,29.34,8.15,-0.63,0,10.95,0,25.75,5.49,25.27,91,27.2
19-11-2019 07:30,2,301,0,29.35,8.16,-0.65,0,13.14,0,31.52,5.55,25.26,89,27.5
19-11-2019 07:40,2.3,292,0,29.37,8.17,-0.53,0,12.24,0,30.34,5.61,25.26,89,27.5
19-11-2019 07:50,2.8,285,0,29.39,8.15,-0.49,0,11.63,0,27.36,5.56,25.26,89,27.7
19-11-2019 08:00,2.1,275,0,29.41,8.15,-0.63,0,10.66,0,32.09,5.5,25.26,88,27.9
19-11-2019 08:10,1.3,305,0,29.43,8.15,-0.63,0,11.56,0,21.08,5.56,25.25,86,28.3
19-11-2019 08:20,0.9,312,0,29.47,8.14,-0.32,0,9.32,0,20.37,5.53,25.26,84,28.8
19-11-2019 08:30,0.6,32,0,29.52,8.13,-0.51,0,8.83,0,23.2,5.23,25.26,81,29.7
19-11-2019 08:40,0.7,43,0,29.55,8.14,-0.62,0,9.88,0,23.02,5.44,25.26,80,29.3
19-11-2019 08:50,1.2,66,0,29.62,8.15,-0.48,0,13.05,0,21.27,5.56,25.26,80,29.1
19-11-2019 09:00,1,49,0,29.65,8.16,-0.68,0,9.95,0,22.64,5.6,25.26,81,29.2
19-11-2019 09:10,1.3,47,0,29.73,8.17,-0.6,0,10.29,0,21.09,5.88,25.26,79,29
19-11-2019 09:20,1.9,63,0,29.79,8.18,-0.71,0,9.92,0,18.72,6,25.26,80,29
19-11-2019 09:30,1.9,67,0,29.8,8.19,-0.59,0,7.99,0,17.39,5.98,25.27,79,29.1
19-11-2019 09:40,2.1,69,0,29.89,8.2,-0.52,0,11.28,0,18.94,6.05,25.27,80,29.2
19-11-2019 09:50,2.4,74,0,29.88,8.21,-0.59,0,11.78,0,19.39,6.23,25.26,79,29.1
19-11-2019 10:00,2.4,84,0,30.02,8.21,-0.61,0,7.68,0,15.27,6.39,25.27,79,29.2
19-11-2019 10:10,2.1,76,0,29.98,8.22,-0.5,0,8.4,0,22.25,6.5,25.26,79,29.2
19-11-2019 10:20,1.9,76,0,30.06,8.23,-0.25,0,9.77,0,18.63,6.67,25.26,79,29.3
19-11-2019 10:30,2.2,79,0,29.9,8.24,-0.55,0,9.85,0,22.25,6.91,25.25,79,29.2
19-11-2019 10:40,2.4,82,0,29.83,8.25,-0.48,0,11.67,0,27.76,6.83,25.26,79,29.2
19-11-2019 10:50,2.5,82,0,30.07,8.25,-0.32,0,10.87,0,19.76,7.09,25.28,81,29.2
19-11-2019 11:00,2.3,81,0,30.16,8.25,-0.07,0,8.76,0,23.34,7.28,25.27,79,29.3
19-11-2019 11:10,2.4,80,0,30.19,8.27,-0.6,0,9.21,0,19.39,7.29,25.27,79,29.3
19-11-2019 11:20,2.5,76,0,30.06,8.28,-0.62,0,10.07,0,25.49,7.43,25.26,80,29.2
19-11-2019 11:30,2.8,82,0,30.02,8.29,-0.56,0,8.1,0,22.39,7.5,25.27,80,29.4
19-11-2019 11:40,3,76,0,30.31,8.29,-0.52,0,15.68,0,19.21,7.55,25.28,80,29.1
19-11-2019 11:50,3.2,66,0,30.31,8.29,-0.46,0,10.65,0,21.47,7.67,25.28,81,29.2
19-11-2019 12:00,3,62,0,30.31,8.3,-0.42,0,10.86,0,21.46,7.82,25.27,81,29
19-11-2019 12:10,2.7,60,0,30.25,8.31,2.43,0,11.83,0,24.67,7.87,25.27,82,29
19-11-2019 12:20,3,47,0,30.43,8.32,-0.31,0,10.74,0,18.99,8.07,25.28,80,29.2
19-11-2019 12:30,3.1,51,0,30.36,8.33,-0.19,0,13.04,0,29.5,8.35,25.27,80,29.1
19-11-2019 12:40,3.3,51,0,30.35,8.34,-0.57,0,11.15,0,20.34,8.39,25.28,80,29.2
19-11-2019 12:50,3.3,52,0,30.37,8.34,-0.36,0,10.94,0,28.93,8.59,25.27,81,29.3
19-11-2019 13:00,3.1,65,0,30.37,8.35,-0.35,0,7.31,0,23.25,8.36,25.28,81,29.3
19-11-2019 13:10,2.9,72,0,30.42,8.34,-0.06,0,16.52,0,38.31,8.8,25.26,79,29.4
19-11-2019 13:20,3.7,55,0,30.14,8.29,2.48,0,2.02,0,6.31,8.22,,80,29.1
19-11-2019 13:30,4.8,28,0,30.06,8.04,1.37,0,1.94,0,16.39,7.86,,80,28.9
19-11-2019 13:40,3.8,359,0,30.69,,1.77,0,3.47,0,12.88,8.02,,77,29
19-11-2019 17:40,4.6,12,0,27.03,,2.7,0,1.97,0,18.48,8.04,,88,27.7
19-11-2019 17:50,3.9,18,0,26.75,,3.06,0,2.03,0,16.92,8.1,,86,27.5
19-11-2019 18:00,3.6,13,0,27.21,,2.94,0,2.22,0,19.33,7.98,,88,27.4
19-11-2019 18:10,3.1,359,0,27.05,,3.02,0,2.06,0,16.07,8.02,,89,27.2
19-11-2019 18:20,2.7,1,0,27.15,,2.77,0,2.06,0,17.26,7.98,,90,27
19-11-2019 18:30,2.5,7,0,27.07,,3.4,0,2.06,0,17.39,8,,90,27
19-11-2019 18:40,2.4,6,0,27.09,,2.81,0,1.96,0,16.11,8,,90,27.2
19-11-2019 18:50,2.8,354,0,27.08,,3.23,0,1.76,0,16.9,8,,91,27.1
19-11-2019 19:00,3.1,6,0,27.18,,2.95,0,1.98,0,17.63,7.97,,89,27.1
19-11-2019 19:10,2.9,358,0,29.69,8.09,0.9,0,23.82,0,72.08,5.63,25.3,90,27.2
19-11-2019 19:20,3.3,351,0,29.71,8.12,0.98,0,19.36,0,45.69,5.64,25.3,90,27.2
19-11-2019 19:30,3.7,339,0,29.71,8.14,1.02,0,22.99,0,56.79,5.66,25.29,90,27
19-11-2019 19:40,4,353,0,29.71,8.13,0.93,0,15.8,0,30.93,5.5,25.3,90,27.3
19-11-2019 19:50,3.8,4,0,29.72,8.14,0.92,0,21.47,0,50.29,5.6,25.29,88,27.4
19-11-2019 20:00,3.8,4,0,29.72,8.13,0.96,0,20.21,0,50.28,5.41,25.29,88,27.6
19-11-2019 20:10,4.2,5,0,29.69,8.14,0.8,0,24.14,0,73.26,5.28,25.3,86,27.7
19-11-2019 20:20,4.5,4,0,29.69,8.14,0.71,0,17.54,0,35.7,5.37,25.29,84,27.8
19-11-2019 20:30,4,6,0,29.71,8.15,0.93,0,17.04,0,37.38,5.52,25.29,84,27.8
19-11-2019 20:40,3.9,357,0,29.69,8.15,0.88,0,15.21,0,37.06,5.38,25.29,85,27.8
19-11-2019 20:50,3.3,347,0,29.69,8.15,0.96,0,11.09,0,22.56,5.29,25.29,86,27.6
19-11-2019 21:00,3.2,349,0,29.69,8.15,0.83,0,15.52,0,47.44,5.32,25.29,86,27.6
19-11-2019 21:10,3,338,0,29.69,8.15,0.77,0,18.86,0,43.6,5.5,25.29,85,27.4
19-11-2019 21:20,3.1,335,0,29.69,8.15,0.79,0,10.86,0,23.65,5.35,25.29,86,27.2
19-11-2019 21:30,3.2,332,0,29.69,8.14,0.96,0,12.01,0,30.34,5.2,25.29,88,27.1
19-11-2019 21:40,3.3,340,0,29.67,8.13,1.14,0,13.04,0,25.15,5.06,25.29,88,27
19-11-2019 21:50,3.2,341,0,29.67,8.13,0.84,0,12.98,0,28.35,4.92,25.29,88,27.1
19-11-2019 22:00,3.3,340,0,29.67,8.14,1.05,0,11.83,0,28.23,4.96,25.29,88,27.1
19-11-2019 22:10,3.1,329,0,29.66,8.15,1.52,0,16.96,0,44.01,5.26,25.3,89,26.8
19-11-2019 22:20,3.3,331,0,29.66,8.18,0.85,0,15.76,0,35.04,5.59,25.3,89,26.6
19-11-2019 22:30,3.5,331,0,29.66,8.19,0.93,0,12.96,0,22.29,5.66,25.29,90,26.6
19-11-2019 22:40,2.9,329,0,29.67,8.21,0.83,0,11.51,0,26.9,6,25.3,91,26.5
19-11-2019 22:50,3.4,330,0,29.68,8.21,0.87,0,14.19,0,39.83,6.09,25.3,90,26.5
19-11-2019 23:00,3.3,341,0,29.66,8.21,1.4,0,12.53,0,30.84,5.86,25.3,90,26.6
19-11-2019 23:10,3.5,341,0,29.66,8.2,1.18,0,13.5,0,33.19,5.88,25.3,92,26.5
19-11-2019 23:20,3,334,0,29.66,8.19,1,0,15.12,0,28.24,5.77,25.3,92,26.4
19-11-2019 23:30,2.8,330,0,29.66,8.2,0.87,0,13.59,0,35.17,5.67,25.3,92,26.4
19-11-2019 23:40,2.6,327,0,29.65,8.19,1.11,0,13.13,0,28.88,5.54,25.3,92,26.4
19-11-2019 23:50,2.8,342,0,29.64,8.19,1.09,0,13.08,0,29.41,5.44,25.3,91,26.4
20-11-2019 00:00,2.2,335,0,29.63,8.18,1.12,0,9.22,0,23.03,5.23,25.3,91,26.4
20-11-2019 00:10,2.3,340,0,29.62,8.16,0.97,0,10.94,0,36.93,5.07,25.3,91,26.5
20-11-2019 00:20,2.5,351,0,29.62,8.15,0.91,0,14.06,0,35.97,5.01,25.3,91,26.8
20-11-2019 00:30,2.8,357,0,29.61,8.14,0.92,0,14.78,0,19.45,4.87,25.3,91,26.8
20-11-2019 00:40,2.9,335,0,29.61,8.14,1.19,0,10.61,0,21.85,4.76,25.3,92,26.7
20-11-2019 00:50,2.8,328,0,29.61,8.13,0.99,0,15.25,0,23.3,4.84,25.31,93,26.5
20-11-2019 01:00,3.1,343,0,29.6,8.14,0.94,0,12.25,0,25.26,4.89,25.31,92,26.5
20-11-2019 01:10,2.9,337,0,29.6,8.14,0.65,0,20.42,0,59.44,4.83,25.31,92,26.5
20-11-2019 01:20,3,332,0,29.59,8.14,0.94,0,13.48,0,29.22,4.63,25.31,93,26.4
20-11-2019 01:30,2.9,331,0,29.58,8.14,0.78,0,16.13,0,32.45,4.82,25.31,93,26.4
20-11-2019 01:40,2.8,344,0,29.58,8.14,0.75,0,10.17,0,22.57,4.73,25.31,93,26.5
20-11-2019 01:50,2.9,330,0,29.57,8.15,0.85,0,11.54,0,20.63,4.75,25.31,93,26.4
20-11-2019 02:00,2.5,324,0,29.56,8.14,0.71,0,16.73,0,50.6,4.82,25.31,94,26.4
20-11-2019 02:10,2.8,329,0,29.56,8.13,1.06,0,8.58,0,19.12,4.86,25.31,95,26.6
20-11-2019 02:20,3.1,347,0,29.54,8.13,0.78,0,11.8,0,32,4.98,25.31,95,26.5
20-11-2019 02:30,3.2,351,0,29.53,8.13,0.84,0,15.05,0,32.28,4.96,25.31,93,26.5
20-11-2019 02:40,4.6,25,0,29.51,8.12,0.99,0,10.96,0,29.98,4.85,25.31,91,27.1
20-11-2019 02:50,4.5,17,0,29.5,8.11,0.89,0,20.14,0,49.97,4.71,25.31,91,26.8
20-11-2019 03:00,3.8,13,0,29.51,8.09,0.92,0,16.26,0,38.48,4.56,25.31,90,26.6
20-11-2019 03:10,4,41,0,29.5,8.09,0.75,0,12.48,0,33.12,4.56,25.31,93,26.6
20-11-2019 03:20,3.7,61,0,29.46,8.08,0.94,0,18.81,0,40.26,4.53,25.29,90,26.1
20-11-2019 03:30,2.3,51,0,29.47,8.08,0.63,0,23.84,0,39.45,4.47,25.31,90,26.1
20-11-2019 03:40,2.2,27,0,29.46,8.07,0.85,0,11.7,0,32.25,4.36,25.31,91,26.5
20-11-2019 03:50,4.3,22,0,29.45,8.07,0.97,0,11.59,0,34.92,4.26,25.32,91,26.8
20-11-2019 04:00,3.9,30,0,29.47,8.06,0.96,0,14.53,0,37.09,4.16,25.32,90,26.9
20-11-2019 04:10,3.1,20,0,29.46,8.07,1.05,0,11.62,0,38.88,4.12,25.32,89,27
20-11-2019 04:20,1.7,340,0,29.45,8.06,0.83,0,14.62,0,31.8,4.09,25.32,92,26.5
20-11-2019 04:30,2.1,34,0,29.47,8.06,1.07,0,10.57,0,22.02,4.04,25.33,90,27.1
20-11-2019 04:40,5.3,38,0,29.45,8.06,1.07,0,15.27,0,28.89,4.02,25.33,87,27
20-11-2019 04:50,4.5,54,0,29.46,8.05,0.85,0,7.95,0,18,3.9,25.33,90,26.6
20-11-2019 05:00,3.9,78,0,29.46,8.03,1.1,0,9.47,0,16.5,3.44,25.32,92,26.2
20-11-2019 05:10,2.9,79,0,29.43,8.02,0.89,0,10.72,0,30.31,3.45,25.33,90,26.2
20-11-2019 05:20,3.3,73,0,29.45,8.01,1.12,0,10.75,0,28.11,3.39,25.33,90,26.5
20-11-2019 05:30,2.9,73,0,29.44,8.02,1.21,0,9.61,0,17.15,3.42,25.33,90,26.3
20-11-2019 05:40,2.4,70,0,29.44,8.03,0.88,0,9.21,0,27.54,3.48,25.33,89,26.4
20-11-2019 05:50,1.7,43,0,29.44,8.02,1.1,0,11.63,0,24.43,3.53,25.33,90,26.5
20-11-2019 06:00,2.1,6,0,29.45,8.03,1.25,0,19.68,0,30.15,3.63,25.34,91,26.5
20-11-2019 06:10,1.5,319,0,29.47,8.04,1.11,0,11.5,0,27.92,3.73,25.33,91,26.4
20-11-2019 06:20,1.2,255,0,29.46,8.04,1.15,0,17.7,0,25.62,3.7,25.34,91,26.4
20-11-2019 06:30,3.3,133,0,29.42,8.02,0.84,0,13.82,0,30.01,3.65,25.31,93,26.1
20-11-2019 06:40,2.3,121,0,29.41,8,1.39,0,8.5,0,26.49,3.47,25.32,92,26.2
20-11-2019 06:50,2,208,0,29.4,7.99,1.21,0,10.95,0,20.35,3.31,25.32,91,25.8
20-11-2019 07:00,0.8,183,0,29.4,8,1.15,0,8.26,0,20.69,3.37,25.32,90,26.1
20-11-2019 07:10,1,63,0,29.43,8.03,0.91,0,9.1,0,17.53,3.7,25.32,90,26.4
20-11-2019 07:20,1.1,21,0,29.43,8.03,1.07,0,14.6,0,22.15,3.77,25.32,89,26.5
20-11-2019 07:30,1.4,341,0,29.43,8.05,0.9,0,8.94,0,16.19,3.91,25.32,88,26.5
20-11-2019 07:40,1.2,311,0,29.45,8.09,0.95,0,9.98,0,24.25,4.39,25.33,89,26.6
20-11-2019 07:50,1.5,313,0,29.44,8.09,1.16,0,9.97,0,19.78,4.34,25.33,91,26.6
20-11-2019 08:00,1.6,328,0,29.45,8.09,1,0,6.68,0,18.76,4.34,25.33,91,26.8
20-11-2019 08:10,1.9,309,0,29.46,8.12,0.83,0,9.27,0,16.09,4.75,25.33,92,26.6
20-11-2019 08:20,1.7,300,0,29.47,8.12,0.87,0,9.28,0,14.93,4.74,25.33,89,26.6
20-11-2019 08:30,1.4,328,0,29.48,8.13,1.09,0,10.97,0,21.59,4.88,25.33,89,27
20-11-2019 08:40,1.5,334,0,29.49,8.14,0.8,0,7.68,0,16.23,5.12,25.33,90,27
20-11-2019 08:50,1.3,334,0,29.49,8.13,0.81,0,7.7,0,22.55,4.93,25.33,89,27.1
20-11-2019 09:00,1.1,326,0,29.5,8.14,0.89,0,10.01,0,20.98,5.02,25.33,90,27.3
20-11-2019 09:10,1.4,345,0,29.54,8.15,0.73,0,7.23,0,11.55,5.21,25.33,88,27.5
20-11-2019 09:20,1.2,2,0,29.56,8.15,0.78,0,13.31,0,15.95,5.26,25.34,87,27.8
20-11-2019 09:30,1.2,2,0,29.6,8.15,1.02,0,9.61,0,22.41,5.33,25.34,85,27.9
20-11-2019 09:40,1,17,0,29.67,8.15,0.72,0,10.07,0,28.06,5.36,25.33,84,28.1
20-11-2019 09:50,0.9,14,0,29.7,8.15,0.71,0,8.52,0,18.83,5.24,25.34,84,28.2
20-11-2019 10:00,1.1,27,0,29.76,8.13,0.66,0,6.85,0,20.87,5.15,25.33,84,28.1
20-11-2019 10:10,0.9,16,0,29.86,8.15,0.73,0,7.48,0,12.13,5.25,25.34,83,28.4
20-11-2019 10:20,1.3,39,0,29.92,8.14,0.66,0,6.43,0,18.65,5.21,25.34,83,28.2
20-11-2019 10:30,1.4,52,0,30.07,8.15,0.7,0,7.31,0,13.43,5.12,25.34,84,28.3
20-11-2019 10:40,1.2,40,0,30.09,8.14,0.93,0,6.8,0,14.18,5.05,25.33,84,28.4
20-11-2019 10:50,2.3,89,0,30.16,8.14,0.62,0,7.6,0,15.12,5.27,25.33,84,28.5
20-11-2019 11:00,2.4,91,0,30.26,8.15,0.61,0,6.98,0,15.94,5.44,25.35,86,28.4
20-11-2019 11:10,2.4,62,0,30.36,8.16,0.62,0,6.56,0,13.7,5.5,25.32,83,28.4
20-11-2019 11:20,2.6,66,0,30.34,8.16,0.67,0,8.44,0,16.3,5.57,25.34,84,28.5
20-11-2019 11:30,2.8,71,0,30.42,8.17,0.63,0,7.36,0,14.16,5.61,25.34,84,28.5
20-11-2019 11:40,2.8,69,0,30.35,8.18,0.69,0,6.75,0,15.42,5.87,25.33,86,28.5
20-11-2019 11:50,2.6,69,0,30.35,8.19,0.92,0,8.15,0,17.6,6.13,25.34,84,28.6
20-11-2019 12:00,2.8,70,0,30.33,8.21,0.68,0,8.67,0,17.39,6.21,25.34,81,28.7
20-11-2019 12:10,3.3,65,0,30.26,8.21,0.89,0,7.16,0,12.34,6.25,25.3,81,28.8
20-11-2019 12:20,3.4,66,0,30.24,8.22,0.92,0,9.16,0,20.13,6.44,25.33,82,28.6
20-11-2019 12:30,3.4,62,0,30.22,8.22,1,0,8.98,0,16.15,6.21,25.33,82,28.5
20-11-2019 12:40,3.4,58,0,30.21,8.22,0.9,0,10.01,0,22.57,6.43,25.33,83,28.7
20-11-2019 12:50,3.3,59,0,30.2,8.22,0.93,0,11.45,0,23.06,6.46,25.33,83,28.5
20-11-2019 13:00,3.3,61,0,30.22,8.23,0.73,0,8.56,0,25.92,6.54,25.34,84,28.5
20-11-2019 13:10,3.1,60,0,30.2,8.24,1.01,0,15.64,0,26.41,6.64,25.33,84,28.5
20-11-2019 13:20,3.4,56,0,30.21,8.25,0.95,0,8.24,0,16.8,6.64,25.33,82,28.7
20-11-2019 13:30,3.6,49,0,29.99,8.23,0.86,0,10.4,0,22.52,6.6,25.32,82,28.6
20-11-2019 13:40,3.7,58,0,30.04,8.24,0.98,0,12.34,0,17.9,6.79,25.33,83,28.7
20-11-2019 13:50,3.6,59,0,30.11,8.24,0.92,0,9.93,0,24.63,6.82,25.33,83,28.5
20-11-2019 14:00,4.1,49,0,30.06,8.24,1.12,0,12.52,0,30.29,6.84,25.32,85,28.6
20-11-2019 14:10,3.8,54,0,30.1,8.23,0.98,0,11.46,0,22.95,6.56,25.33,84,28.5
20-11-2019 14:20,4,54,0,30.09,8.23,0.89,0,12.14,0,25.63,6.74,25.33,85,28.5
20-11-2019 14:30,4.8,45,0,30.07,8.24,1.17,0,10.54,0,20.85,6.65,25.33,87,28.4
20-11-2019 14:40,4.6,56,0,30.06,8.22,1.11,0,12.46,0,25.52,6.5,25.33,86,28.4
20-11-2019 14:50,4.7,49,0,30.02,8.21,1.01,0,17.9,0,42.95,6.66,25.32,84,28.3
20-11-2019 15:00,4.2,45,0,30.03,8.19,1.14,0,16.03,0,31.83,6.6,25.32,85,28.5
20-11-2019 15:10,4.5,46,0,30.02,8.18,0.85,0,19.98,0,34.72,6.28,25.32,85,28.2
20-11-2019 15:20,4.5,53,0,29.91,8.17,0.83,0,19.02,0,43.37,5.95,25.32,86,28.3
20-11-2019 15:30,4.2,55,0,29.89,8.19,0.98,0,20.22,0,44.43,6.24,25.33,86,28.2
20-11-2019 15:40,4.6,49,0,29.86,8.2,0.99,0,20,0,58.6,6.18,25.32,85,28.1
20-11-2019 15:50,4.2,51,0,29.83,8.2,1.31,0,11.77,0,26.39,6.07,25.32,82,28.3
20-11-2019 16:00,4.2,54,0,29.82,8.18,0.85,0,20.75,0,34.63,5.94,25.32,83,28.3
20-11-2019 16:10,0,0,0,29.8,8.19,1.37,0,16.22,0,26.89,5.99,25.33,84,28.2
20-11-2019 16:20,0,0,0,29.8,8.19,1.31,0,13.49,0,25.24,5.95,25.33,85,28.2
20-11-2019 16:30,0,0,0,29.79,8.19,1.13,0,19.6,0,54.31,6.22,25.33,87,28
20-11-2019 16:40,4.7,45,0,29.81,8.19,1.01,0,16.91,0,34.16,6.31,25.33,88,28.1
20-11-2019 16:50,4.5,48,0,29.82,8.19,0.94,0,21.98,0,46.81,6.34,25.32,88,28
20-11-2019 17:00,4.2,50,0,29.85,8.18,1.05,0,25.32,0,54.54,6.2,25.33,85,28
20-11-2019 17:10,3.9,59,0,29.83,8.18,1.15,0,21.42,0,39.1,6.06,25.33,86,28.2
20-11-2019 17:20,4,59,0,29.84,8.15,0.83,0,23.35,0,60.9,5.62,25.32,87,28.1
20-11-2019 17:30,3.9,57,0,29.83,8.14,1.15,0,42.94,0,58.37,5.41,25.32,84,28.1
20-11-2019 17:40,3.9,55,0,29.81,8.12,1.05,0,30.96,0,62.37,5.17,25.32,85,28.2
20-11-2019 17:50,4,48,0,29.81,8.13,1.08,0,31.17,0,62.39,4.88,25.32,86,28.2
20-11-2019 18:00,4.1,46,0,29.8,8.11,1.14,0,27.17,0,61.71,4.64,25.32,84,28.3
20-11-2019 18:10,4.5,40,0,29.85,8.09,1.22,0,25.01,0,57.87,4.61,25.32,85,28.3
20-11-2019 18:20,4.5,43,0,29.9,8.1,1.22,0,27.13,0,58.42,4.85,25.32,87,28.3
20-11-2019 18:30,4.7,47,0,29.9,8.1,1.15,0,20.01,0,37.17,4.79,25.32,84,28.2
20-11-2019 18:40,4.9,44,0,29.86,8.1,1.07,0,16.98,0,32.76,4.75,25.33,85,28.4
20-11-2019 18:50,5.1,46,0,29.82,8.08,1.04,0,17.61,0,50.66,4.53,25.33,85,28.3
20-11-2019 19:00,4.8,45,0,29.82,8.07,0.93,0,24.08,0,51.55,4.48,25.33,86,28.4
20-11-2019 19:10,5,39,0,29.81,8.08,1.15,0,25.12,0,48.53,4.38,25.33,84,28.4
20-11-2019 19:20,5,43,0,29.82,8.06,1.01,0,20.2,0,47.7,4.13,25.32,84,28.4
20-11-2019 19:30,5.3,45,0,29.77,8.05,1.31,0,18.96,0,39.52,4.06,25.32,83,28.4
20-11-2019 19:40,5.8,46,0,29.77,8.05,1.17,0,20.45,0,49.89,4.1,25.32,85,28.3
20-11-2019 19:50,6,41,0,29.75,8.06,1.07,0,38.48,0,98.83,4.16,25.32,85,28.3
20-11-2019 20:00,6.3,43,0,29.71,8.04,1.23,0,15.73,0,33.33,4.11,25.32,85,28.3
20-11-2019 20:10,7.8,42,0,29.7,8.03,1.07,0,22.51,0,47.2,4.06,25.33,87,28.2
20-11-2019 20:20,7.9,38,0,29.64,8.03,1.26,0,14.91,0,47.89,4.24,25.33,86,28.2
20-11-2019 20:30,8,38,0,29.61,8.03,1.02,0,17.69,0,35.68,4.37,25.33,85,27.9
20-11-2019 20:40,8.2,40,0,29.58,8.03,0.98,0,11.71,0,25.82,4.32,25.34,88,27.4
20-11-2019 20:50,8.2,37,0,29.54,8.04,1.04,0,27.56,0,74.45,4.41,25.34,86,27
20-11-2019 21:00,6.9,39,0,29.57,8.02,1.17,0,16.07,0,40.32,3.85,25.34,88,27.2
20-11-2019 21:10,6.9,34,0,29.53,8.03,1.17,0,16.51,0,34.81,4.11,25.34,88,27
20-11-2019 21:20,6,39,0,29.72,8.05,1.13,0,15.21,0,28.74,4.3,25.35,84,27.3
20-11-2019 21:30,7.1,32,0,29.75,8.07,1.24,0,13.84,0,30.94,4.52,25.35,84,27.4
20-11-2019 21:40,7,28,0,29.8,8.09,1.03,0,30.85,0,63.53,4.79,25.36,86,27.5
20-11-2019 21:50,6.4,38,0,29.75,8.07,1.2,0,18.4,0,33.46,4.4,25.35,86,27.5
20-11-2019 22:00,7.2,43,0,29.77,8.08,1.14,0,12.22,0,36.94,4.58,25.36,89,27.5
20-11-2019 22:10,7,47,0,29.74,8.06,1.1,0,22.56,0,40.96,4.33,25.36,89,27.4
20-11-2019 22:20,7.2,48,0,29.73,8.05,1.1,0,19.96,0,51.24,4.22,25.35,87,27.2
20-11-2019 22:30,6.8,48,0,29.7,8.03,1.24,0,19.29,0,43.56,4.06,25.36,88,27.1
20-11-2019 22:40,6.7,42,0,29.7,8.05,1.18,0,18.03,0,32.68,4.23,25.36,92,26.8
20-11-2019 22:50,6.1,41,0,29.69,8.05,1.35,0,15.11,0,25.66,4.23,25.36,80,27.2
20-11-2019 23:00,6.3,47,0,29.69,8.05,1.11,0,29.58,0,52.31,4.31,25.36,90,26.7
20-11-2019 23:10,5,50,0,29.68,8.03,1.03,0,20.71,0,36.19,4.05,25.35,92,26.7
20-11-2019 23:20,5.4,48,0,29.69,8.04,1.29,0,20.88,0,38.59,4.07,25.35,88,27.2
20-11-2019 23:30,5.8,57,0,29.68,8.03,1.38,0,19.07,0,50.39,4.11,25.35,93,26.6
20-11-2019 23:40,6.4,65,0,29.67,8.03,1.06,0,18.58,0,67.91,4.04,25.35,91,26.5
20-11-2019 23:50,6.3,67,0,29.67,8.02,1.13,0,18.22,0,41.01,4.04,25.35,90,26.5
21-11-2019 00:00,4.4,60,0,29.66,8.03,1.03,0,11.36,0,23.22,4.12,25.35,86,27.2
21-11-2019 00:10,4.8,71,0,29.67,8.04,0.95,0,16.49,0,50.45,4.16,25.35,85,26.6
21-11-2019 00:20,5.4,93,0,29.66,8.04,1.24,0,15,0,37.68,4.28,25.35,88,26.4
21-11-2019 00:30,5.6,93,0,29.65,8.05,1.33,0,24.56,0,34.23,4.31,25.36,90,26.7
21-11-2019 00:40,4.3,76,0,29.63,8.04,0.97,0,16.55,0,31.21,4.27,25.36,89,27.2
21-11-2019 00:50,4.1,74,0,29.63,8.05,1.17,0,18.69,0,40.76,4.27,25.36,90,27.2
21-11-2019 01:00,4.6,80,0,29.62,8.05,0.85,0,15.93,0,34.78,4.29,25.36,93,26.7
21-11-2019 01:10,4.7,67,0,29.61,8.05,0.97,0,25.02,0,27.19,4.27,25.36,89,26.9
21-11-2019 01:20,4.1,69,0,29.62,8.05,0.95,0,24.02,0,50.81,4.25,25.36,86,27.6
21-11-2019 01:30,4.8,63,0,29.62,8.06,0.85,0,16.37,0,40.58,4.17,25.36,89,27.5
21-11-2019 01:40,6.2,57,0,29.61,8.04,1.03,0,18.91,0,34.08,4.09,25.36,89,27.5
21-11-2019 01:50,5.7,51,0,29.6,8.03,0.92,0,19.14,0,33.25,4.09,25.36,88,27.7
21-11-2019 02:00,6.1,64,0,29.59,8.03,0.93,0,15.7,0,36.82,4.07,25.36,89,27.9
21-11-2019 02:10,6.3,68,0,29.58,8.02,1.14,0,15.67,0,35.86,4.05,25.36,89,27.6
21-11-2019 02:20,7,67,0,29.56,8.02,0.97,0,16.25,0,29.83,4.06,25.37,87,27.2
21-11-2019 02:30,7.1,60,0,29.55,8.02,1.14,0,12.62,0,24.71,4.04,25.37,88,27.1
21-11-2019 02:40,6.3,61,0,29.54,8.02,1.17,0,15.24,0,33.03,4.04,25.37,92,26.9
21-11-2019 02:50,7.2,71,0,29.53,8.02,1.07,0,10.64,0,21.94,4.09,25.37,92,26.2
21-11-2019 03:00,8.8,70,0,29.5,8.02,1.25,0,10.8,0,27.82,4.15,25.37,93,26.2
21-11-2019 03:10,7.5,61,0,29.52,8.02,0.91,0,13.31,0,23.71,4.12,25.37,90,25.5
21-11-2019 03:20,5.3,59,0,29.5,8.02,1.12,0,23.18,0,38.77,4.14,25.37,88,25.7
21-11-2019 03:30,4.2,50,0,29.51,8.02,0.93,0,15.53,0,32.31,4.08,25.37,87,26.6
21-11-2019 03:40,4.5,53,0,29.51,8.02,0.93,0,14.93,0,25.91,4,25.37,87,27
21-11-2019 03:50,5.4,61,0,29.49,8.02,1.06,0,19.41,0,30.98,4.14,25.37,86,27.5
21-11-2019 04:00,5.3,65,0,29.49,8.02,0.8,0,13.4,0,31.4,4.12,25.37,87,27.4
21-11-2019 04:10,4.5,53,0,29.49,8.01,0.92,0,14.85,0,31.79,4.07,25.37,87,27.4
21-11-2019 04:20,3.7,48,0,29.47,8.01,0.97,0,14.13,0,32.17,4.03,25.37,87,27.1
21-11-2019 04:30,3.3,57,0,29.46,8.01,0.9,0,12.14,0,23.39,4.03,25.36,88,27.1
21-11-2019 04:40,5.5,48,0,29.46,8.01,0.9,0,16.7,0,26.61,3.99,25.37,89,26.2
21-11-2019 04:50,6.8,43,0,29.44,8.01,0.93,0,15.85,0,50.74,4,25.36,90,25.6
21-11-2019 05:00,6.2,32,0,29.42,8.01,1.02,0,12.17,0,26.64,4.02,25.37,82,26.7
21-11-2019 05:10,4.3,54,0,29.42,8.01,1.12,0,22.1,0,40.4,4.07,25.36,91,26.1
21-11-2019 05:20,3.8,103,0,29.36,8.01,0.93,0,8.2,0,24.68,4.14,25.29,93,26.1
21-11-2019 05:30,2.2,115,0,29.4,8,0.67,0,14.98,0,26.46,3.94,25.33,91,26.4
21-11-2019 05:40,2.2,83,0,29.39,8.01,1.04,0,17.8,0,34.76,4.07,25.33,88,27.1
21-11-2019 05:50,2.9,56,0,29.38,8.02,0.79,0,9.7,0,26.2,4.11,25.33,86,27.6
21-11-2019 06:00,7.1,51,0,29.36,8.02,0.88,0,10.62,0,21.61,4.07,25.34,88,27
21-11-2019 06:10,6.6,43,0,29.38,8.02,1.05,0,11.07,0,26.17,4.15,25.34,89,27
21-11-2019 06:20,5.4,12,0,29.38,8.02,0.8,0,12.53,0,25.09,4.15,25.36,90,26.8
21-11-2019 06:30,5.4,29,0,29.37,8.01,1.1,0,11.95,0,25.8,4.07,25.35,85,28.1
21-11-2019 06:40,6.9,59,0,29.38,8.01,0.85,0,8.21,0,21.21,4.07,25.35,82,28.2
21-11-2019 06:50,7.4,58,0,29.36,8.01,1.05,0,10.82,0,20.91,4.03,25.37,84,28.2
21-11-2019 07:00,7.7,52,0,29.35,8.02,0.98,0,11.32,0,15.32,4.08,25.37,84,28.2
21-11-2019 07:10,7.9,49,0,29.35,8.02,0.88,0,7.85,0,12.23,4.05,25.38,84,28.3
21-11-2019 07:20,6.8,58,0,29.36,8.02,1.14,0,7.4,0,19.36,4.11,25.37,84,28.3
21-11-2019 07:30,6.8,60,0,29.36,8.02,0.95,0,9.95,0,17.2,4.08,25.37,81,28.4
21-11-2019 07:40,6.8,59,0,29.36,8.01,1.23,0,7.04,0,15.17,4.06,25.37,80,28.3
21-11-2019 07:50,6.7,55,0,29.37,7.99,1.1,0,8.07,0,12.82,3.8,25.36,82,28.4
21-11-2019 08:00,6.8,53,0,29.37,7.99,1.05,0,9.18,0,19.46,3.87,25.37,81,28.3
21-11-2019 08:10,6.5,64,0,29.37,7.98,1.02,0,7.73,0,18.69,3.75,25.36,83,28.4
21-11-2019 08:20,7.1,67,0,29.39,7.97,1.16,0,7.23,0,15.54,3.71,25.36,83,28.5
21-11-2019 08:30,6.9,63,0,29.38,8.01,1.53,0,8.13,0,19.07,4.08,25.37,81,28.4
21-11-2019 08:40,6.6,62,0,29.38,8.02,1.15,0,6.46,0,15.38,4.19,25.37,81,28.5
21-11-2019 08:50,6.6,65,0,29.38,8.03,1.16,0,7.71,0,14.41,4.27,25.37,81,28.4
21-11-2019 09:00,6.7,62,0,29.38,8.03,1.15,0,7.39,0,15.72,4.3,25.37,81,28.5
21-11-2019 09:10,6.5,60,0,29.4,8.03,1.11,0,7.64,0,17.69,4.21,25.37,81,28.5
21-11-2019 09:20,6.5,60,0,29.41,8.03,1.49,0,7.09,0,16.06,4.23,25.37,79,28.6
21-11-2019 09:30,6.4,55,0,29.41,8.03,1.3,0,7.04,0,15.57,4.22,25.37,80,28.6
21-11-2019 09:40,6.4,61,0,29.42,8.02,1.28,0,7.79,0,11.7,4.27,25.37,79,28.6
21-11-2019 09:50,6.4,57,0,29.43,8.02,1.5,0,6.61,0,14.5,4.29,25.37,79,28.6
21-11-2019 10:00,6.9,49,0,29.43,8.03,1.32,0,9.14,0,15.97,4.32,25.37,79,28.6
21-11-2019 10:10,6.8,50,0,29.44,8.01,1.4,0,8.22,0,18.93,4.35,25.38,78,28.6
21-11-2019 10:20,6.2,56,0,29.46,8.02,0.95,0,7.72,0,18.2,4.35,25.38,79,28.7
21-11-2019 10:30,6.7,53,0,29.48,8.02,1,0,7.02,0,12.89,4.34,25.39,78,28.7
21-11-2019 10:40,6.4,52,0,29.49,8.01,1.22,0,11.38,0,17.6,4.41,25.39,78,28.7
21-11-2019 10:50,6.3,51,0,29.51,8.01,1.22,0,7.56,0,15.04,4.39,25.39,79,28.8
21-11-2019 11:00,6.2,51,0,29.53,8.02,1.05,0,7.05,0,15.69,4.43,25.39,78,28.7
21-11-2019 11:10,6.6,49,0,29.53,8.03,0.96,0,10.07,0,20.68,4.47,25.39,77,28.7
21-11-2019 11:20,6.1,47,0,29.56,8.03,1.21,0,9.17,0,23.5,4.56,25.39,75,28.8
21-11-2019 11:30,6.5,45,0,29.56,8.04,0.98,0,8.23,0,19.62,4.69,25.4,80,28.7
21-11-2019 11:40,6.3,48,0,29.56,8.04,0.95,0,10.15,0,21.43,4.78,25.4,74,28.6
21-11-2019 11:50,6.2,45,0,29.55,8.05,0.91,0,11.18,0,20.03,4.8,25.4,77,28.7
21-11-2019 12:00,6.3,49,0,29.55,8.04,1.21,0,9,0,19.85,4.85,25.4,76,28.7
21-11-2019 12:10,6.1,46,0,29.54,8.07,1.06,0,9.35,0,30.07,4.72,25.4,74,28.7
21-11-2019 12:20,6.3,47,0,29.56,8.08,1.29,0,8.43,0,17.77,4.93,25.4,74,28.8
21-11-2019 12:30,6.1,45,0,29.56,8.09,1.1,0,8.58,0,19.33,5.03,25.41,76,28.8
21-11-2019 12:40,6.3,49,0,29.59,8.09,1.27,0,8.93,0,16.97,5.12,25.4,76,28.8
21-11-2019 12:50,5.7,49,0,29.57,8.09,1.3,0,9.03,0,40.33,4.85,25.41,75,28.7
21-11-2019 13:00,5.9,49,0,29.6,8.1,1.49,0,17.23,0,34.98,5.24,25.4,78,28.8
21-11-2019 13:10,5.5,52,0,29.62,8.12,1.16,0,10.94,0,25.56,5.38,25.4,79,28.8
21-11-2019 13:20,6.1,49,0,29.63,8.13,1.64,0,16.7,0,50.99,5.67,25.4,78,28.7
21-11-2019 13:30,6.1,44,0,29.61,8.13,1.39,0,12.59,0,27.52,5.52,25.4,77,28.7
21-11-2019 13:40,6.3,46,0,29.61,8.14,1.32,0,20.69,0,49.26,5.78,25.39,76,28.6
21-11-2019 13:50,6.2,46,0,29.6,8.13,1.32,0,15.34,0,32.83,5.64,25.4,79,28.8
21-11-2019 14:00,6.2,45,0,29.6,8.14,1.42,0,18.93,0,32.7,5.63,25.4,78,28.7
21-11-2019 14:10,6.1,43,0,29.61,8.15,1.64,0,13.42,0,35.94,5.75,25.4,77,28.7
21-11-2019 14:20,6.2,44,0,29.58,8.14,1.45,0,18.34,0,42.41,5.61,25.39,78,28.7
21-11-2019 14:30,6.2,41,0,29.56,8.12,1.12,0,12.11,0,25.94,5.41,25.4,78,28.7
21-11-2019 14:40,5.9,46,0,29.53,8.08,0.98,0,12.99,0,25.61,4.85,25.41,76,28.6
21-11-2019 14:50,6,48,0,29.52,8.06,1.34,0,13.51,0,21.81,4.63,25.41,77,28.7
21-11-2019 15:00,5.9,44,0,29.51,8.05,1.03,0,8.42,0,21.09,4.59,25.41,74,28.7
21-11-2019 15:10,5.7,47,0,29.5,8.02,1.36,0,9.06,0,21.38,4.3,25.41,78,28.7
21-11-2019 15:20,5.6,47,0,29.51,8.01,1.35,0,13.75,0,31.62,4.57,25.39,75,28.7
21-11-2019 15:30,5.6,46,0,29.54,8.03,1.68,0,12.6,0,27.42,4.68,25.38,73,28.7
21-11-2019 15:40,5.7,45,0,29.54,8.03,1.27,0,12.9,0,29.11,4.66,25.38,75,28.7
21-11-2019 15:50,6,38,0,29.56,8.05,1.5,0,17.06,0,41.16,4.82,25.38,77,28.7
21-11-2019 16:00,5.7,40,0,29.57,8.06,1.25,0,18.48,0,39.36,5.06,25.37,77,28.6
21-11-2019 16:10,5.9,43,0,29.58,8.08,1.29,0,18.09,0,38.81,5.18,25.38,78,28.6
21-11-2019 16:20,,,,,,,,,,,,,,
21-11-2019 16:30,5.9,40,0,29.58,8.09,1.81,0,26.42,0,46.78,5.33,25.38,76,28.6
21-11-2019 17:30,5.8,49,0,29.51,8.06,1.38,0,31.23,0,46.49,5.04,25.38,76,28.6
21-11-2019 17:40,5.2,55,0,29.49,8.05,1.35,0,18.49,0,49.93,5,25.38,78,28.6
21-11-2019 17:50,4.8,52,0,29.49,8.06,1.51,0,17.79,0,44.91,4.96,25.39,79,28.6
21-11-2019 18:00,4.6,51,0,29.48,8.06,1.4,0,20.53,0,45.75,4.93,25.39,79,28.6
21-11-2019 18:10,4.5,54,0,29.48,8.07,1.45,0,29.61,0,70.26,4.97,25.39,77,28.6
21-11-2019 18:20,4.5,53,0,29.46,8.07,1.51,0,20.22,0,58.38,4.93,25.38,77,28.7
21-11-2019 18:30,4.6,58,0,29.46,8.06,1.36,0,26.64,0,55.52,4.85,25.39,79,28.7
21-11-2019 18:40,4.7,51,0,29.45,8.06,1.73,0,23.89,0,50.07,5.02,25.39,80,28.6
21-11-2019 18:50,4.4,55,0,29.45,8.08,1.53,0,24.77,0,72.44,4.7,25.39,78,28.7
21-11-2019 19:00,5.2,52,0,29.43,8.07,1.17,0,17.37,0,46.55,4.89,25.39,79,28.6
21-11-2019 19:10,6,49,0,29.43,8.07,1.32,0,20.06,0,71.21,4.93,25.39,79,28.6
21-11-2019 19:20,6.1,49,0,29.42,8.06,1.28,0,18.83,0,42.02,4.97,25.4,81,28.7
21-11-2019 19:30,6.5,45,0,29.41,8.05,1.28,0,20.42,0,46.05,4.85,25.4,81,28.5
21-11-2019 19:40,6.9,46,0,29.4,8.05,1.28,0,24.67,0,45.42,4.78,25.4,80,28.5
21-11-2019 19:50,7,46,0,29.41,8.04,1.55,0,25.41,0,58.81,4.8,25.4,79,28.5
21-11-2019 20:00,7.2,42,0,29.39,8.04,1.26,0,16.19,0,37.46,4.66,25.41,79,28.5
21-11-2019 20:10,7.1,42,0,29.38,8.02,1.22,0,15.07,0,41.41,4.55,25.42,80,28.5
21-11-2019 20:20,6.9,47,0,29.36,8.01,1.08,0,19.27,0,37.42,4.44,25.42,80,28.5
21-11-2019 20:30,6.7,48,0,29.37,8.01,1.33,0,19.44,0,38.18,4.41,25.42,78,28.5
21-11-2019 20:40,6.9,47,0,29.36,8.02,1.19,0,19.11,0,39.86,4.51,25.42,77,28.5
21-11-2019 20:50,6.5,45,0,29.36,8.02,1.15,0,30.11,0,39.26,4.52,25.43,80,28.5
21-11-2019 21:00,6.3,48,0,29.34,8.02,1.1,0,25.18,0,50.71,4.47,25.43,80,28.5
21-11-2019 21:10,6.1,47,0,29.34,8.03,1.45,0,13.81,0,32.43,4.52,25.42,79,28.5
21-11-2019 21:20,6.2,44,0,29.34,8.03,1.48,0,19.8,0,48.06,4.55,25.41,77,28.5
21-11-2019 21:30,6.1,46,0,29.32,8.02,1.43,0,13.49,0,38.56,4.49,25.42,79,28.5
21-11-2019 21:40,5.9,47,0,29.31,8.02,1.34,0,13.45,0,35.67,4.49,25.41,80,28.5
21-11-2019 21:50,5.9,45,0,29.3,8.02,1.31,0,21.93,0,41.38,4.48,25.42,78,28.4
21-11-2019 22:00,5.6,45,0,29.3,8.02,1.3,0,17.13,0,33.76,4.43,25.41,78,28.4
21-11-2019 22:10,6,41,0,29.29,8.02,1.19,0,13.98,0,29.82,4.46,25.41,78,28.5
21-11-2019 22:20,5.5,45,0,29.27,8.02,1.43,0,24.06,0,46.88,4.42,25.42,78,28.4
21-11-2019 22:30,5.6,46,0,29.27,8.01,1.25,0,21.15,0,32.41,4.31,25.41,80,28.4
21-11-2019 22:40,5.6,47,0,29.27,8.02,1.22,0,22.3,0,51.69,4.19,25.42,80,28.3
21-11-2019 22:50,5.5,45,0,29.25,8,1.52,0,20.46,0,66.93,4.15,25.42,78,28.3
21-11-2019 23:00,6.3,38,0,29.24,7.99,1.22,0,13.85,0,33.95,4.03,25.42,80,28.3
21-11-2019 23:10,6.2,40,0,29.24,7.99,1.05,0,11.34,0,22.85,4.04,25.42,80,28.3
21-11-2019 23:20,5.8,43,0,29.23,7.99,1.55,0,18,0,37.11,4.03,25.43,79,28.3
21-11-2019 23:30,5.9,42,0,29.23,7.98,1.17,0,16.18,0,29.62,3.95,25.43,81,28.3
21-11-2019 23:40,5.7,42,0,29.22,7.98,1.34,0,13.44,0,29.38,3.98,25.43,79,28.3
21-11-2019 23:50,5.6,45,0,29.21,7.98,1.16,0,15.62,0,29.44,3.91,25.43,79,28.3
22-11-2019 00:00,5.4,45,0,29.2,7.96,0.99,0,13.5,0,32.74,3.92,25.44,82,28.3
22-11-2019 00:10,5.6,46,0,29.19,7.97,1.17,0,10.51,0,28.43,3.84,25.44,80,28.2
22-11-2019 00:20,5.7,45,0,29.18,7.96,1.03,0,14.35,0,25.4,3.72,25.44,81,28.2
22-11-2019 00:30,6.2,46,0,29.17,7.96,0.92,0,16.05,0,28.03,3.79,25.44,80,28.1
22-11-2019 00:40,5.6,43,0,29.16,7.96,1.03,0,16.62,0,37.08,3.85,25.44,81,28.1
22-11-2019 00:50,6,43,0,29.16,7.97,1.01,0,7.72,0,25.11,3.81,25.44,82,28.2
22-11-2019 01:00,6.1,46,0,29.16,7.97,1.11,0,11.61,0,21.21,3.72,25.45,82,28.2
22-11-2019 01:10,6.5,41,0,29.14,7.96,1.09,0,15.46,0,34.26,3.8,25.45,82,28.1
22-11-2019 01:20,6.1,46,0,29.13,7.96,1.01,0,10.56,0,20.05,3.8,25.46,82,28.2
22-11-2019 01:30,6.2,44,0,29.13,7.96,1.04,0,11.17,0,21.52,3.76,25.46,84,28.1
22-11-2019 01:40,6,42,0,29.12,7.97,0.9,0,10.2,0,15.96,3.76,25.47,81,28.1
22-11-2019 01:50,6.2,42,0,29.11,7.95,0.94,0,7.79,0,17.17,3.75,25.49,82,28.1
22-11-2019 02:00,6.2,42,0,29.1,7.95,0.79,0,23.42,0,51,3.73,25.49,82,28.1
22-11-2019 02:10,6.7,39,0,29.1,7.94,1,0,9.48,0,19.61,3.72,25.45,82,28
22-11-2019 02:20,6.3,41,0,29.09,7.94,1.18,0,8.21,0,16.16,3.73,25.46,83,28.1
22-11-2019 02:30,6.4,37,0,29.08,7.94,1.04,0,13.08,0,28.88,3.75,25.45,82,28.1
22-11-2019 02:40,6.5,40,0,29.08,7.95,1.08,0,11.5,0,27.05,3.77,25.45,81,28
22-11-2019 02:50,6.4,33,0,29.07,7.95,1.68,0,11.64,0,26.14,3.75,25.45,81,28
22-11-2019 03:00,6.8,32,0,29.06,7.95,1.01,0,17.92,0,33.21,3.81,25.45,81,28.1
22-11-2019 03:10,6.5,33,0,29.05,7.95,1.07,0,14.4,0,24.57,3.75,25.45,79,28.1
22-11-2019 03:30,6.7,36,0,29.04,7.94,0.96,0,8.63,0,23.92,3.78,25.45,80,28
22-11-2019 03:40,6.6,35,0,29.01,7.95,1.36,0,15.1,0,25.75,3.97,25.45,82,28
22-11-2019 03:50,6.9,28,0,29.01,7.94,1.04,0,13.32,0,40.37,3.84,25.45,81,28
22-11-2019 04:00,7.2,26,0,29.03,7.98,1.18,0,19.47,0,31.93,4.07,25.46,82,28
22-11-2019 04:10,7.1,25,0,28.99,7.95,1.05,0,16.26,0,52.96,3.98,25.45,78,28
22-11-2019 04:20,7.1,31,0,29.02,7.97,1.38,0,10.81,0,29.96,4.02,25.47,82,28
22-11-2019 04:30,7.3,28,0,28.99,7.96,0.99,0,13.3,0,33.06,3.94,25.46,82,28.1
22-11-2019 04:40,7.5,26,0,28.97,7.95,1.01,0,10.08,0,21.14,3.88,25.46,82,28
22-11-2019 04:50,7.9,27,0,28.97,7.94,1,0,11.58,0,22.95,3.83,25.46,81,28
22-11-2019 05:00,7.5,31,0,28.97,7.95,1.36,0,10.41,0,20.95,3.86,25.47,82,28
22-11-2019 05:10,7.5,27,0,28.95,7.95,1.1,0,8.92,0,16.12,3.89,25.46,82,28
22-11-2019 05:20,7.6,31,0,28.96,7.95,1.16,0,17.31,0,29.3,3.9,25.47,82,28
22-11-2019 05:30,7.3,31,0,28.97,7.97,1.18,0,14.34,0,32.92,4.06,25.48,81,28
22-11-2019 05:40,7.3,31,0,28.93,7.95,0.97,0,10.48,0,19.01,3.93,25.47,81,28
22-11-2019 05:50,7.2,31,0,28.93,7.95,1.33,0,12.42,0,21.01,3.86,25.48,81,28
22-11-2019 06:00,7.1,30,0,28.91,7.95,1.04,0,17.34,0,36.33,3.85,25.48,82,28
22-11-2019 06:10,6.9,34,0,28.9,7.94,1.06,0,16.14,0,39.74,3.82,25.47,82,28
22-11-2019 06:20,7.3,32,0,28.9,7.94,1.46,0,9.35,0,13.57,3.81,25.48,84,28
22-11-2019 06:30,7.3,31,0,28.93,7.96,1.15,0,18.1,0,20.82,4,25.5,84,28
22-11-2019 06:40,7.6,28,0,28.9,7.92,1.22,0,17.63,0,43.69,3.72,25.48,83,28
22-11-2019 06:50,7.9,30,0,28.88,7.9,1.06,0,16.6,0,30.44,3.48,25.47,85,27.9
22-11-2019 07:00,7.9,29,0,28.9,7.93,1.68,0,7.45,0,17.93,3.72,25.49,83,27.9
22-11-2019 07:10,8,26,0,28.95,7.97,1.31,0,7.91,0,18.48,4,25.51,84,27.8
22-11-2019 07:20,8.4,25,0,28.91,7.96,1.29,0,8.9,0,21.88,3.91,25.5,84,27.9
22-11-2019 07:30,8.7,28,0,28.9,7.94,1.12,0,7.88,0,16.51,3.83,25.5,84,28
22-11-2019 07:40,8.6,31,0,28.88,7.92,1.57,0,6.07,0,12.55,3.73,25.49,82,27.9
22-11-2019 07:50,8.8,29,0,28.89,7.93,1.22,0,8.06,0,8.47,3.84,25.5,85,28
22-11-2019 08:00,8.9,29,0,28.89,7.94,1.18,0,8.06,0,16.68,3.88,25.51,83,27.9
22-11-2019 08:10,8.7,26,0,28.9,7.95,1.16,0,8.85,0,18.05,4.01,25.51,82,27.9
22-11-2019 08:20,8.3,25,0,28.93,7.97,2.17,0,11.44,0,20.9,4.13,25.52,83,28
22-11-2019 08:30,8.6,32,0,28.89,7.95,1.33,0,7.83,0,19.67,3.96,25.49,82,28
22-11-2019 08:40,8.3,31,0,28.9,7.94,1.19,0,6.58,0,17.47,3.96,25.5,84,28.1
22-11-2019 08:50,8.6,34,0,28.9,7.94,1.47,0,7.52,0,18.49,4.01,25.5,83,28
22-11-2019 09:00,8.7,33,0,28.92,7.98,1.4,0,10.7,0,25,4.27,25.51,81,28
22-11-2019 09:10,8.5,32,0,28.9,7.95,1.16,0,11.64,0,19.86,4.11,25.5,81,28
22-11-2019 09:20,8.4,31,0,28.92,7.98,1.33,0,9.51,0,22.85,4.26,25.5,82,28
22-11-2019 09:30,8.1,29,0,28.92,7.95,1.28,0,9.07,0,18.22,4.09,25.49,81,28
22-11-2019 09:40,8.3,29,0,28.91,7.93,1.33,0,7.48,0,15.7,3.84,25.49,80,28
22-11-2019 09:50,8,35,0,28.94,7.96,1.28,0,7.26,0,15.07,4.16,25.5,81,28.2
22-11-2019 10:00,8,30,0,28.99,7.99,1.71,0,9.06,0,20.26,4.33,25.51,81,28.2
22-11-2019 10:10,8.1,33,0,29.01,7.99,1.48,0,9.55,0,21.74,4.32,25.51,81,28.1
22-11-2019 10:20,8,28,0,29.03,7.99,1.4,0,8.32,0,20.85,4.4,25.51,81,28.1
22-11-2019 10:30,7.9,32,0,29.05,8,1.4,0,6.74,0,23.78,4.44,25.51,80,28.1
22-11-2019 10:40,7.6,32,0,29.06,8,1.64,0,7.24,0,15.54,4.47,25.51,79,28.1
22-11-2019 10:50,7.5,30,0,29.08,8,2.36,0,9.16,0,20.16,4.5,25.5,80,28.1
22-11-2019 11:00,7.5,30,0,29.09,8.01,1.56,0,9.26,0,17.16,4.64,25.5,79,28.1
22-11-2019 11:10,7.3,28,0,29.1,8.01,1.58,0,9.18,0,19.44,4.73,25.5,79,28.2
22-11-2019 11:20,7.7,29,0,29.1,8.01,2.01,0,8.31,0,14.77,4.7,25.5,80,28.2
22-11-2019 11:30,7.4,28,0,29.11,8.02,1.64,0,6.87,0,15.81,4.7,25.5,80,28.2
22-11-2019 11:40,7.4,30,0,29.12,8.02,1.84,0,7.57,0,16.71,4.78,25.5,81,28.2
22-11-2019 11:50,7.4,26,0,29.12,8.01,1.51,0,8.87,0,24.32,4.64,25.5,80,28.1
22-11-2019 12:00,7.5,27,0,29.14,8.01,1.93,0,8.14,0,18.37,4.73,25.5,80,28.2
22-11-2019 12:10,7.2,31,0,29.13,8,1.43,0,8.4,0,17.58,4.61,25.5,82,28.2
22-11-2019 12:20,7.4,31,0,29.14,8.01,1.61,0,9.5,0,16.04,4.72,25.52,79,28.1
22-11-2019 12:30,7.4,26,0,29.21,8.01,1.73,0,6.76,0,14.4,4.61,25.58,80,28
22-11-2019 12:40,7.4,27,0,29.2,8,1.38,0,5.67,0,14.3,4.65,25.56,82,28.2
22-11-2019 12:50,7.4,30,0,29.18,8.01,1.93,0,9.33,0,17,4.71,25.53,81,28.1
22-11-2019 13:00,7.3,27,0,29.17,8.01,1.47,0,7.39,0,17.38,4.68,25.53,81,28.1
22-11-2019 13:10,7.4,26,0,29.22,8.02,1.25,0,7.02,0,16.11,4.85,25.57,82,28.1
22-11-2019 13:20,7.1,27,0,29.25,8.04,1.02,0,23.91,0,56.95,5.15,25.62,80,28.1
22-11-2019 13:30,7.3,30,0,29.27,8.05,1.07,0,6.51,0,13.18,5.18,25.62,81,28.1
22-11-2019 13:40,7.1,28,0,29.27,8.04,1.11,0,7.11,0,12.05,5.12,25.61,80,28.2
22-11-2019 13:50,7.1,28,0,29.26,8.04,1.27,0,10.33,0,19.3,5.02,25.62,81,28.2
22-11-2019 14:00,7.1,26,0,29.28,8.06,1.21,0,7.93,0,16.69,5.2,25.64,81,28.2
22-11-2019 14:10,6.9,25,0,29.32,8.03,1.27,0,6.56,0,12.29,5.11,25.63,81,28.1
22-11-2019 14:20,7.4,22,0,29.24,8.02,1.39,0,8.8,0,20.18,5.15,25.55,79,28.1
22-11-2019 14:30,7,25,0,29.27,8.02,1.11,0,9.48,0,13.39,5.08,25.58,81,28.2
22-11-2019 14:40,6.9,23,0,29.26,8.03,1.19,0,9.19,0,19.4,5.15,25.58,80,28.2
22-11-2019 14:50,6.9,18,0,29.28,8.03,1.25,0,9.2,0,20.57,5.09,25.59,80,28.1
22-11-2019 15:00,7.2,22,0,29.3,8.02,1.26,0,11.41,0,17.98,5.13,25.61,80,28.1
22-11-2019 15:10,6.8,24,0,29.27,8.08,1.36,0,23.31,0,34.53,5.82,25.51,79,28.1
22-11-2019 15:20,6.8,24,0,29.25,8.08,1.81,0,13.51,0,26.98,5.88,25.51,82,28.2
22-11-2019 15:30,7.1,24,0,29.23,8.07,1.52,0,18.07,0,40.99,5.68,25.51,79,28
22-11-2019 15:40,6.9,26,0,29.21,8.07,1.68,0,14.46,0,43.05,5.59,25.51,79,28
22-11-2019 15:50,6.6,22,0,29.2,8.07,2.13,0,21.3,0,31.18,5.53,25.51,79,28.1
22-11-2019 16:00,6.8,21,0,29.18,8.07,1.53,0,27.73,0,37.77,5.67,25.51,80,28.1
22-11-2019 16:10,6.4,24,0,29.16,8.06,1.71,0,18.82,0,45,5.49,25.51,79,28.1
22-11-2019 16:20,6.3,11,0,29.15,8.06,1.33,0,14.31,0,30.61,5.49,25.52,78,28.2
22-11-2019 16:30,6.1,14,0,29.13,8.06,2.69,0,18.94,0,39.06,5.33,25.52,79,28
22-11-2019 16:40,6.5,19,0,29.13,8.05,1.68,0,14.13,0,29.51,5.11,25.51,81,28.1
22-11-2019 16:50,6.4,17,0,29.12,8.04,1.6,0,15.96,0,34.93,5.02,25.51,80,28
22-11-2019 17:00,6.5,18,0,29.13,8.05,1.55,0,25.02,0,44.7,5.25,25.52,79,28
22-11-2019 17:10,6.5,14,0,29.16,8.05,1.58,0,21.73,0,54.68,5.64,25.52,79,28
22-11-2019 17:30,6.1,14,0,29.12,8.05,1.53,0,20.81,0,41.55,5.39,25.52,79,28
22-11-2019 17:40,5.4,11,0,29.14,8.05,1.49,0,23.73,0,39.7,5.41,25.52,81,28.1
22-11-2019 17:50,5.1,11,0,29.14,8.06,1.63,0,22.27,0,55.96,5.44,25.52,80,28
22-11-2019 18:00,5.4,10,0,29.09,8.04,1.53,0,20.95,0,63.47,5.11,25.52,80,28
22-11-2019 18:10,5.7,11,0,29.1,8.05,1.65,0,30.33,0,52.75,5.38,25.53,79,28
22-11-2019 18:20,5.6,6,0,29.11,8.05,1.42,0,19.9,0,54.41,5.37,25.52,79,27.9
22-11-2019 18:30,4.4,7,0,29.12,8.06,1.37,0,20.91,0,34.03,5.35,25.53,81,28
22-11-2019 18:40,5.8,8,0,29.11,8.05,1.42,0,34.96,0,66.57,5.32,25.53,80,28
22-11-2019 18:50,5.4,7,0,29.11,8.05,1.49,0,32.54,0,64.64,5.42,25.53,80,28
22-11-2019 19:00,5.7,13,0,29.09,8.05,1.84,0,13.78,0,32.34,5.15,25.53,81,28
22-11-2019 19:10,6.7,13,0,29.1,8.04,1.46,0,24.31,0,51.18,5.34,25.54,80,28
22-11-2019 19:20,6.7,14,0,29.04,8.02,1.42,0,18.17,0,38.32,5.08,25.54,81,28
22-11-2019 19:30,6.7,11,0,29.03,8.02,1.51,0,20.28,0,36.05,4.96,25.54,81,28
22-11-2019 19:40,7.3,15,0,29.01,8.03,1.67,0,12.51,0,29.88,4.64,25.55,82,28.1
22-11-2019 19:50,7,16,0,29,7.99,1.41,0,18.13,0,28.91,4.64,25.56,80,28
22-11-2019 20:00,6.7,15,0,28.99,7.99,1.43,0,20.42,0,26.85,4.73,25.56,81,28
22-11-2019 20:10,7.1,15,0,29,7.99,1.62,0,13.35,0,36.46,4.49,25.56,80,27.9
22-11-2019 20:20,6.6,15,0,29.02,8.01,1.42,0,23.35,0,43.96,4.98,25.57,80,27.9
22-11-2019 20:30,6.4,12,0,29,8.01,1.58,0,19.12,0,45.86,4.74,25.57,79,27.8
22-11-2019 20:40,6.2,12,0,29.01,8.02,1.34,0,14.1,0,24.17,5.04,25.57,81,27.9
22-11-2019 20:50,6.7,8,0,29.05,8.03,1.49,0,26.78,0,62.47,5.21,25.59,81,27.9
22-11-2019 21:00,6.1,3,0,29,8.01,1.63,0,17.48,0,36.65,4.86,25.58,79,27.7
22-11-2019 21:10,5.5,5,0,29.01,8.01,1.2,0,14.09,0,33.87,5.04,25.58,81,27.8
22-11-2019 21:20,5.1,1,0,29,8.01,1.4,0,20.35,0,45.1,4.99,25.58,81,27.7
22-11-2019 21:30,5.4,2,0,29.01,8.01,1.92,0,17.26,0,27.27,4.98,25.58,82,27.8
22-11-2019 21:40,5.4,7,0,29.04,8.01,1.26,0,16.28,0,48.02,5.05,25.59,82,27.8
22-11-2019 21:50,5.1,4,0,29.05,8.02,1.89,0,32.16,0,69.57,5.19,25.59,81,27.8
22-11-2019 22:00,5.5,10,0,29.06,8.04,1.4,0,11.04,0,27.2,5.18,25.59,83,28
22-11-2019 22:10,6.9,18,0,29.05,8.04,1.46,0,13.31,0,25.85,5.17,25.59,84,28
22-11-2019 22:20,6.5,14,0,29.04,8.03,1.43,0,15.29,0,26.67,5.12,25.59,84,28
22-11-2019 22:30,6.9,15,0,29.01,8.04,1.6,0,17.32,0,32.79,4.93,25.59,82,28
22-11-2019 22:40,6.4,16,0,29.02,8.05,1.45,0,12.69,0,31.29,5.33,25.6,82,27.9
22-11-2019 22:50,6.5,12,0,28.99,8.03,1.46,0,13.58,0,21.13,4.95,25.6,82,27.8
22-11-2019 23:00,6.1,10,0,29,8.05,1.46,0,18.67,0,42,5.23,25.62,83,27.9
22-11-2019 23:10,6.1,14,0,28.98,8.03,1.4,0,21.16,0,38.95,5,25.61,84,27.8
22-11-2019 23:20,8,32,0,28.99,8.04,1.34,0,15.98,0,35.43,5.18,25.63,81,27.9
22-11-2019 23:30,8,30,0,28.92,8,1.39,0,25.44,0,54.11,4.67,25.61,84,27.4
22-11-2019 23:40,6.9,24,0,28.96,8.03,1.38,0,17.39,0,35.06,5.21,25.61,84,27.6
22-11-2019 23:50,7.8,31,0,28.93,8.03,1.75,0,18.47,0,34.28,4.64,25.64,84,27.8
23-11-2019 00:00,7.6,36,0,28.91,7.99,1.5,0,14.28,0,24.63,4.5,25.67,85,27.9
23-11-2019 00:10,7.9,28,0,28.88,7.99,1.84,0,13.07,0,23.06,4.54,25.63,83,27.8
23-11-2019 00:20,7.6,25,0,28.92,8.02,1.28,0,14.93,0,35.89,4.92,25.64,82,27.7
23-11-2019 00:30,7.3,22,0,28.96,8.03,1.24,0,17.72,0,44,5.13,25.65,81,27.7
23-11-2019 00:40,6.3,17,0,28.93,8.02,1.31,0,15.03,0,32.82,4.93,25.65,83,27.6
23-11-2019 00:50,6.3,10,0,28.93,8.02,1.47,0,15.34,0,27.38,4.87,25.63,83,27.6
23-11-2019 01:00,6,10,0,28.89,8,1.36,0,42.06,0,76.74,4.82,25.64,82,27.6
23-11-2019 01:10,5.4,8,0,28.84,7.97,1.66,0,9.66,0,20.84,4.11,25.61,82,27.5
23-11-2019 01:20,4.4,2,0,28.85,7.98,1.39,0,9.09,0,25.61,4.3,25.61,83,27.4
23-11-2019 01:30,4.8,359,0,28.87,7.99,1.34,0,14.14,0,32.99,4.71,25.62,83,27.4
23-11-2019 01:40,4.8,355,0,28.89,8.02,1.25,0,22.64,0,36.92,4.95,25.62,83,27.2
23-11-2019 01:50,3.9,344,0,28.89,8.03,1.6,0,10.37,0,19.58,4.88,25.62,84,27
23-11-2019 02:00,4.4,349,0,28.89,8.04,1.37,0,23.56,0,48.56,4.95,25.62,86,26.9
23-11-2019 02:10,4.2,345,0,28.88,8.05,1.87,0,20.38,0,32.5,4.54,25.62,86,26.6
23-11-2019 02:20,4,339,0,28.87,8.06,1.57,0,25.15,0,56.47,4.96,25.62,89,26.1
23-11-2019 02:30,3.7,330,0,28.86,8.07,1.91,0,20.93,0,42,4.57,25.62,91,25.9
23-11-2019 02:40,4.4,338,0,28.84,8.07,1.47,0,23.5,0,36.08,5.17,25.62,89,25.9
23-11-2019 02:50,3.2,342,0,28.84,8.06,1.76,0,14.58,0,29.31,5.19,25.62,91,25.7
23-11-2019 03:00,4.6,357,0,28.82,8.05,1.29,0,14.94,0,29.74,5.41,25.62,92,25.7
23-11-2019 03:10,5.3,344,0,28.81,8.04,1.59,0,17.58,0,34.24,5.37,25.63,90,25.4
23-11-2019 03:20,4.4,334,0,28.8,8.04,1.61,0,21.27,0,46.53,5.24,25.63,90,25.4
23-11-2019 03:30,4,334,0,28.8,8.04,1.83,0,18.18,0,39.86,5.22,25.63,90,25.3
23-11-2019 03:40,4.5,340,0,28.8,8.02,1.52,0,28.24,0,45.32,4.93,25.64,89,25.3
23-11-2019 03:50,4.8,339,0,28.79,8.02,1.64,0,12.96,0,28.11,4.55,25.64,89,25.3
23-11-2019 04:00,4.7,339,0,28.79,8.01,1.94,0,14.93,0,32.57,4.6,25.65,90,25.3
23-11-2019 04:10,4.5,336,0,28.75,8,1.58,0,16.58,0,29.88,4.83,25.67,89,25.2
23-11-2019 04:20,4.4,338,0,28.75,8.01,1.21,0,25.39,0,62.36,4.86,25.67,89,25.2
23-11-2019 04:30,4.5,351,0,28.75,8,1.34,0,11.71,0,24.79,4.94,25.67,89,25.2
23-11-2019 04:40,4.2,340,0,28.78,8,1.2,0,13.03,0,27.87,4.82,25.7,91,25.1
23-11-2019 04:50,3.2,326,0,28.73,7.99,1.13,0,10.39,0,32.04,4.72,25.68,91,25
23-11-2019 05:00,3.7,325,0,28.72,7.98,2.74,0,13.09,0,27.46,4.73,25.68,91,25
23-11-2019 05:10,4.4,334,0,28.72,7.97,1.26,0,15.29,0,55.53,4.41,25.69,90,25.1
23-11-2019 05:20,4.7,340,0,28.72,7.97,2.04,0,13.31,0,22.34,4.59,25.7,91,25
23-11-2019 05:30,4.8,338,0,28.7,7.98,1.1,0,15.65,0,42.58,4.69,25.71,90,25.2
23-11-2019 05:40,5.1,339,0,28.7,7.99,1.48,0,11.85,0,23.16,4.7,25.71,89,25.2
23-11-2019 05:50,5.4,341,0,28.69,7.99,1.3,0,16.4,0,33.34,4.72,25.72,89,25.1
23-11-2019 06:00,5.5,345,0,28.7,7.99,1.11,0,17.74,0,29.22,4.74,25.72,92,24.8
23-11-2019 06:10,4.4,341,0,28.67,7.99,1.5,0,13.02,0,22.61,4.7,25.72,92,24.6
23-11-2019 06:20,3.4,342,0,28.65,7.98,1.24,0,14.66,0,24.71,4.61,25.71,93,24.6
23-11-2019 06:30,2.5,348,0,28.64,7.96,1.34,0,7.99,0,17.98,4.4,25.71,93,24.6
23-11-2019 06:40,1,45,0,28.62,7.92,1.92,0,7.85,0,19.08,4.07,25.7,92,24.7
23-11-2019 06:50,0.9,73,0,28.63,7.92,1.14,0,10.42,0,18.17,4.08,25.7,92,24.8
23-11-2019 07:00,1.9,97,0,28.6,7.95,1.26,0,9.47,0,19.13,4.39,25.64,93,24.8
23-11-2019 07:10,1.1,258,0,28.59,7.95,1.08,0,13.2,0,20.6,4.39,25.67,91,24.8
23-11-2019 07:20,1.5,305,0,28.55,7.95,1.34,0,9.66,0,16.45,4.48,25.66,91,25
23-11-2019 07:30,2.4,277,0,28.54,7.95,1.13,0,24.86,0,31.31,4.44,25.68,94,25
23-11-2019 07:40,1.6,280,0,28.61,7.97,1.32,0,10.43,0,19.04,4.49,25.7,93,24.9
23-11-2019 07:50,1.6,291,0,28.61,7.97,1.42,0,14.78,0,22.96,4.64,25.71,90,25.1
23-11-2019 08:00,2.3,319,0,28.6,7.97,1.17,0,10.99,0,22.51,4.67,25.7,90,25.2
23-11-2019 08:10,1.7,335,0,28.61,7.97,1.15,0,16.39,0,21.27,4.65,25.7,91,25.2
23-11-2019 08:20,1.8,14,0,28.6,7.97,1.09,0,8.71,0,16.73,4.62,25.68,90,25.2
23-11-2019 08:30,2.4,31,0,28.56,7.96,1.51,0,11.47,0,16.81,4.54,25.66,93,25.2
23-11-2019 08:40,1.9,101,0,28.58,7.96,1.12,0,11.58,0,19.22,4.53,25.67,93,25.1
23-11-2019 08:50,1.6,140,0,28.6,7.96,1,0,13.67,0,23.66,4.54,25.68,93,25.3
23-11-2019 09:00,4,104,0,28.59,7.95,1.24,0,11.01,0,21.54,4.42,25.64,95,24.9
23-11-2019 09:10,3.8,104,0,28.54,7.95,1.36,0,10.79,0,28.13,4.42,25.6,93,24.9
23-11-2019 09:20,3.4,97,0,28.58,7.96,1.25,0,11.35,0,23.29,4.52,25.64,91,25
23-11-2019 09:30,0.7,52,0,28.59,7.96,1.24,0,13.03,0,22.9,4.52,25.65,92,25.4
23-11-2019 09:40,1.3,323,0,28.6,7.97,1.26,0,12.15,0,23.2,4.58,25.66,89,25.8
23-11-2019 09:50,1.8,319,0,28.6,7.98,1.33,0,11.36,0,23.62,4.66,25.66,90,26
23-11-2019 10:00,1.6,305,0,28.61,7.98,1.22,0,9.04,0,24.22,4.7,25.66,89,26
23-11-2019 10:10,2.3,286,0,28.6,7.99,1.34,0,12.32,0,23.61,4.79,25.66,92,25.8
23-11-2019 10:20,2.8,283,0,28.6,8,1.21,0,11.99,0,21.31,4.86,25.67,92,25.9
23-11-2019 10:30,2.8,276,0,28.62,8.01,1.24,0,12.49,0,24.89,5.03,25.68,90,25.9
23-11-2019 10:40,2.7,277,0,28.61,8.02,1.25,0,11.16,0,22.65,4.93,25.67,88,26
23-11-2019 10:50,1.9,301,0,28.64,7.97,1.52,0,13.69,0,29.91,4.42,25.68,88,26.2
23-11-2019 11:00,3,3,0,28.65,7.91,1.62,0,13.13,0,25.88,3.85,25.68,79,27.6
23-11-2019 11:10,6.3,25,0,28.63,7.92,1.52,0,10.41,0,18.24,3.95,25.68,77,27.8
23-11-2019 11:20,6.2,20,0,28.64,7.93,1.56,0,8.57,0,17.58,4.15,25.69,79,27.9
23-11-2019 11:30,7,20,0,28.65,7.95,1.8,0,11.45,0,32.42,4.24,25.69,76,27.9
23-11-2019 11:40,7.7,28,0,28.63,7.98,2.15,0,10.56,0,20.83,4.45,25.69,75,27.9
23-11-2019 11:50,7.6,28,0,28.63,7.99,1.64,0,8.33,0,17.46,4.64,25.7,77,27.9
23-11-2019 12:00,7.9,27,0,28.6,7.99,1.51,0,8.93,0,19.05,4.51,25.71,77,27.9
23-11-2019 12:10,7.7,28,0,28.6,7.96,1.46,0,9.85,0,17.51,4.47,25.75,77,27.9
23-11-2019 12:20,7.7,26,0,28.6,7.98,1.31,0,8.6,0,24.5,4.35,25.75,77,28
23-11-2019 12:30,7.5,26,0,28.63,7.97,1.3,0,10.93,0,19.14,4.38,25.78,75,28
23-11-2019 12:40,7.4,30,0,28.61,7.97,1.41,0,13.11,0,30.73,4.32,25.78,77,27.9
23-11-2019 12:50,7.4,26,0,28.62,7.97,1.39,0,9.55,0,16.08,4.43,25.78,75,28
23-11-2019 13:00,7.1,22,0,28.61,7.98,1.47,0,9.27,0,21.24,4.46,25.78,78,28
23-11-2019 13:10,7.1,23,0,28.62,7.97,1.52,0,9.51,0,19.2,4.43,25.8,76,28
23-11-2019 13:20,7.1,28,0,28.61,7.96,1.24,0,9.4,0,18.8,4.26,25.79,73,28
23-11-2019 13:30,6.8,27,0,28.64,7.95,1.44,0,7.63,0,15.13,4.2,25.8,80,28.1
23-11-2019 13:40,6.9,31,0,28.64,7.95,1.41,0,12.04,0,19.54,4.17,25.81,75,28
23-11-2019 13:50,7.2,26,0,28.67,7.96,1.52,0,9.6,0,17.34,4.02,25.85,77,28.1
23-11-2019 14:00,7.2,31,0,28.7,7.95,1.55,0,5.82,0,16.37,3.92,25.83,75,28.2
23-11-2019 14:10,7.2,31,0,28.72,7.92,1.72,0,9.08,0,17.68,3.93,25.82,78,28.1
23-11-2019 14:20,7.1,34,0,28.74,7.93,1.72,0,9.27,0,17.25,3.69,25.84,74,28.1
23-11-2019 14:30,7.1,34,0,28.71,7.92,1.82,0,19.25,0,35.13,3.67,25.83,75,28.1
23-11-2019 14:40,7.2,35,0,28.7,7.91,1.76,0,14.09,0,29.28,3.66,25.84,74,28.1
23-11-2019 14:50,6.9,36,0,28.71,7.92,1.66,0,16.96,0,38.65,3.67,25.84,75,28.1
23-11-2019 15:00,6.5,36,0,28.7,7.91,1.68,0,26.58,0,50.75,3.82,25.82,74,28.1
23-11-2019 15:10,6.8,37,0,28.68,7.92,1.88,0,16.32,0,29.05,3.87,25.8,76,28.1
23-11-2019 15:20,6.5,38,0,28.66,7.9,1.82,0,14.66,0,33.2,3.75,25.79,73,28
23-11-2019 15:30,6.6,40,0,28.63,7.89,1.9,0,14.22,0,33.02,3.72,25.79,73,28.2
23-11-2019 15:40,6.2,35,0,28.62,7.89,1.86,0,18.79,0,47.63,3.69,25.8,72,28.1
23-11-2019 15:50,6.3,37,0,28.63,7.88,1.73,0,13.1,0,31.44,3.54,25.81,76,28.1
23-11-2019 16:00,6.4,37,0,28.58,7.89,1.99,0,10.93,0,20.46,3.8,25.79,77,28.1
23-11-2019 16:10,5.7,41,0,28.57,7.9,2.33,0,21.67,0,55.77,3.87,25.8,69,27.8
23-11-2019 16:20,4.5,46,0,28.57,7.9,1.53,0,12.66,0,29.55,3.85,25.8,69,27.9
23-11-2019 16:30,5.6,34,0,28.54,7.91,1.52,0,21.07,0,39.83,3.93,25.8,70,28.1
23-11-2019 16:40,5.4,25,0,28.52,7.91,1.67,0,39.61,0,60.97,3.99,25.8,71,28.1
23-11-2019 16:50,6.1,31,0,28.51,7.91,1.55,0,19.3,0,38.9,3.99,25.8,76,28.1
23-11-2019 17:00,5.9,29,0,28.51,7.91,1.5,0,13.87,0,29.76,3.94,25.8,75,28.1
23-11-2019 17:10,6,32,0,28.5,7.91,1.53,0,27.61,0,46.12,3.98,25.81,74,28.1
23-11-2019 17:20,6.2,32,0,28.5,7.9,1.73,0,11.67,0,26.93,3.88,25.81,75,28.1
23-11-2019 17:30,5.9,30,0,28.49,7.9,1.81,0,18.44,0,32.18,3.88,25.82,73,28
23-11-2019 17:40,6.3,29,0,28.5,7.9,1.92,0,12.08,0,31.74,3.64,25.83,76,28
23-11-2019 17:50,6.3,25,0,28.49,7.91,1.62,0,13.27,0,33.44,3.68,25.83,77,28
23-11-2019 18:00,6.3,30,0,28.49,7.91,1.55,0,13.18,0,23.72,3.67,25.86,75,28
23-11-2019 18:10,6.7,27,0,28.49,7.91,1.73,0,14.84,0,31.19,3.52,25.88,77,28
23-11-2019 18:20,6.9,31,0,28.5,7.91,2.22,0,15.42,0,28.24,3.46,25.91,78,28
23-11-2019 18:30,6.9,24,0,28.48,7.91,1.66,0,7.88,0,19.28,3.62,25.95,77,27.9
23-11-2019 18:40,6.3,22,0,28.46,7.9,1.91,0,13.71,0,33.03,3.67,25.97,79,27.9
23-11-2019 18:50,6.5,24,0,28.5,7.9,1.59,0,15.13,0,32.68,3.65,25.97,80,28
23-11-2019 19:00,6.3,27,0,28.5,7.87,1.53,0,14.83,0,33,3.42,25.95,78,28
23-11-2019 19:10,6.6,26,0,28.49,7.87,1.45,0,10.26,0,21.27,3.37,25.94,77,28
23-11-2019 19:20,7.1,26,0,28.4,7.89,1.37,0,11.63,0,21.56,3.78,25.88,77,28
23-11-2019 19:30,7.2,27,0,28.39,7.89,1.41,0,12.84,0,31.36,3.82,25.9,80,28
23-11-2019 19:40,7.3,32,0,28.4,7.88,1.51,0,10.15,0,22.21,3.58,25.9,77,28
23-11-2019 19:50,7,37,0,28.41,7.88,1.32,0,19.23,0,35.61,3.6,25.92,79,27.9
23-11-2019 20:00,6.6,39,0,28.38,7.9,1.42,0,15,0,19.22,3.93,25.9,77,28
23-11-2019 20:10,6.8,37,0,28.4,7.89,1.39,0,10.65,0,28.1,3.69,25.92,79,28
23-11-2019 20:20,7,34,0,28.36,7.91,1.43,0,15.14,0,29.08,3.99,25.9,77,28
23-11-2019 20:30,7.2,31,0,28.34,7.91,1.16,0,13.46,0,26.71,4.03,25.9,78,28
23-11-2019 20:40,7.3,32,0,28.35,7.91,1.2,0,8.79,0,22.95,4.04,25.9,78,28
23-11-2019 20:50,6.8,38,0,28.35,7.9,1.32,0,13.78,0,27.92,3.87,25.93,78,28
23-11-2019 21:00,6.9,37,0,28.33,7.9,1.29,0,17.09,0,42.06,3.87,25.9,77,27.9
23-11-2019 21:10,6.1,46,0,28.31,7.89,1.62,0,9.42,0,44.6,3.9,25.91,78,28
23-11-2019 21:20,5.6,51,0,28.32,7.89,1.32,0,19.63,0,26.99,3.84,25.92,76,28
23-11-2019 21:30,5.6,51,0,28.32,7.86,1.31,0,12.15,0,33.93,3.48,25.93,75,28
23-11-2019 21:40,5.3,53,0,28.31,7.88,1.19,0,11.43,0,24.15,3.72,25.92,78,28
23-11-2019 21:50,5.8,50,0,28.32,7.88,1.28,0,6.64,0,21.68,3.58,25.93,78,28
23-11-2019 22:00,5.5,50,0,28.33,7.88,1.5,0,11.53,0,25.03,3.6,25.95,76,27.9
23-11-2019 22:10,5.9,48,0,28.32,7.9,1.21,0,7.59,0,14.48,3.83,25.93,79,27.9
23-11-2019 22:20,5.2,54,0,28.31,7.9,1.19,0,8.2,0,20.43,3.83,25.92,74,27.8
23-11-2019 22:30,5.4,51,0,28.3,7.9,1.21,0,14.22,0,31.39,3.83,25.93,76,27.8
23-11-2019 22:40,5.3,50,0,28.27,7.88,1.36,0,11.78,0,24.38,3.63,25.93,79,27.8
23-11-2019 22:50,5,51,0,28.27,7.87,1.27,0,25.76,0,61.45,3.55,25.95,76,27.8
23-11-2019 23:00,5.2,51,0,28.25,7.9,1.25,0,12.82,0,22.34,3.83,25.93,76,27.8
23-11-2019 23:10,5.3,50,0,28.24,7.9,1.13,0,10.75,0,19.83,3.89,25.93,76,27.8
23-11-2019 23:20,5.1,52,0,28.28,7.9,1.28,0,13.51,0,30.93,3.84,25.94,75,27.8
23-11-2019 23:30,5.5,45,0,28.27,7.9,1.14,0,28.35,0,35.99,3.8,25.95,73,27.7
23-11-2019 23:40,5.5,45,0,28.27,7.91,1.17,0,14.51,0,32.31,3.94,25.94,74,27.7
23-11-2019 23:50,5.2,47,0,28.27,7.91,1.18,0,9.99,0,19.02,3.9,25.94,76,27.8
24-11-2019 00:00,4.9,50,0,28.29,7.91,1.43,0,10.47,0,22.62,3.77,25.96,74,27.7
24-11-2019 00:10,5.1,47,0,28.23,7.9,1.23,0,10.2,0,23.08,3.8,25.95,74,27.7
24-11-2019 00:20,4.9,45,0,28.24,7.9,1.17,0,14.21,0,23.52,3.86,25.95,75,27.7
24-11-2019 00:30,4.8,46,0,28.21,7.9,1.14,0,8.62,0,37.89,3.86,25.94,76,27.7
24-11-2019 00:40,4.8,42,0,28.21,7.9,1.16,0,15.1,0,27.04,3.83,25.94,75,27.6
24-11-2019 00:50,4.6,49,0,28.21,7.9,1.27,0,10.89,0,21.23,3.82,25.94,74,27.7
24-11-2019 01:00,4.8,44,0,28.2,7.9,1.51,0,11.42,0,27.84,3.8,25.94,74,27.6
24-11-2019 01:10,5.2,37,0,28.18,7.9,1.07,0,6.97,0,25.51,3.78,25.94,74,27.6
24-11-2019 01:20,5.2,37,0,28.16,7.89,1.14,0,11.83,0,20.88,3.89,25.94,75,27.6
24-11-2019 01:30,5.2,35,0,28.17,7.89,1.02,0,20.48,0,43.11,3.86,25.94,75,27.5
24-11-2019 01:40,4.9,39,0,28.16,7.89,1.14,0,13.12,0,21.14,3.84,25.94,75,27.5
24-11-2019 01:50,4.9,31,0,28.16,7.89,1.11,0,10.01,0,24.19,3.82,25.94,77,27.6
24-11-2019 02:00,5.2,36,0,28.15,7.89,1.33,0,9.66,0,19.44,3.83,25.95,77,27.5
24-11-2019 02:10,4.7,34,0,28.14,7.89,1.05,0,12.13,0,23.42,3.84,25.95,77,27.5
24-11-2019 02:20,5,37,0,28.14,7.89,1.1,0,15.93,0,33.74,3.81,25.95,76,27.5
24-11-2019 02:30,5,33,0,28.12,7.89,1.25,0,11.09,0,23.21,3.83,25.95,76,27.4
24-11-2019 02:40,4.8,30,0,28.13,7.89,1.26,0,13.51,0,24.8,3.82,25.96,78,27.5
24-11-2019 02:50,4.8,35,0,28.13,7.89,1.01,0,9.83,0,20.73,3.79,25.96,79,27.5
24-11-2019 03:00,4.7,38,0,28.13,7.89,1.09,0,8.6,0,19.02,3.75,25.96,75,27.4
24-11-2019 03:10,4.4,35,0,28.12,7.89,1.05,0,9.96,0,22.16,3.8,25.97,79,27.4
24-11-2019 03:20,3.3,7,0,28.11,7.88,1.29,0,11.17,0,23.77,3.73,25.97,79,26.6
24-11-2019 03:30,3.1,352,0,28.11,7.88,1.12,0,8.79,0,22.28,3.69,25.97,81,26.6
24-11-2019 03:40,2.7,349,0,28.13,7.88,1.12,0,9.47,0,20.96,3.69,25.98,80,26.5
24-11-2019 03:50,2.8,345,0,28.14,7.88,1.14,0,8.4,0,17.52,3.69,25.99,81,26.6
24-11-2019 04:00,2.9,342,0,28.11,7.9,1.11,0,10.19,0,21.73,3.9,26,82,26.3
24-11-2019 04:10,2.6,349,0,28.11,7.9,1.14,0,14.36,0,20.41,3.88,26,82,26.2
24-11-2019 04:20,2.7,358,0,28.07,7.86,1.22,0,6.53,0,17.71,3.5,25.98,84,26.4
24-11-2019 04:30,2.7,2,0,28.1,7.89,1.18,0,9.41,0,24.89,3.8,26,83,26.4
24-11-2019 04:40,3,351,0,28.12,7.89,1.22,0,13.39,0,21.02,3.76,26.01,82,26.4
24-11-2019 04:50,3.4,7,0,28.09,7.9,1.09,0,13.9,0,27.49,3.87,26.01,80,27
24-11-2019 05:00,4.1,23,0,28.09,7.9,1.17,0,9.41,0,22.21,3.81,26.03,78,27.3
24-11-2019 05:10,5.2,36,0,28.09,7.89,1.09,0,13.56,0,27.37,3.81,26.04,78,27.3
24-11-2019 05:20,4.8,39,0,28.07,7.88,1.23,0,9.56,0,19.14,3.64,26.04,78,27.3
24-11-2019 05:30,4.7,38,0,28.04,7.86,1.18,0,5.53,0,18.02,3.47,26.03,76,27.3
24-11-2019 05:40,4.5,26,0,28.06,7.86,1.11,0,9.3,0,15.26,3.49,26.05,81,26.9
24-11-2019 05:50,3.3,11,0,28.08,7.88,1.15,0,12.69,0,22.85,3.6,26.07,82,26.4
24-11-2019 06:00,3.5,31,0,28.06,7.87,1.12,0,8.94,0,30.73,3.56,26.06,76,27.3
24-11-2019 06:10,4,30,0,28.01,7.84,1.18,0,10.79,0,25.68,3.35,26.02,79,27
24-11-2019 06:20,4.8,33,0,28.03,7.87,1.19,0,6.1,0,13.91,3.57,26.04,77,27.2
24-11-2019 06:30,4.8,29,0,28.06,7.89,1.21,0,8.63,0,17.36,3.72,26.07,77,27.4
24-11-2019 06:40,,,,,,,,,,,,,,
24-11-2019 06:50,5.2,30,0,28.04,7.92,1.11,0,5.93,0,8.3,4.1,26.08,74,27.4
24-11-2019 07:00,4.6,25,0,28.02,7.91,1.07,0,6.52,0,12,4.03,26.08,78,27.5
24-11-2019 07:10,4.9,34,0,28.03,7.93,1.13,0,4.88,0,10.87,4.19,26.09,79,26.9
24-11-2019 07:20,3.4,358,0,28.06,7.94,1.36,0,5.25,0,10.66,4.25,26.1,81,26.6
24-11-2019 07:30,4.5,28,0,28.04,7.93,1.16,0,6.38,0,11.51,4.17,26.09,77,27.4
24-11-2019 07:40,5.5,37,0,28.04,7.93,1.05,0,9.1,0,15.69,4.13,26.09,77,27.3
24-11-2019 07:50,4.4,26,0,28.06,7.92,1.25,0,6.09,0,12.72,4.04,26.1,80,27.2
24-11-2019 08:00,5.6,30,0,28.05,7.89,1.12,0,5.85,0,11.44,3.81,26.08,78,27.5
24-11-2019 08:10,5.9,32,0,28.05,7.88,1.24,0,5.47,0,12.36,3.64,26.08,78,27.5
24-11-2019 08:20,6.2,35,0,28.07,7.87,1.12,0,4.72,0,10.22,3.54,26.09,77,27.5
24-11-2019 08:30,6.3,35,0,28.09,7.88,1.21,0,5.79,0,13.57,3.67,26.11,76,27.5
24-11-2019 08:40,6.4,32,0,28.1,7.88,1.22,0,5.32,0,7.44,3.65,26.12,75,27.6
24-11-2019 08:50,6.2,33,0,28.14,7.89,1.25,0,4.5,0,9.48,3.72,26.14,75,27.6
24-11-2019 09:00,6.2,34,0,28.17,7.88,1.39,0,5.45,0,8.35,3.56,26.16,76,27.8
24-11-2019 09:10,6.3,35,0,28.2,7.88,1.33,0,6.22,0,16.53,3.52,26.17,73,27.7
24-11-2019 09:20,6.2,35,0,28.27,7.88,1.48,0,4.78,0,11.08,3.41,26.22,77,27.8
24-11-2019 09:30,5.6,40,0,28.3,7.89,1.47,0,5.08,0,6.03,3.43,26.23,76,27.8
24-11-2019 09:40,6.1,39,0,28.32,7.89,1.37,0,6.18,0,25.28,3.49,26.25,75,27.8
24-11-2019 09:50,6.1,37,0,28.33,7.89,1.29,0,4.12,0,8,3.45,26.24,73,27.8
24-11-2019 10:00,6,31,0,28.31,7.89,1.6,0,4.62,0,10.12,3.52,26.17,78,27.9
24-11-2019 10:10,6.3,35,0,28.4,7.88,1.21,0,3.79,0,7.93,3.29,26.24,75,27.7
24-11-2019 10:20,6.6,26,0,28.34,7.87,1.38,0,4.71,0,8.55,3.45,26.17,77,27.7
24-11-2019 10:30,6.5,29,0,28.33,7.86,1.52,0,4.48,0,10.4,3.26,26.16,78,27.7
24-11-2019 10:40,7,30,0,28.38,7.86,1.46,0,4.7,0,10.17,3.32,26.2,77,27.7
24-11-2019 10:50,6.7,26,0,28.36,7.86,1.59,0,4.87,0,8.83,3.23,26.18,77,27.6
24-11-2019 11:00,6.8,24,0,28.36,7.84,2.29,0,5.4,0,11.93,3.09,26.15,77,27.7
24-11-2019 11:10,6.7,30,0,28.37,7.84,1.73,0,5.55,0,15.27,3.18,26.15,78,27.7
24-11-2019 11:20,6.6,30,0,28.38,7.84,1.73,0,5.07,0,10.96,3.17,26.14,76,27.7
24-11-2019 11:30,6.9,29,0,28.4,7.83,1.8,0,4.17,0,8.85,3.06,26.15,76,27.7
24-11-2019 11:40,6.9,31,0,28.44,7.83,1.68,0,4.74,0,9.94,2.86,26.17,77,27.8
24-11-2019 11:50,7,33,0,28.43,7.84,1.99,0,5.07,0,10.96,3.2,26.16,76,27.8
24-11-2019 12:00,6.7,30,0,28.42,7.85,1.78,0,5.64,0,11.37,3.27,26.18,75,27.8
24-11-2019 12:10,6.9,35,0,28.44,7.84,1.91,0,5.59,0,15.11,3.23,26.15,75,27.9
24-11-2019 12:20,6.8,36,0,28.44,7.86,1.95,0,6.1,0,12.47,3.34,26.23,74,27.9
24-11-2019 12:30,7.3,32,0,28.46,7.88,1.88,0,6.08,0,14.34,3.51,26.19,74,27.7
24-11-2019 12:40,7.2,31,0,28.48,7.86,1.8,0,5.64,0,7.42,3.23,26.2,75,27.7
24-11-2019 12:50,7.2,36,0,28.49,7.87,1.72,0,5.61,0,12.79,3.42,26.18,76,27.8
24-11-2019 13:00,6.7,33,0,28.51,7.87,2.1,0,5.12,0,10.77,3.32,26.21,73,27.9
24-11-2019 13:10,6.8,32,0,28.55,7.89,1.71,0,4.86,0,10.08,3.44,26.28,74,27.8
24-11-2019 13:20,7.1,34,0,28.52,7.88,1.64,0,5.9,0,10.12,3.44,26.21,75,27.7
24-11-2019 13:30,6.9,32,0,28.53,7.89,1.84,0,7.12,0,15.14,3.71,26.2,76,27.8
24-11-2019 13:40,7.1,33,0,28.54,7.9,1.97,0,6.46,0,9.06,3.68,26.2,75,27.7
24-11-2019 13:50,7.1,32,0,28.51,7.91,1.62,0,7.68,0,15.81,3.95,26.18,76,27.8
24-11-2019 14:00,7.2,31,0,28.51,7.91,1.55,0,6.17,0,14.11,3.99,26.2,75,27.7
24-11-2019 14:10,7.4,35,0,28.53,7.92,1.57,0,7.96,0,15.26,4.18,26.15,75,27.8
24-11-2019 14:20,7.3,33,0,28.57,7.91,1.63,0,7.72,0,12.55,4.17,26.17,75,27.7
24-11-2019 14:30,7.1,33,0,28.57,7.93,1.73,0,8.09,0,16.71,4.17,26.19,78,27.8
24-11-2019 14:40,7.1,30,0,28.61,7.91,1.74,0,8.95,0,19.81,3.76,26.23,75,27.7
24-11-2019 14:50,6.8,31,0,28.6,7.89,1.6,0,7.73,0,18.81,3.68,26.22,76,27.7
24-11-2019 15:00,6.8,29,0,28.61,7.9,1.75,0,7.25,0,14.05,3.76,26.21,76,27.7
24-11-2019 15:10,6.8,26,0,28.58,7.89,1.9,0,8.68,0,14.21,3.65,26.2,74,27.7
24-11-2019 15:20,6.8,29,0,28.58,7.9,1.62,0,9.62,0,19.06,3.98,26.18,74,27.7
24-11-2019 15:30,7.1,28,0,28.55,7.92,1.71,0,9.39,0,26.04,4.35,26.16,75,27.7
24-11-2019 15:40,7.3,28,0,28.52,7.93,1.81,0,10.77,0,28.48,4.41,26.16,75,27.7
24-11-2019 15:50,6.9,26,0,28.5,7.92,1.75,0,12.35,0,36.11,4.21,26.17,75,27.7
24-11-2019 16:00,6.9,28,0,28.5,7.94,1.66,0,11.9,0,37.59,4.57,26.17,77,27.8
24-11-2019 16:10,6.8,26,0,28.5,7.95,1.63,0,12.87,0,22.59,4.81,26.14,73,27.7
24-11-2019 16:20,7.2,29,0,28.47,7.94,1.53,0,12.77,0,29.13,4.59,26.16,76,27.8
24-11-2019 16:30,7.2,28,0,28.46,7.94,1.75,0,11.35,0,25.73,4.72,26.17,76,27.8
24-11-2019 16:40,6.5,18,0,28.46,7.93,1.75,0,18.33,0,47.79,4.3,26.19,74,27.8
24-11-2019 16:50,6.8,25,0,28.48,7.92,1.65,0,15.13,0,25.81,4.17,26.18,76,27.9
24-11-2019 17:00,6.8,10,0,28.45,7.94,1.61,0,12.51,0,22.7,4.66,26.16,75,27.9
24-11-2019 17:10,6.1,357,0,28.43,7.89,1.94,0,12.65,0,22.73,3.85,26.19,75,27.9
24-11-2019 17:20,5.8,4,0,28.41,7.93,1.37,0,14.63,0,28.76,4.67,26.15,74,27.7
24-11-2019 17:30,6,14,0,28.41,7.92,1.44,0,16.6,0,30.97,4.51,26.16,73,27.7
24-11-2019 17:40,6,12,0,28.39,7.93,1.58,0,27.25,0,58.96,4.45,26.17,75,27.7
24-11-2019 17:50,5.2,15,0,28.36,7.93,1.53,0,25.08,0,46.73,4.66,26.17,75,27.7
24-11-2019 18:00,5.5,9,0,28.33,7.94,1.61,0,24.7,0,48.4,4.78,26.18,76,27.7
24-11-2019 18:10,6,6,0,28.32,7.96,1.22,0,13.11,0,25.72,4.89,26.2,76,27.7
24-11-2019 18:20,5.1,8,0,28.31,7.94,1.35,0,33.11,0,54.21,4.79,26.18,76,27.7
24-11-2019 18:30,5.4,359,0,28.32,7.95,1.12,0,19.46,0,40.32,4.86,26.17,77,27.7
24-11-2019 18:40,5.2,358,0,28.31,7.96,1.22,0,17.72,0,48.7,4.97,26.17,78,27.7
24-11-2019 18:50,5.3,8,0,28.3,7.96,1.31,0,17.14,0,22.94,4.89,26.18,77,27.6
24-11-2019 19:00,5.7,1,0,28.3,7.95,1.38,0,15.77,0,37.99,4.85,26.19,78,27.6
24-11-2019 19:10,6.1,10,0,28.27,7.93,1.8,0,20.36,0,49.4,4.5,26.22,78,27.6
24-11-2019 19:20,6.1,11,0,28.27,7.91,1.62,0,11.2,0,21.67,4.15,26.24,77,27.6
24-11-2019 19:30,6,13,0,28.32,7.91,1.64,0,11.98,0,47.99,4.13,26.22,78,27.7
24-11-2019 19:40,6.2,12,0,28.3,7.93,1.62,0,15.78,0,36.47,4.47,26.24,77,27.6
24-11-2019 19:50,6.2,8,0,28.3,7.95,1.25,0,16.7,0,41.12,4.78,26.25,77,27.6
24-11-2019 20:00,5.7,5,0,28.27,7.95,1.33,0,18.8,0,44.41,4.66,26.23,77,27.5
24-11-2019 20:10,5.2,7,0,28.29,7.98,1.38,0,26.19,0,52.21,5.1,26.23,77,27.6
24-11-2019 20:20,5.2,7,0,28.26,7.95,1.23,0,17.06,0,36.78,4.79,26.24,78,27.7
24-11-2019 20:30,5.4,10,0,28.25,7.94,1.33,0,13.73,0,32.22,4.73,26.22,76,27.7
24-11-2019 20:40,6.1,13,0,28.27,7.95,1.44,0,13.06,0,30.37,4.88,26.23,76,27.7
24-11-2019 20:50,6,9,0,28.29,7.96,1.35,0,22.5,0,26.38,4.91,26.24,76,27.6
24-11-2019 21:00,5.2,11,0,28.3,7.97,1.28,0,20.11,0,44.38,4.96,26.25,77,27.7
24-11-2019 21:10,5.5,8,0,28.29,7.96,1.35,0,15.14,0,39.59,4.95,26.24,76,27.6
24-11-2019 21:20,5.6,11,0,28.24,7.96,1.27,0,14.34,0,28.61,4.93,26.26,77,27.7
24-11-2019 21:30,6,17,0,28.24,7.95,1.23,0,14.36,0,40.65,4.83,26.25,78,27.6
24-11-2019 21:40,6.3,18,0,28.28,7.96,1.47,0,14.45,0,22.98,4.96,26.26,77,27.7
24-11-2019 21:50,7,21,0,28.28,7.96,1.26,0,20.58,0,40.07,4.92,26.27,76,27.6
24-11-2019 22:00,5.5,9,0,28.28,7.96,1.31,0,13.34,0,37.06,4.94,26.27,75,27.6
24-11-2019 22:10,5.9,15,0,28.3,7.97,1.24,0,14.48,0,33.21,5.02,26.28,78,27.6
24-11-2019 22:20,5.5,12,0,28.26,7.97,1.21,0,13.21,0,32.15,4.96,26.31,76,27.6
24-11-2019 22:30,5.2,16,0,28.2,7.95,1.27,0,12.78,0,29.38,4.69,26.33,78,27.6
24-11-2019 22:40,6.8,24,0,28.24,7.96,1.42,0,14.11,0,16.9,4.85,26.32,79,27.6
24-11-2019 22:50,6.5,19,0,28.25,7.97,1.33,0,11.22,0,31.11,4.88,26.34,80,27.7
24-11-2019 23:00,7,23,0,28.27,7.96,1.32,0,13.54,0,20.58,4.86,26.35,77,27.6
24-11-2019 23:10,7.5,30,0,28.28,7.97,1.4,0,15.01,0,32.17,4.91,26.38,77,27.6
24-11-2019 23:20,7.5,28,0,28.3,7.98,1.48,0,14.92,0,35.6,4.95,26.41,80,27.7
24-11-2019 23:30,7.8,31,0,28.28,7.97,1.75,0,32.34,0,52.17,4.79,26.44,79,27.6
24-11-2019 23:40,7.5,32,0,28.28,7.97,1.63,0,23.13,0,46.67,4.65,26.47,78,27.7
24-11-2019 23:50,7.5,34,0,28.28,7.95,1.52,0,11.45,0,23.61,4.41,26.48,77,27.6
25-11-2019 00:00,7.5,34,0,28.27,7.94,1.5,0,9.51,0,21.16,4.27,26.48,80,27.6
25-11-2019 00:10,7.1,34,0,28.26,7.93,1.61,0,11.16,0,32.17,4.1,26.47,73,27.7
25-11-2019 00:20,6.4,32,0,28.28,7.93,1.42,0,15.04,0,28.12,4.11,26.47,72,27.6
25-11-2019 00:30,5.2,22,0,28.26,7.91,1.32,0,13.87,0,19.76,3.88,26.47,78,27.7
25-11-2019 00:40,5.9,23,0,28.18,7.9,1.44,0,7.96,0,16.37,3.92,26.4,78,27.6
25-11-2019 00:50,6.7,28,0,28.15,7.89,1.41,0,12.57,0,22.39,3.94,26.39,76,27.6
25-11-2019 01:00,6.5,28,0,28.18,7.91,1.49,0,16.1,0,21.26,4.18,26.37,79,27.7
25-11-2019 01:10,6.3,27,0,28.21,7.91,1.28,0,8.71,0,32.64,4.24,26.37,78,27.6
25-11-2019 01:20,5.5,18,0,28.24,7.92,1.23,0,13.97,0,25.46,4.39,26.38,77,27.5
25-11-2019 01:30,5.9,20,0,28.22,7.92,1.27,0,8.6,0,26.63,4.29,26.37,76,27.5
25-11-2019 01:40,5,9,0,28.18,7.9,1.29,0,14.13,0,25.29,4.22,26.35,79,27.6
25-11-2019 01:50,4.6,2,0,28.21,7.92,1.06,0,15.75,0,30.53,4.32,26.36,77,27.5
25-11-2019 02:00,4.6,9,0,28.2,7.91,1.37,0,26.6,0,55.83,4.3,26.36,78,27.5
25-11-2019 02:10,5.8,13,0,28.2,7.92,1.15,0,11.39,0,30.31,4.39,26.37,82,27.7
25-11-2019 02:20,6.2,15,0,28.19,7.91,1.33,0,23.78,0,35.8,4.32,26.38,80,27.7
25-11-2019 02:30,4,0,0,28.16,7.88,1.15,0,11.73,0,25.09,3.91,26.36,83,27
25-11-2019 02:40,4.1,1,0,28.19,7.91,1.39,0,13.34,0,18.86,4.23,26.38,84,26.7
25-11-2019 02:50,3.3,10,0,28.18,7.92,1.33,0,14.59,0,28.43,4.39,26.38,83,27.1
25-11-2019 03:00,6.8,26,0,28.16,7.92,1.17,0,9.62,0,16.83,4.43,26.37,72,27
25-11-2019 03:10,5.1,10,0,28.17,7.93,1.31,0,12.92,0,24.48,4.43,26.38,75,27.1
25-11-2019 03:20,3.3,330,0,28.16,7.93,1.16,0,12.14,0,22.25,4.52,26.38,81,26.4
25-11-2019 03:30,3.5,337,0,28.15,7.96,1.64,0,12.65,0,16.59,4.77,26.37,84,26.3
25-11-2019 03:40,3.7,340,0,28.14,7.96,1.34,0,12.75,0,31.48,4.82,26.38,85,26.1
25-11-2019 03:50,3.2,341,0,28.2,7.95,1.77,0,16.24,0,23.04,4.59,26.45,87,26
25-11-2019 04:00,3.2,333,0,28.21,7.97,1.9,0,12.34,0,22.95,4.68,26.49,88,25.9
25-11-2019 04:10,3.4,337,0,28.15,7.97,1.41,0,15.03,0,23.59,4.75,26.45,88,25.9
25-11-2019 04:20,3.6,340,0,28.16,7.97,1.52,0,13.1,0,27.95,4.72,26.47,88,25.8
25-11-2019 04:30,3.5,344,0,28.16,7.92,1.21,0,13.02,0,28.68,4.21,26.45,89,25.8
25-11-2019 04:40,3.6,341,0,28.14,7.92,1.21,0,7.02,0,27.9,4.28,26.43,88,25.7
25-11-2019 04:50,3.6,339,0,28.15,7.93,1.34,0,18.92,0,28.41,4.41,26.44,89,25.9
25-11-2019 05:00,3.6,334,0,28.13,7.92,1.15,0,11.34,0,24.28,4.35,26.43,88,25.7
25-11-2019 05:10,4.4,342,0,28.11,7.92,1.43,0,12.1,0,30,4.29,26.42,87,25.8
25-11-2019 05:20,4.2,341,0,28.11,7.92,1.21,0,10.03,0,34.06,4.31,26.42,88,25.8
25-11-2019 05:30,3.8,338,0,28.08,7.93,1.26,0,10.57,0,17.68,4.37,26.4,89,25.5
25-11-2019 05:40,4.1,335,0,28.1,7.93,1.37,0,14.8,0,29.23,4.35,26.43,89,25.5
25-11-2019 05:50,4.2,339,0,28.11,7.92,1.33,0,11.49,0,23.5,4.16,26.44,89,25.6
25-11-2019 06:00,4.4,339,0,28.09,7.9,1.27,0,8.69,0,31.55,4.09,26.45,88,25.6
25-11-2019 06:10,4.6,338,0,28.07,7.9,1.32,0,11.64,0,28.29,4.01,26.45,89,25.6
25-11-2019 06:20,4.5,338,0,28.09,7.92,1.3,0,12.38,0,21.12,4.17,26.49,88,25.5
25-11-2019 06:30,4.6,340,0,28.08,7.92,1.33,0,8.54,0,12.34,4.08,26.48,89,25.4
25-11-2019 06:40,4.5,336,0,28.06,7.9,1.24,0,11.78,0,23.31,4.05,26.47,89,25.5
25-11-2019 06:50,3.9,335,0,28.07,7.92,1.28,0,8.54,0,10.7,4.22,26.48,88,25.3
25-11-2019 07:00,4.2,339,0,28.06,7.91,1.5,0,9.91,0,20.92,4.16,26.49,88,25.4
25-11-2019 07:10,4.1,337,0,28.09,7.93,1.55,0,11.32,0,21.26,4.24,26.52,88,25.5
25-11-2019 07:20,3.5,334,0,28.08,7.93,1.48,0,9.32,0,25.75,4.22,26.52,88,25.5
25-11-2019 07:30,3.5,334,0,28.07,7.92,1.39,0,8,0,14.48,4.24,26.52,89,25.5
25-11-2019 07:40,3.7,340,0,28.07,7.92,1.39,0,7.62,0,10.83,4.17,26.51,88,25.6
25-11-2019 07:50,3.9,344,0,28.07,7.93,1.66,0,6.66,0,11.71,4.19,26.52,88,25.6
25-11-2019 08:00,4,343,0,28.08,7.93,1.39,0,7.03,0,11.61,4.21,26.52,87,25.7
25-11-2019 08:10,4.1,346,0,28.06,7.91,1.71,0,5.54,0,9.02,4.09,26.52,87,26
25-11-2019 08:20,4.8,344,0,28.05,7.9,1.36,0,6.54,0,10.31,3.99,26.51,86,26
25-11-2019 08:30,4.4,345,0,28.07,7.91,1.4,0,8.18,0,22.07,4.05,26.52,87,26.3
25-11-2019 08:40,3.8,344,0,28.08,7.92,1.43,0,7.31,0,10.96,4.14,26.54,86,26.4
25-11-2019 08:50,4.4,341,0,28.07,7.91,1.35,0,13.07,0,26.31,4.11,26.53,85,26.3
25-11-2019 09:00,4,343,0,28.08,7.91,1.7,0,6.05,0,17.94,4.06,26.53,84,26.7
25-11-2019 09:10,4.4,356,0,28.08,7.91,1.27,0,6.29,0,11.11,4.06,26.53,82,27.1
25-11-2019 09:20,4.2,1,0,28.08,7.91,1.27,0,7.79,0,13.97,4.06,26.54,80,27.3
25-11-2019 09:30,5.8,15,0,28.08,7.91,1.25,0,5.17,0,11,4.07,26.53,79,27.8
25-11-2019 09:40,6.9,25,0,28.1,7.9,1.69,0,7.78,0,16.38,4,26.53,77,27.9
25-11-2019 09:50,7,26,0,28.11,7.9,1.4,0,9.13,0,15,4.05,26.53,79,27.9
25-11-2019 10:00,7,26,0,28.13,7.91,1.42,0,5.58,0,15.41,4.15,26.55,78,27.9
25-11-2019 10:10,6.7,27,0,28.16,7.92,1.52,0,7.4,0,15.89,4.31,26.56,78,27.9
25-11-2019 10:20,7.2,24,0,28.17,7.93,1.36,0,7.62,0,15.58,4.34,26.58,79,27.8
25-11-2019 10:30,7,21,0,28.21,7.94,1.47,0,6.31,0,19.47,4.31,26.61,79,27.7
25-11-2019 10:40,7.3,20,0,28.23,7.93,1.7,0,8.78,0,15.02,4.19,26.65,79,27.8
25-11-2019 10:50,7.2,21,0,28.24,7.93,1.45,0,5.19,0,10.33,4.14,26.66,78,27.9
25-11-2019 11:00,7.4,23,0,28.23,7.92,1.53,0,5.55,0,7.11,4.08,26.66,76,28
25-11-2019 11:10,7.2,29,0,28.23,7.91,1.46,0,4.39,0,8.7,3.94,26.66,76,28
25-11-2019 11:20,6.8,29,0,28.28,7.92,1.38,0,5.09,0,9.04,4.02,26.68,79,28.1
25-11-2019 11:30,6.9,25,0,28.33,7.94,1.72,0,5.35,0,10.68,4.15,26.67,75,28
25-11-2019 11:40,7.1,31,0,28.33,7.95,1.6,0,5.67,0,9.72,4.39,26.64,77,28
25-11-2019 11:50,6.9,29,0,28.37,7.94,1.72,0,6.19,0,10.29,4.23,26.64,78,28
25-11-2019 12:00,6.8,29,0,28.37,7.94,1.66,0,6.43,0,10.25,4.22,26.64,77,27.9
25-11-2019 12:10,7.2,25,0,28.38,7.94,1.7,0,6.22,0,12.88,4.2,26.61,77,28
25-11-2019 12:20,7.1,29,0,28.41,7.93,1.76,0,5.76,0,18.3,4.14,26.62,75,28
25-11-2019 12:30,7.3,34,0,28.42,7.93,1.78,0,5.6,0,8.33,4.1,26.66,76,28
25-11-2019 12:40,7.2,33,0,28.46,7.94,2.72,0,4.78,0,11.64,4.22,26.66,78,27.9
25-11-2019 12:50,6.9,33,0,28.49,7.93,1.69,0,6.19,0,14.93,4.17,26.68,77,27.9
25-11-2019 13:00,6.8,31,0,28.52,7.92,1.61,0,5.49,0,9.68,4.09,26.68,80,28
25-11-2019 13:10,7.2,36,0,28.53,7.92,1.55,0,5.99,0,15.07,4.05,26.69,77,27.9
25-11-2019 13:20,6.8,31,0,28.54,7.93,1.68,0,5.34,0,18.55,4.09,26.68,78,27.9
25-11-2019 13:30,7.1,32,0,28.52,7.93,1.61,0,5.93,0,12.64,4.15,26.65,79,28.1
25-11-2019 13:40,7,30,0,28.5,7.94,1.91,0,7.81,0,20.1,4.25,26.65,78,28
25-11-2019 13:50,6.9,31,0,28.54,7.92,1.84,0,4.95,0,11.33,4.05,26.67,75,28
25-11-2019 14:00,6.4,27,0,28.56,7.93,1.6,0,5.88,0,12.25,4.11,26.69,75,28
25-11-2019 14:10,6.5,28,0,28.57,7.93,1.93,0,7.92,0,14.99,4.24,26.69,74,28
25-11-2019 14:20,6.4,29,0,28.54,7.94,2.28,0,7.4,0,20.9,4.25,26.65,75,28
25-11-2019 14:30,6.4,33,0,28.53,7.95,1.97,0,8.97,0,17.8,4.39,26.61,77,28
25-11-2019 14:40,6.4,33,0,28.54,7.96,2.46,0,10.27,0,21.94,4.62,26.61,78,28
25-11-2019 14:50,5.9,41,0,28.54,7.96,1.84,0,7.17,0,13.38,4.69,26.63,75,28
25-11-2019 15:00,6.1,40,0,28.56,7.96,1.99,0,10.74,0,32.51,4.62,26.62,76,28
25-11-2019 15:10,5.8,41,0,28.53,7.97,2.36,0,12.02,0,27.44,4.73,26.62,75,27.9
25-11-2019 15:20,6,39,0,28.56,7.95,1.79,0,15.19,0,51,4.49,26.61,77,28
25-11-2019 15:30,5.6,39,0,28.56,7.94,1.55,0,12.6,0,15.84,4.45,26.64,78,28.1
25-11-2019 15:40,5.8,32,0,28.53,7.97,1.73,0,20.77,0,35.77,4.81,26.62,79,28
25-11-2019 15:50,6,33,0,28.5,7.96,2.33,0,12.83,0,27.28,4.68,26.6,77,28
25-11-2019 16:00,6.5,37,0,28.49,7.96,1.8,0,14.94,0,28.26,4.84,26.56,76,28
25-11-2019 16:10,6.5,37,0,28.49,7.98,2,0,22.08,0,74.85,5.11,26.55,79,28
25-11-2019 16:20,6.8,34,0,28.46,7.97,1.77,0,17.93,0,35.97,5.05,26.55,77,27.9
25-11-2019 16:30,6.4,31,0,28.45,7.97,1.81,0,15.49,0,28.81,5.03,26.55,78,27.8
25-11-2019 16:40,6.7,31,0,28.43,7.97,1.81,0,19.61,0,34.13,5.16,26.55,80,27.9
25-11-2019 16:50,6.3,29,0,28.43,7.96,1.93,0,17.79,0,30.41,4.93,26.56,78,27.8
25-11-2019 17:00,6.2,34,0,28.41,7.96,1.91,0,16.22,0,30.54,4.99,26.55,75,27.8
25-11-2019 17:10,5.8,31,0,28.42,7.96,1.66,0,21,0,36.47,5.04,26.55,76,27.8
25-11-2019 17:20,6.2,32,0,28.42,7.96,1.56,0,28.13,0,52.89,5.1,26.54,77,27.8
25-11-2019 17:30,6.3,30,0,28.41,7.96,1.74,0,19.57,0,38.35,5.03,26.55,76,27.8
25-11-2019 17:40,6.1,34,0,28.39,7.96,1.61,0,21.15,0,52.19,5.02,26.55,77,27.7
25-11-2019 17:50,6.3,34,0,28.38,7.95,1.53,0,18.1,0,35.3,4.89,26.54,75,27.7
25-11-2019 18:00,6,29,0,28.38,7.94,1.54,0,25.81,0,39.94,4.85,26.54,78,27.8
25-11-2019 18:10,5.8,32,0,28.36,7.94,1.46,0,24.85,0,42.45,4.87,26.54,78,27.7
25-11-2019 18:20,6.3,35,0,28.35,7.94,1.48,0,19.69,0,50.45,4.81,26.54,78,27.7
25-11-2019 18:30,6,32,0,28.34,7.94,1.59,0,39.47,0,67.66,4.86,26.53,77,27.7
25-11-2019 18:40,6,31,0,28.33,7.94,1.5,0,39.72,0,77.3,4.9,26.54,79,27.6
25-11-2019 18:50,5.9,37,0,28.33,7.92,1.8,0,22.89,0,47.56,4.6,26.55,79,27.6
25-11-2019 19:00,6.4,36,0,28.34,7.91,1.6,0,12.95,0,38.55,4.5,26.56,78,27.7
25-11-2019 19:10,5.8,41,0,28.34,7.9,1.92,0,17.17,0,32.75,4.23,26.57,80,27.7
25-11-2019 19:20,6,41,0,28.34,7.88,1.53,0,12.08,0,25.1,4.03,26.57,80,27.7
25-11-2019 19:30,5.9,41,0,28.33,7.89,1.58,0,21.44,0,45.92,4.17,26.58,76,27.6
25-11-2019 19:40,6.4,39,0,28.31,7.9,1.61,0,13.39,0,26.94,4.32,26.57,78,27.7
25-11-2019 19:50,6.2,37,0,28.3,7.91,1.53,0,14.69,0,33.35,4.46,26.57,77,27.7
25-11-2019 20:00,6,36,0,28.3,7.9,1.6,0,14.33,0,36.63,4.25,26.59,77,27.7
25-11-2019 20:10,6.4,35,0,28.3,7.9,1.55,0,29.52,0,56.02,4.27,26.59,77,27.7
25-11-2019 20:20,6.1,35,0,28.28,7.9,1.58,0,16.63,0,52.46,4.22,26.61,77,27.6
25-11-2019 20:30,5.8,41,0,28.25,7.9,1.54,0,14.98,0,34.69,4.39,26.59,74,27.7
25-11-2019 20:40,5.6,39,0,28.25,7.91,1.47,0,19.73,0,36.93,4.41,26.61,77,27.7
25-11-2019 20:50,5.8,34,0,28.22,7.92,1.78,0,21.67,0,36,4.5,26.58,79,27.7
25-11-2019 21:00,4.7,44,0,28.21,7.91,1.51,0,15.9,0,41.32,4.5,26.59,77,27.7
25-11-2019 21:10,5.5,43,0,28.22,7.9,1.47,0,20.75,0,54.8,4.26,26.6,76,27.8
25-11-2019 21:20,5.7,40,0,28.19,7.9,1.66,0,17.9,0,32.24,4.34,26.58,77,27.9
25-11-2019 21:30,5.6,35,0,28.17,7.93,1.54,0,14.55,0,36.36,4.69,26.58,76,27.8
25-11-2019 21:40,5,42,0,28.17,7.93,1.53,0,11.9,0,23.91,4.67,26.59,76,27.9
25-11-2019 21:50,5.7,48,0,28.18,7.93,1.55,0,19.07,0,39.01,4.76,26.59,73,27.8
25-11-2019 22:00,5.4,48,0,28.17,7.93,1.65,0,15.57,0,40.47,4.61,26.59,76,27.8
25-11-2019 22:10,5.6,35,0,28.17,7.92,1.45,0,16.79,0,37.34,4.5,26.6,75,27.8
25-11-2019 22:20,5.4,38,0,28.17,7.91,1.45,0,15.29,0,33.85,4.44,26.6,75,27.8
25-11-2019 22:30,4.6,36,0,28.16,7.91,1.52,0,16.57,0,33.6,4.44,26.59,77,27.8
25-11-2019 22:40,6,41,0,28.15,7.9,1.58,0,14.22,0,34.64,4.38,26.59,74,27.9
25-11-2019 22:50,5.3,46,0,28.16,7.91,1.39,0,15.55,0,39.71,4.47,26.59,74,27.8
25-11-2019 23:00,5.1,39,0,28.15,7.9,1.42,0,22.93,0,43.8,4.3,26.6,75,27.8
25-11-2019 23:10,5.1,43,0,28.14,7.92,1.5,0,21.15,0,51.3,4.51,26.59,77,27.8
25-11-2019 23:20,4.9,57,0,28.13,7.91,1.4,0,29.64,0,35.56,4.45,26.59,78,27.8
25-11-2019 23:30,5.1,55,0,28.11,7.91,1.47,0,12.66,0,23.66,4.53,26.59,78,27.7
25-11-2019 23:40,5.5,44,0,28.11,7.91,1.34,0,35.08,0,58.1,4.5,26.59,76,27.9
25-11-2019 23:50,5.6,43,0,28.1,7.91,1.42,0,14.87,0,26.25,4.46,26.59,75,27.8
26-11-2019 00:00,5.3,45,0,28.11,7.91,1.6,0,14.97,0,34.94,4.45,26.6,77,27.7
26-11-2019 00:10,5.6,48,0,28.1,7.92,1.48,0,14.82,0,36.57,4.55,26.61,73,27.9
26-11-2019 00:20,5.5,44,0,28.11,7.92,1.57,0,23.78,0,47.69,4.54,26.62,77,27.8
26-11-2019 00:30,5.3,44,0,28.12,7.93,1.38,0,23.38,0,40.51,4.67,26.62,75,27.7
26-11-2019 00:40,4.7,48,0,28.12,7.93,1.57,0,16.3,0,47.89,4.64,26.62,78,27.7
26-11-2019 00:50,5.4,45,0,28.11,7.94,1.43,0,15.5,0,26.93,4.73,26.63,75,27.7
26-11-2019 01:00,5.2,45,0,28.1,7.93,1.49,0,21.64,0,53.74,4.64,26.63,74,27.7
26-11-2019 01:10,5.1,43,0,28.1,7.93,1.48,0,11.08,0,26.66,4.71,26.63,78,27.6
26-11-2019 01:20,4.8,42,0,28.11,7.94,1.48,0,19.49,0,41.51,4.68,26.64,75,27.7
26-11-2019 01:30,5,43,0,28.1,7.92,1.57,0,17.19,0,35.74,4.54,26.64,79,27.6
26-11-2019 01:40,5.2,41,0,28.13,7.91,1.47,0,13.96,0,36.83,4.36,26.65,73,27.6
26-11-2019 01:50,4.7,48,0,28.11,7.9,1.59,0,13.62,0,29.31,4.26,26.64,76,27.6
26-11-2019 02:00,4.6,45,0,28.12,7.92,1.35,0,14.93,0,29.54,4.43,26.65,76,27.5
26-11-2019 02:10,4.3,48,0,28.11,7.9,1.74,0,11.31,0,37.84,4.25,26.65,77,27.5
26-11-2019 02:20,4.6,50,0,28.09,7.9,1.3,0,20.46,0,42.15,4.24,26.65,77,27.5
26-11-2019 02:30,5,46,0,28.08,7.91,1.79,0,21.49,0,44.88,4.41,26.65,75,27.5
26-11-2019 02:40,4.7,50,0,28.08,7.92,1.53,0,20.49,0,45.66,4.57,26.65,77,27.5
26-11-2019 02:50,4.8,51,0,28.05,7.91,1.68,0,15.86,0,29.73,4.53,26.65,77,27.4
26-11-2019 03:00,4.8,52,0,28.05,7.89,1.63,0,14.35,0,37.41,4.28,26.65,77,27.4
26-11-2019 03:10,4.7,51,0,28.05,7.9,1.42,0,11.97,0,31.91,4.27,26.66,75,27.4
26-11-2019 03:20,5,49,0,28.03,7.89,1.52,0,11.62,0,22.9,4.28,26.66,76,27.4
26-11-2019 03:30,5.3,45,0,28.04,7.89,1.46,0,10.03,0,31.11,4.19,26.66,76,27.3
26-11-2019 03:40,5.2,44,0,28.04,7.88,1.4,0,11.96,0,19.54,4.16,26.66,76,27.3
26-11-2019 03:50,5.7,38,0,28.01,7.87,1.33,0,11.79,0,32.49,4.07,26.66,76,27.3
26-11-2019 04:00,5.9,39,0,28.01,7.86,1.44,0,14.71,0,25.82,3.99,26.68,75,27.3
26-11-2019 04:10,5.4,34,0,28,7.87,1.52,0,11.15,0,18.98,4.07,26.68,76,27.4
26-11-2019 04:20,4.9,41,0,27.99,7.88,1.37,0,7.64,0,14.89,4.15,26.67,76,27.4
26-11-2019 04:30,4.6,44,0,28,7.87,1.34,0,21.34,0,29.84,4.04,26.67,76,27.3
26-11-2019 04:40,5.5,30,0,28,7.87,1.27,0,10.07,0,23.11,3.99,26.68,72,27.3
26-11-2019 04:50,4.8,26,0,27.99,7.88,1.52,0,16.4,0,23.62,4.1,26.69,72,27.3
26-11-2019 05:00,4.8,23,0,27.96,7.9,1.39,0,15.27,0,27.52,4.4,26.67,73,27.4
26-11-2019 05:10,4.8,32,0,27.96,7.9,1.37,0,16.9,0,22.13,4.4,26.67,73,27.1
26-11-2019 05:20,3.7,14,0,27.96,7.91,1.38,0,12.13,0,34.11,4.46,26.68,74,26.7
26-11-2019 05:30,2.8,341,0,27.96,7.9,1.44,0,12.63,0,24.35,4.37,26.68,77,26.4
26-11-2019 05:40,2.9,346,0,27.97,7.91,1.44,0,12.92,0,22.27,4.35,26.69,78,26
26-11-2019 05:50,2.4,338,0,27.95,7.91,1.77,0,18.09,0,32.66,4.37,26.69,80,25.8
26-11-2019 06:00,2.3,334,0,27.96,7.91,1.61,0,14.23,0,22.37,4.32,26.7,81,25.3
26-11-2019 06:10,2.6,328,0,27.92,7.92,1.55,0,20.18,0,28.71,4.59,26.68,83,25.1
26-11-2019 06:20,2.2,324,0,27.91,7.92,2.07,0,24.19,0,40.04,4.56,26.68,85,25
26-11-2019 06:30,2.3,321,0,27.92,7.92,1.82,0,33.11,0,81.5,4.5,26.67,85,24.9
26-11-2019 07:50,3.1,343,0,27.95,7.95,1.33,0,9.49,0,16.66,4.88,26.67,85,25.5
26-11-2019 08:00,3.4,344,0,27.96,7.95,1.4,0,12.7,0,24.75,4.84,26.68,83,25.8
26-11-2019 08:10,2.9,349,0,27.97,7.95,1.33,0,8.77,0,18.07,4.92,26.68,83,26.1
26-11-2019 08:20,3.1,348,0,27.99,7.96,1.45,0,6.97,0,13.14,5.01,26.68,81,26.6
26-11-2019 08:30,3.2,348,0,28,7.96,1.5,0,9.52,0,11.45,5.12,26.67,80,26.9
26-11-2019 08:40,4,19,0,28.02,7.96,1.54,0,11.47,0,24.25,5.08,26.68,79,27.8
26-11-2019 08:50,5.9,41,0,28,7.94,1.53,0,7.13,0,15.54,4.95,26.68,78,27.9
26-11-2019 09:00,6.5,38,0,27.99,7.91,1.47,0,7.15,0,14.47,4.67,26.68,76,27.9
26-11-2019 09:10,5.7,41,0,28.01,7.89,1.29,0,7.65,0,14.98,4.45,26.69,76,27.9
26-11-2019 09:20,5.9,37,0,28.03,7.88,1.44,0,7.05,0,13.34,4.32,26.7,77,28
26-11-2019 09:30,6.2,32,0,28.05,7.89,1.57,0,6.77,0,12.38,4.4,26.71,75,27.9
26-11-2019 09:40,5.7,25,0,28.07,7.89,1.41,0,7.64,0,13.73,4.4,26.72,77,28
26-11-2019 09:50,5.6,32,0,28.08,7.89,1.39,0,5.64,0,10.29,4.32,26.73,77,28
26-11-2019 10:00,5.7,39,0,28.11,7.89,1.5,0,5.1,0,18.71,4.25,26.73,77,27.9
26-11-2019 10:10,6.4,31,0,28.12,7.9,1.23,0,6.63,0,12.12,4.33,26.74,76,28
26-11-2019 10:20,5.9,40,0,28.14,7.9,1.57,0,6.46,0,12.25,4.3,26.76,76,28.2
26-11-2019 10:30,5.8,37,0,28.16,7.9,1.33,0,5.26,0,11.41,4.33,26.77,78,28.2
26-11-2019 10:40,6.1,39,0,28.16,7.92,1.5,0,4.74,0,10.41,4.42,26.8,75,28.3
26-11-2019 10:50,5.9,46,0,28.18,7.92,1.61,0,6.13,0,12.38,4.5,26.82,78,28.2
26-11-2019 11:00,5.7,45,0,28.21,7.9,1.45,0,6.36,0,12.49,4.28,26.8,77,28.1
26-11-2019 11:10,5.6,51,0,28.22,7.89,1.41,0,5.32,0,7.98,4.23,26.8,75,28.2
26-11-2019 11:20,5.6,51,0,28.24,7.91,1.39,0,5.03,0,10.15,4.38,26.82,74,28.4
26-11-2019 11:30,5.4,52,0,28.27,7.93,1.45,0,14.5,0,29.54,4.62,26.82,76,28.4
26-11-2019 11:40,5.6,50,0,28.29,7.94,4.04,0,10.98,0,11.38,4.69,26.81,77,28.4
26-11-2019 11:50,5.8,48,0,28.31,7.94,1.37,0,6.44,0,18.05,4.8,26.81,77,28.3
26-11-2019 12:00,6.3,43,0,28.34,7.94,1.56,0,5.81,0,8.34,4.68,26.82,78,28.4
26-11-2019 12:10,6.3,48,0,28.34,7.95,1.85,0,13.57,0,19.82,4.9,26.82,73,28.2
26-11-2019 12:20,6.4,42,0,28.34,7.97,1.36,0,7.64,0,15.2,5.12,26.82,77,28.4
26-11-2019 12:30,6.6,39,0,28.35,7.98,1.59,0,12.13,0,20.02,5.23,26.83,79,28.3
26-11-2019 12:40,6.6,42,0,28.34,7.98,1.59,0,13.22,0,36.23,5.2,26.83,78,28.2
26-11-2019 12:50,7,39,0,28.32,7.98,8.47,0,13.16,0,51.23,5.26,26.83,79,28.1
26-11-2019 13:00,7.1,38,0,28.33,7.98,1.67,0,10.48,0,18.57,5.27,26.83,78,28.1
26-11-2019 13:10,7.4,38,0,28.32,7.98,1.57,0,12.41,0,21.72,5.35,26.82,79,28.1
26-11-2019 13:20,7.2,36,0,28.31,7.99,1.59,0,24.22,0,89.43,5.28,26.82,80,28.1
26-11-2019 13:30,6.9,34,0,28.31,7.98,1.77,0,15.39,0,27.07,5.21,26.82,81,27.9
26-11-2019 13:40,6.9,26,0,28.31,7.97,1.76,0,16.08,0,31.57,5.19,26.82,82,27.8
26-11-2019 13:50,6,26,0,28.32,7.98,1.58,0,24,0,48.12,5.34,26.8,79,28
26-11-2019 14:00,7.3,36,0,28.33,8,1.69,0,15.18,0,48.41,5.57,26.77,77,28
26-11-2019 14:10,7.4,36,0,28.35,8.02,1.72,0,18.88,0,35.28,5.92,26.74,79,28.1
26-11-2019 14:20,7,38,0,28.34,8.01,1.98,0,16.12,0,30.01,5.8,26.75,79,28.1
26-11-2019 14:30,7.3,39,0,28.32,8.01,1.61,0,13.41,0,25.48,5.85,26.74,77,28.1
26-11-2019 14:40,7.4,38,0,28.31,8,1.64,0,19.17,0,47.75,5.76,26.74,77,28.1
26-11-2019 14:50,7.1,42,0,28.3,7.99,2.22,0,16.65,0,31.53,5.59,26.75,77,28.2
26-11-2019 15:00,7.1,41,0,28.3,8,1.81,0,19.58,0,41.13,5.73,26.75,79,28.2
26-11-2019 15:10,7,38,0,28.3,7.99,1.9,0,19.75,0,37.23,5.52,26.76,78,28.1
26-11-2019 15:20,6.4,40,0,28.31,7.99,1.91,0,22.73,0,61.92,5.62,26.76,79,28.2
26-11-2019 15:30,6.8,39,0,28.31,8,1.68,0,20.6,0,45.84,5.78,26.75,76,28.1
26-11-2019 15:40,7.3,41,0,28.31,8.01,1.78,0,24.99,0,48.09,5.9,26.75,77,28.2
26-11-2019 15:50,6.5,43,0,28.3,8,2.1,0,21.32,0,46.22,5.79,26.76,81,28.2
26-11-2019 16:00,6.6,41,0,28.31,7.98,2.14,0,15.48,0,33.41,5.44,26.78,78,28.2
26-11-2019 16:10,7.1,36,0,28.31,7.97,1.87,0,14.2,0,27.12,5.32,26.78,84,28
26-11-2019 16:20,6.8,33,0,28.32,7.98,1.74,0,17.78,0,43.46,5.49,26.78,82,28.1
26-11-2019 16:30,6.6,38,0,28.31,8,1.9,0,19.76,0,39.4,5.69,26.77,79,28.2
26-11-2019 16:40,6.8,34,0,28.31,7.98,2,0,17.21,0,34.81,5.52,26.77,85,28
26-11-2019 16:50,6.7,27,0,28.31,7.99,1.87,0,20.32,0,29.25,5.6,26.77,84,27.9
26-11-2019 17:00,6.9,29,0,28.3,7.99,1.89,0,23.8,0,70.36,5.71,26.77,84,27.9
26-11-2019 17:10,7.2,25,0,28.3,7.98,2.18,0,26.74,0,50.06,5.5,26.77,86,27.8
26-11-2019 17:20,6.9,25,0,28.27,8,1.83,0,23.97,0,40.83,5.76,26.76,84,27.7
26-11-2019 17:30,6.5,24,0,28.26,8,1.75,0,26.86,0,73.94,5.86,26.76,86,27.7
26-11-2019 17:40,6.6,45,0,28.25,8,1.72,0,36.66,0,76.43,5.81,26.77,77,28.2
26-11-2019 17:50,6.6,53,0,28.26,7.98,1.8,0,30.38,0,54.91,5.52,26.77,77,28.2
26-11-2019 18:00,6.3,56,0,28.24,7.98,1.95,0,25.97,0,48.19,5.55,26.78,77,28.3
26-11-2019 18:10,6,57,0,28.23,7.98,1.84,0,41.34,0,73.56,5.56,26.78,78,28.3
26-11-2019 18:20,6,59,0,28.23,7.98,1.79,0,19.57,0,39.84,5.59,26.77,78,28.3
26-11-2019 18:30,5.6,64,0,28.2,8,1.78,0,34.28,0,90.21,5.87,26.76,78,28.2
26-11-2019 18:40,5.8,62,0,28.19,7.99,2.05,0,19.56,0,79.52,5.78,26.76,80,28.2
26-11-2019 18:50,5.7,64,0,28.19,7.99,2.01,0,27.67,0,63.43,5.77,26.76,80,28.2
26-11-2019 19:00,5.9,63,0,28.18,7.99,1.84,0,31.2,0,60.66,5.8,26.76,76,28.3
26-11-2019 19:10,5.3,60,0,28.18,7.99,1.7,0,34.39,0,69.7,5.68,26.76,81,28.3
26-11-2019 19:20,5.7,62,0,28.18,7.98,1.79,0,24.97,0,51.12,5.55,26.76,81,28.2
26-11-2019 19:30,5.3,59,0,28.17,7.97,1.79,0,22.04,0,44.92,5.54,26.76,80,28.2
26-11-2019 19:40,5.4,63,0,28.15,7.99,1.91,0,35.24,0,67.28,5.73,26.75,81,28.3
26-11-2019 19:50,5.4,58,0,28.13,7.99,1.72,0,33.44,0,70.93,5.8,26.75,79,28.3
26-11-2019 20:00,5.8,54,0,28.12,7.99,1.68,0,26.83,0,56.6,5.71,26.75,80,28.3
26-11-2019 20:10,5.4,56,0,28.12,7.99,2.09,0,25.65,0,46.85,5.69,26.75,77,28.4
26-11-2019 20:20,5.8,55,0,28.1,7.98,1.66,0,26.63,0,58.53,5.66,26.75,78,28.4
26-11-2019 20:30,6,56,0,28.09,7.98,1.62,0,26.19,0,57.93,5.66,26.75,76,28.4
26-11-2019 20:40,6.2,54,0,28.09,7.98,1.74,0,24.66,0,57.63,5.57,26.75,79,28.3
26-11-2019 20:50,5.9,55,0,28.09,7.97,1.56,0,34.62,0,67.49,5.54,26.76,80,28.3
26-11-2019 21:00,6,54,0,28.09,7.96,1.6,0,13.51,0,26.29,5.46,26.76,79,28.4
26-11-2019 21:10,5.9,53,0,28.09,7.96,1.65,0,24.39,0,63.87,5.38,26.76,79,28.4
26-11-2019 21:20,5.6,54,0,28.1,7.96,1.6,0,22.86,0,49.1,5.28,26.77,80,28.3
26-11-2019 21:30,6.1,53,0,28.1,7.95,1.64,0,28.92,0,84.64,5.22,26.78,79,28.3
26-11-2019 21:40,5.8,54,0,28.09,7.95,1.61,0,18.69,0,29.52,5.11,26.8,80,28.3
26-11-2019 21:50,5.3,57,0,28.04,7.94,1.61,0,20.68,0,41.28,4.92,26.84,81,28.2
26-11-2019 22:00,5.6,55,0,28.04,7.95,1.72,0,19.31,0,39.2,4.94,26.88,79,28.2
26-11-2019 22:10,6.7,55,0,28.04,7.95,1.72,0,22.92,0,50.79,4.94,26.88,79,28.2
26-11-2019 22:20,6.1,55,0,28.04,7.96,1.76,0,28.47,0,41.16,4.94,26.89,80,28.1
26-11-2019 22:30,6.5,54,0,28.07,7.94,1.68,0,22.02,0,49.24,4.9,26.85,80,28.2
26-11-2019 22:40,6.6,52,0,28.04,7.94,1.73,0,39.26,0,79.97,4.9,26.86,81,28.1
26-11-2019 22:50,6.7,52,0,28.03,7.95,1.75,0,22.89,0,53.47,4.85,26.89,81,28
26-11-2019 23:00,6.1,53,0,28.04,7.95,1.83,0,23.73,0,36.47,4.83,26.9,82,28
26-11-2019 23:10,6.3,54,0,28.03,7.95,1.91,0,18.4,0,44.84,4.82,26.91,82,28.1
26-11-2019 23:20,5.9,57,0,28.03,7.95,1.68,0,15.04,0,36.29,4.81,26.9,81,28.1
26-11-2019 23:30,6.1,56,0,28.03,7.94,1.55,0,16.06,0,33.66,4.79,26.89,80,28.1
26-11-2019 23:40,6.3,54,0,28.05,7.93,1.75,0,21,0,36.95,4.85,26.83,81,28.1
26-11-2019 23:50,6.3,52,0,28.05,7.93,1.76,0,18.83,0,44.24,4.89,26.83,80,28.1
27-11-2019 00:00,6.1,55,0,28.07,7.93,1.92,0,16.4,0,35.26,4.79,26.84,81,28.1
27-11-2019 00:10,5.5,60,0,28.05,7.93,1.65,0,16.77,0,38.01,4.85,26.81,83,28.1
27-11-2019 00:20,5.6,58,0,28.05,7.92,1.64,0,10.36,0,21.16,4.81,26.8,80,28
27-11-2019 00:30,6.1,56,0,28.04,7.91,1.82,0,17.44,0,48.92,4.78,26.8,81,28.1
27-11-2019 00:40,5.8,54,0,28.03,7.92,1.73,0,12.37,0,29.27,4.83,26.8,83,28
27-11-2019 00:50,5.7,54,0,28.01,7.93,1.56,0,18.65,0,34.3,4.97,26.78,80,28
27-11-2019 01:00,6.2,52,0,28.02,7.89,1.62,0,19.56,0,40.91,4.59,26.79,81,28
27-11-2019 01:10,5.8,51,0,28,7.91,1.67,0,14.6,0,30.73,4.79,26.78,82,28
27-11-2019 01:20,6,51,0,27.99,7.89,1.45,0,23.12,0,41.25,4.68,26.79,80,28
27-11-2019 01:30,6.2,50,0,27.98,7.9,1.41,0,16.16,0,46.24,4.69,26.79,81,27.9
27-11-2019 01:40,5.8,55,0,27.98,7.88,1.53,0,15.5,0,41.4,4.54,26.79,82,28
27-11-2019 01:50,5.7,49,0,27.96,7.87,1.56,0,19.45,0,33.92,4.46,26.79,82,27.9
27-11-2019 02:00,5.6,49,0,27.94,7.86,1.56,0,18.3,0,31.34,4.43,26.78,83,27.8
27-11-2019 02:10,5.9,51,0,27.93,7.87,1.48,0,13.05,0,32.22,4.44,26.78,81,27.8
27-11-2019 02:20,5.8,51,0,27.92,7.86,1.77,0,17.92,0,30.96,4.38,26.78,81,27.8
27-11-2019 02:30,5.8,50,0,27.93,7.86,1.38,0,10.73,0,23.14,4.43,26.79,82,27.8
27-11-2019 02:40,6,48,0,27.92,7.84,1.37,0,11.25,0,28.97,4.25,26.79,82,27.8
27-11-2019 02:50,6.1,45,0,27.92,7.83,1.47,0,10.83,0,23.09,4.2,26.79,82,27.7
27-11-2019 03:00,6.2,45,0,27.91,7.84,1.41,0,14.11,0,32.17,4.22,26.8,83,27.7
27-11-2019 03:10,6.2,44,0,27.91,7.83,1.66,0,14.47,0,40,4.17,26.8,83,27.7
27-11-2019 03:20,6,46,0,27.91,7.84,1.53,0,11.73,0,24.64,4.17,26.81,83,27.7
27-11-2019 03:30,5.7,47,0,27.9,7.84,1.42,0,10.67,0,20.18,4.18,26.84,83,27.6
27-11-2019 03:40,6.1,40,0,27.89,7.91,1.52,0,16.6,0,41.7,4.69,26.9,84,27.7
27-11-2019 03:50,6.3,42,0,27.9,7.91,1.76,0,8.4,0,19.88,4.68,26.89,85,27.6
27-11-2019 04:00,6.3,46,0,27.9,7.92,1.85,0,8.84,0,24.48,4.7,26.9,83,27.7
27-11-2019 04:10,6,50,0,27.9,7.92,1.72,0,15.94,0,36.21,4.66,26.9,82,27.8
27-11-2019 04:20,5.9,54,0,27.89,7.91,1.63,0,10.51,0,21.78,4.66,26.9,83,27.5
27-11-2019 04:30,5.5,52,0,27.9,7.91,1.67,0,15.81,0,37.53,4.62,26.9,82,27.8
27-11-2019 04:40,5.7,52,0,27.87,7.9,1.54,0,15.42,0,27.47,4.61,26.88,85,27.8
27-11-2019 04:50,6.3,47,0,27.88,7.91,1.7,0,12.29,0,30.68,4.61,26.89,84,27.8
27-11-2019 05:00,6.4,48,0,27.88,7.91,1.8,0,15.51,0,33.62,4.64,26.89,81,27.8
27-11-2019 05:10,6.3,43,0,27.88,7.91,1.8,0,28.72,0,58.89,4.67,26.89,83,27.7
27-11-2019 05:20,6.3,47,0,27.89,7.92,1.75,0,12.29,0,24.49,4.67,26.9,83,27.8
27-11-2019 05:30,6.3,46,0,27.88,7.93,1.7,0,12.99,0,31.84,4.79,26.89,84,27.9
27-11-2019 05:40,6.8,42,0,27.87,7.93,1.89,0,9.48,0,26.31,4.85,26.89,82,27.8
27-11-2019 05:50,6.7,44,0,27.89,7.93,1.8,0,11.74,0,31.14,4.83,26.9,83,27.7
27-11-2019 06:00,6.7,46,0,27.9,7.94,2.02,0,13.54,0,30.07,4.84,26.9,83,27.8
27-11-2019 06:10,6.8,43,0,27.89,7.94,1.91,0,11.95,0,25.75,4.8,26.9,81,27.8
27-11-2019 06:20,7,44,0,27.89,7.94,1.83,0,8.84,0,22.78,4.84,26.91,83,27.9
27-11-2019 06:30,6.6,44,0,27.9,7.94,1.98,0,15.64,0,22.16,4.8,26.91,82,27.8
27-11-2019 06:40,7.2,37,0,27.89,7.93,1.82,0,8.88,0,21.02,4.77,26.91,82,27.8
27-11-2019 06:50,7.2,37,0,27.89,7.93,2.13,0,7.66,0,16.28,4.73,26.91,83,27.9
27-11-2019 07:00,6.9,41,0,27.87,7.89,1.65,0,7.17,0,17.27,4.51,26.86,83,27.9
27-11-2019 07:10,6.4,45,0,27.88,7.87,1.74,0,6.69,0,13.12,4.3,26.87,83,27.9
27-11-2019 07:20,6.8,44,0,27.89,7.87,1.64,0,8.29,0,13.96,4.21,26.89,82,28
27-11-2019 07:30,6.8,41,0,27.88,7.88,2.09,0,7.88,0,15.34,4.35,26.88,84,27.8
27-11-2019 07:40,6.9,35,0,27.88,7.89,1.96,0,7.88,0,16.25,4.52,26.87,85,27.8
27-11-2019 07:50,6.4,32,0,27.88,7.91,1.83,0,12.37,0,15.96,4.64,26.86,86,27.9
27-11-2019 08:00,6.6,33,0,27.87,7.91,1.66,0,12.38,0,30.55,4.75,26.85,83,28
27-11-2019 08:10,6.7,35,0,27.86,7.9,1.86,0,10.31,0,27.42,4.7,26.84,85,28
27-11-2019 08:20,6.8,30,0,27.87,7.9,1.77,0,10.97,0,23.85,4.69,26.83,84,28
27-11-2019 08:30,6.8,27,0,27.88,7.91,2.11,0,8.24,0,20.58,4.82,26.83,84,28
27-11-2019 08:40,6.7,23,0,27.89,7.9,1.87,0,7.68,0,18.04,4.76,26.83,85,28.1
27-11-2019 08:50,6.4,27,0,27.91,7.88,1.79,0,17.29,0,48.28,4.53,26.84,84,28.1
27-11-2019 09:00,6.8,26,0,27.9,7.88,1.88,0,11.66,0,29.17,4.52,26.84,84,28
27-11-2019 09:10,7.3,33,0,27.91,7.89,2.17,0,8.62,0,18.5,4.63,26.84,87,27.5
27-11-2019 09:20,7.6,24,0,27.92,7.89,2.14,0,10.95,0,27.21,4.62,26.85,89,27.3
27-11-2019 09:30,7.3,25,0,27.93,7.9,1.86,0,7.51,0,15.95,4.63,26.86,88,27.4
27-11-2019 09:40,7.2,21,0,27.95,7.9,2.57,0,8.21,0,16.41,4.75,26.86,84,27.8
27-11-2019 09:50,7.1,23,0,27.97,7.9,2.07,0,7.15,0,13.7,4.7,26.87,84,27.9
27-11-2019 10:00,7.8,26,0,27.97,7.91,2.24,0,8.18,0,17.17,4.9,26.85,88,27.4
27-11-2019 10:10,7.6,28,0,27.98,7.91,2.33,0,7.63,0,19.52,4.81,26.86,89,27.3
27-11-2019 10:20,7.1,29,0,27.97,7.91,2.07,0,10.05,0,18.4,4.82,26.86,89,27.3
27-11-2019 10:30,7.4,24,0,28.01,7.91,2.2,0,8.33,0,19.76,4.74,26.87,89,27.1
27-11-2019 10:40,7.3,25,0,27.99,7.91,2.46,0,8.55,0,16.21,4.69,26.86,89,27.2
27-11-2019 10:50,7.3,29,0,28.01,7.91,2.22,0,7.32,0,11.41,4.75,26.87,90,27.2
27-11-2019 11:00,,,,,,,,,,,,,,
27-11-2019 11:10,,,,,,,,,,,,,,
27-11-2019 13:20,5.5,25,0,28.2,7.92,1.89,0,9.67,0,17.16,4.94,26.87,88,27.6
27-11-2019 13:30,5.3,30,0,28.22,7.92,2.39,0,10.59,0,17.19,4.92,26.89,89,27.9
27-11-2019 13:40,5.3,32,0,28.31,7.93,1.78,0,8.11,0,15.57,5.05,26.91,87,27.9
27-11-2019 13:50,4.6,45,0,28.26,7.93,1.89,0,8.83,0,17.62,5.11,26.88,84,28.2
27-11-2019 14:00,4.6,52,0,28.26,7.93,2.02,0,10.68,0,18.76,5.1,26.86,84,28.3
27-11-2019 14:10,4.5,50,0,28.31,7.93,1.89,0,10.9,0,28.54,5.12,26.89,83,28.4
27-11-2019 14:40,4.8,46,0,28.36,7.98,1.85,0,14.04,0,43.59,5.82,26.84,83,28.4
27-11-2019 14:50,4.4,50,0,28.32,8,1.86,0,14.83,0,32.94,6.05,26.84,82,28.4
27-11-2019 15:00,4.4,49,0,28.29,8.01,1.93,0,21.45,0,28.26,6.16,26.85,83,28.4
27-11-2019 15:10,4.6,43,0,28.3,8,1.96,0,18.8,0,39.57,5.88,26.87,84,28.5
27-11-2019 15:20,5.2,50,0,28.26,8,2.05,0,18.93,0,30.45,5.93,26.87,84,28.3
27-11-2019 15:30,4.4,55,0,28.18,8.01,1.83,0,19.9,0,35.99,5.93,26.89,82,28.4
27-11-2019 15:40,5,53,0,28.22,8.02,2.04,0,28.66,0,49.76,6.2,26.87,83,28.5
27-11-2019 15:50,4.1,59,0,28.23,8.03,2.09,0,16.41,0,41.01,6.33,26.88,81,28.4
27-11-2019 16:00,4.4,66,0,28.2,8.01,2.49,0,14.33,0,28.32,6.15,26.87,82,28.3
27-11-2019 16:10,4.2,57,0,28.19,8.01,1.95,0,26.94,0,49.84,6.15,26.87,81,28.3
27-11-2019 16:20,4.2,57,0,28.19,8.02,1.93,0,28.24,0,69.88,6.2,26.87,84,28.4
27-11-2019 16:30,4.5,52,0,28.19,8.02,2.05,0,16.43,0,43.97,6.28,26.87,84,28.3
27-11-2019 16:40,4,54,0,28.18,8.03,1.89,0,22.63,0,74.9,6.31,26.88,85,28.1
27-11-2019 16:50,4.3,54,0,28.15,8.02,1.73,0,30.42,0,68.98,6.17,26.87,85,28.1
27-11-2019 17:00,4.6,50,0,28.15,8.01,2.99,0,17.62,0,37.32,6.02,26.87,86,28
27-11-2019 17:10,4.4,48,0,28.14,8.01,1.97,0,26.81,0,42.72,6.07,26.88,86,28.1
27-11-2019 17:20,4.2,53,0,28.14,7.99,1.87,0,21.46,0,45.36,5.87,26.88,85,28.1
27-11-2019 17:30,3.7,57,0,28.12,7.99,2.27,0,29.84,0,64.51,5.75,26.88,85,28.1
27-11-2019 17:40,3.7,59,0,28.13,8.02,1.72,0,24.21,0,54.49,6.09,26.88,85,28.2
27-11-2019 17:50,4,60,0,28.11,7.99,2.02,0,44.41,0,81.99,5.74,26.88,82,28.3
27-11-2019 18:00,3.7,63,0,28.16,8.02,2.08,0,30.35,0,60.7,6.26,26.88,82,28.2
27-11-2019 18:10,3.7,64,0,28.18,8.03,1.76,0,22.72,0,36.66,6.23,26.88,84,28.3
27-11-2019 18:20,3.7,69,0,28.18,8.03,1.87,0,28.29,0,77.8,6.24,26.88,84,28.3
27-11-2019 18:30,4,72,0,28.18,8.02,2.16,0,27.59,0,76.9,6.21,26.87,81,28.3
27-11-2019 18:40,4.4,72,0,28.17,8.01,2.07,0,25.41,0,52.39,6.14,26.87,83,28.2
27-11-2019 18:50,4.7,67,0,28.17,8.01,1.82,0,26.41,0,73.11,6.15,26.87,83,28.3
27-11-2019 19:00,4.5,71,0,28.16,7.99,1.82,0,23.25,0,55.74,5.89,26.86,82,28.2
27-11-2019 19:10,4.8,78,0,28.14,7.94,1.77,0,15.68,0,33,5.42,26.86,83,28.3
27-11-2019 19:20,4.4,80,0,28.14,7.94,1.62,0,19.83,0,41.02,5.46,26.85,84,28.3
27-11-2019 19:30,4.2,80,0,28.14,7.94,1.66,0,28.02,0,65.21,5.41,26.85,84,28.3
27-11-2019 19:40,4.5,76,0,28.12,7.94,2.02,0,16.73,0,57.46,5.44,26.85,85,28.2
27-11-2019 19:50,4.6,75,0,28.15,7.94,1.65,0,43.13,0,54.03,5.52,26.85,85,28.2
27-11-2019 20:00,4.8,73,0,28.14,7.94,1.7,0,30.92,0,64.9,5.52,26.85,86,28.2
27-11-2019 20:10,5,74,0,28.14,7.93,1.49,0,26.16,0,64.75,5.4,26.85,86,28.3
27-11-2019 20:20,5.2,73,0,28.14,7.93,1.66,0,19.46,0,55.41,5.43,26.85,85,28.3
27-11-2019 20:30,5.3,70,0,28.14,7.93,1.6,0,22.97,0,43.8,5.47,26.85,85,28.2
27-11-2019 20:40,5.2,71,0,28.14,7.93,1.74,0,30.09,0,58.31,5.43,26.85,85,28.2
27-11-2019 20:50,5.1,73,0,28.14,7.94,1.74,0,23.62,0,30.67,5.44,26.85,86,28.2
27-11-2019 21:00,5.3,70,0,28.14,7.93,1.64,0,24.35,0,75.27,5.39,26.85,84,28.2
27-11-2019 21:10,5,71,0,28.14,7.93,1.66,0,26.65,0,84.66,5.38,26.86,85,28.2
27-11-2019 21:20,4.8,67,0,28.14,7.93,1.61,0,24.15,0,62.85,5.35,26.85,85,28.2
27-11-2019 21:30,4.5,63,0,28.13,7.93,1.64,0,15.4,0,44.49,5.3,26.86,87,28.2
27-11-2019 21:40,4.6,65,0,28.13,7.93,1.56,0,14.78,0,46.96,5.31,26.86,87,28.2
27-11-2019 21:50,4.5,62,0,28.13,7.93,2.65,0,26.77,0,60.26,5.37,26.86,86,28.2
27-11-2019 22:00,4,62,0,28.13,7.94,1.49,0,19.75,0,37.36,5.42,26.86,86,28.2
27-11-2019 22:10,4.3,59,0,28.13,7.94,1.57,0,23.54,0,58.12,5.39,26.86,87,28.2
27-11-2019 22:20,4.7,56,0,28.14,7.94,1.5,0,20.48,0,41.59,5.36,26.86,86,28.2
27-11-2019 22:30,4.6,49,0,28.14,7.94,1.68,0,18.65,0,52.29,5.4,26.86,86,28.1
27-11-2019 22:40,4.3,52,0,28.13,7.93,1.54,0,31.91,0,57.89,5.35,26.86,88,28.2
27-11-2019 22:50,4.5,49,0,28.13,7.94,1.59,0,15.28,0,28.39,5.36,26.86,85,28.1
27-11-2019 23:00,4.8,51,0,28.14,7.93,2.19,0,15.18,0,43.74,5.32,26.86,86,28.2
27-11-2019 23:10,4.8,48,0,28.13,7.93,1.52,0,20.66,0,65.1,5.33,26.86,86,28.2
27-11-2019 23:20,5,46,0,28.14,7.92,1.53,0,17.82,0,35.1,5.22,26.86,85,28.2
27-11-2019 23:30,5.5,38,0,28.14,7.92,1.74,0,24.63,0,55.61,5.19,26.86,87,28.2
27-11-2019 23:40,5.9,37,0,28.14,7.91,1.56,0,25.67,0,44.65,5.12,26.87,87,28.1
27-11-2019 23:50,7.2,43,0,28.14,7.91,1.85,0,16.34,0,36.26,5.08,26.87,88,27.5
28-11-2019 00:00,6.8,39,0,28.14,7.91,1.74,0,16.08,0,47.76,5.05,26.87,90,27.1
28-11-2019 00:10,6.2,39,0,28.12,7.9,1.67,0,20.53,0,37.94,4.88,26.88,88,27.1
28-11-2019 00:20,7.1,42,0,28.11,7.89,1.71,0,26.22,0,53.6,4.71,26.88,88,27.3
28-11-2019 00:30,7,41,0,28.12,7.88,1.83,0,15.02,0,33.99,4.57,26.89,90,27.4
28-11-2019 00:40,6.9,45,0,28.08,7.87,1.72,0,16.53,0,28.47,4.52,26.89,90,27.3
28-11-2019 00:50,6.8,45,0,28.09,7.87,2.19,0,24.55,0,43.22,4.5,26.9,90,27.4
28-11-2019 01:00,7,46,0,28.08,7.89,1.6,0,18.18,0,32.19,4.68,26.9,89,27.4
28-11-2019 01:10,8.4,39,0,28.09,7.88,1.72,0,17.94,0,28.98,4.65,26.9,89,27.4
28-11-2019 01:20,8.8,37,0,28.04,7.88,1.63,0,13.72,0,32.48,4.56,26.93,90,27.4
28-11-2019 01:30,9.3,31,0,28.05,7.87,1.59,0,11.04,0,18.09,4.5,26.94,89,27.3
28-11-2019 01:40,9.6,28,0,28.06,7.86,1.6,0,15.47,0,20.52,4.47,26.95,90,27.1
28-11-2019 01:50,8.6,24,0,28.1,7.88,1.89,0,12.97,0,47.71,4.59,26.91,92,27
28-11-2019 02:00,8.7,26,0,28.11,7.88,1.93,0,16.1,0,23.38,4.63,26.9,92,27
28-11-2019 02:10,8.8,28,0,28.11,7.88,1.92,0,17.29,0,38.64,4.66,26.9,90,27.1
28-11-2019 02:20,8.4,30,0,28.12,7.88,1.82,0,17.32,0,46.34,4.67,26.89,91,27.1
28-11-2019 02:30,9.9,37,0,28.11,7.88,2.16,0,14.22,0,29.54,4.63,26.89,93,25.7
28-11-2019 02:40,8.9,33,0,28.09,7.88,2.07,0,13.54,0,33.57,4.57,26.86,96,26
28-11-2019 02:50,8.1,36,0,28.09,7.87,1.85,0,11.72,0,30.13,4.49,26.87,96,26.2
28-11-2019 03:00,7.7,28,0,28.08,7.87,1.8,0,14.72,0,38.26,4.48,26.86,95,26.2
28-11-2019 03:10,7.3,32,0,28.1,7.86,1.88,0,13.97,0,51.52,4.56,26.84,94,26.6
28-11-2019 03:20,7.7,35,0,28.1,7.86,1.91,0,10.7,0,26.02,4.6,26.86,92,26.8
28-11-2019 03:30,8.8,34,0,28.09,7.87,1.97,0,14.95,0,29.06,4.57,26.86,92,26.5
28-11-2019 03:40,8.3,33,0,28.08,7.86,1.97,0,13.3,0,20.67,4.46,26.88,91,26.6
28-11-2019 03:50,8.1,30,0,28.04,7.87,1.88,0,16.83,0,24.85,4.41,26.9,92,26.6
28-11-2019 04:00,8.1,23,0,28.04,7.92,2.31,0,13.03,0,24.36,4.77,26.93,92,26.8
28-11-2019 04:10,8.5,34,0,28.04,7.93,2.38,0,14.5,0,28.86,4.87,26.91,91,26.5
28-11-2019 04:20,9.3,33,0,28.05,7.86,1.95,0,8.88,0,18.14,4.41,26.88,92,26.6
28-11-2019 04:30,8,40,0,28.06,7.85,1.84,0,18.57,0,34.41,4.38,26.89,92,26.3
28-11-2019 04:40,7.5,39,0,28.03,7.89,2.05,0,15.57,0,24.11,4.62,26.78,96,25.7
28-11-2019 04:50,5.3,24,0,28.05,7.86,1.9,0,10.88,0,19.11,4.39,26.83,96,25.8
28-11-2019 05:00,4.4,7,0,28.04,7.85,1.87,0,9.66,0,16.94,4.36,26.81,96,25.6
28-11-2019 05:10,3.8,6,0,28.04,7.84,1.86,0,14.47,0,26.72,4.4,26.81,96,25.7
28-11-2019 05:20,3.5,4,0,27.99,7.85,1.73,0,13.01,0,26.37,4.46,26.75,96,25.6
28-11-2019 05:30,3.6,358,0,28,7.85,2,0,11.95,0,23.51,4.47,26.77,96,25.7
28-11-2019 05:40,2.7,348,0,27.99,7.84,2.18,0,10.11,0,29.83,4.47,26.76,96,25.7
28-11-2019 05:50,3.1,338,0,28,7.85,1.61,0,12,0,36.12,4.48,26.78,97,25.5
28-11-2019 06:00,2,340,0,28,7.86,1.99,0,11.41,0,20.76,4.54,26.78,97,25.7
28-11-2019 06:10,4.2,6,0,27.96,7.83,1.52,0,8.32,0,16.78,4.29,26.74,94,26.1
28-11-2019 06:20,3.5,344,0,28.02,7.84,1.87,0,12.63,0,23.39,4.38,26.82,95,26
28-11-2019 06:30,3.4,336,0,28,7.84,1.76,0,12.98,0,26.76,4.36,26.81,95,26.1
28-11-2019 06:40,4.1,352,0,27.98,7.85,1.69,0,12.32,0,18.27,4.49,26.81,94,26.3
28-11-2019 06:50,3.8,0,0,27.99,7.86,1.79,0,18.09,0,23.65,4.53,26.82,94,26.6
28-11-2019 07:00,2.9,356,0,28,7.86,1.69,0,9.15,0,17.24,4.51,26.84,95,26.4
28-11-2019 07:10,5,39,0,28,7.86,1.97,0,10.33,0,20.51,4.43,26.85,90,27.6
28-11-2019 07:20,5.4,46,0,28.01,7.87,1.81,0,8.41,0,22.48,4.53,26.86,89,27.8
28-11-2019 07:30,5.8,49,0,28.02,7.84,1.74,0,7.04,0,17.95,4.38,26.84,84,27.7
28-11-2019 07:40,5.9,50,0,28.02,7.85,1.83,0,8.06,0,17.82,4.48,26.85,86,27.6
28-11-2019 07:50,5.6,48,0,28.03,7.87,1.86,0,9.5,0,12.93,4.54,26.86,88,27.5
28-11-2019 08:00,4.7,51,0,28.05,7.87,1.73,0,8.59,0,18.64,4.57,26.86,86,27.7
28-11-2019 08:10,5.1,53,0,28.07,7.88,1.84,0,10.41,0,21.98,4.71,26.87,88,27.8
28-11-2019 08:20,5.2,45,0,28.09,7.89,2.04,0,8.03,0,17.43,4.7,26.87,88,27.7
28-11-2019 08:30,5,46,0,28.08,7.89,1.7,0,8.03,0,23.74,4.75,26.86,87,27.7
28-11-2019 08:40,4.4,51,0,28.07,7.9,1.59,0,8.47,0,15.74,4.78,26.86,88,27.7
28-11-2019 08:50,4.5,48,0,28.08,7.9,1.79,0,11.22,0,18.3,4.83,26.87,88,27.9
28-11-2019 09:00,3.8,52,0,28.09,7.9,1.92,0,6.92,0,18.56,4.8,26.87,89,28
28-11-2019 09:10,3.6,51,0,28.11,7.9,1.69,0,5.3,0,13.43,4.81,26.87,89,28.1
28-11-2019 09:20,3.6,55,0,28.12,7.9,1.79,0,9.04,0,19.58,4.83,26.87,88,28.2
28-11-2019 09:30,3.7,52,0,28.12,7.9,1.64,0,12.99,0,23.78,4.8,26.87,87,28.3
28-11-2019 09:40,3.7,52,0,28.14,7.9,1.95,0,7.61,0,17.27,4.83,26.87,86,28.3
28-11-2019 09:50,3.4,60,0,28.17,7.91,1.5,0,12.68,0,19.69,4.97,26.88,87,28.4
28-11-2019 10:00,3.3,61,0,28.17,7.9,1.75,0,7.72,0,13.76,4.89,26.88,85,28.5
28-11-2019 10:10,3.6,71,0,28.16,7.89,1.73,0,7.15,0,24.24,4.72,26.88,84,28.6
28-11-2019 10:20,3.9,72,0,28.17,7.92,1.8,0,9.32,0,18,5.07,26.85,85,28.7
28-11-2019 10:30,4.1,77,0,28.19,7.92,1.66,0,8.4,0,15.24,5.15,26.85,85,28.7
28-11-2019 10:40,4.1,73,0,28.22,7.92,1.87,0,10.13,0,21.02,5.14,26.85,84,28.5
28-11-2019 10:50,4.5,70,0,28.23,7.92,1.93,0,8.69,0,18.38,5.12,26.86,84,28.7
28-11-2019 11:00,4.5,73,0,28.25,7.91,1.9,0,11.38,0,18.63,5,26.86,83,28.7
28-11-2019 11:10,4.6,78,0,28.25,7.89,1.59,0,9.28,0,16.59,4.78,26.85,84,28.8
28-11-2019 11:20,4.2,79,0,28.29,7.9,1.63,0,7.94,0,18.63,4.95,26.86,83,28.7
28-11-2019 11:30,4.3,73,0,28.32,7.89,1.59,0,23.46,0,17.62,4.92,26.86,84,28.7
28-11-2019 11:40,4.3,75,0,28.32,7.9,1.54,0,12.69,0,18.02,4.89,26.86,84,28.7
28-11-2019 11:50,4,73,0,28.32,7.9,1.44,0,9.22,0,19.27,4.91,26.86,84,28.6
28-11-2019 12:00,4.8,76,0,28.33,7.9,1.73,0,13.13,0,25.86,4.97,26.86,84,28.7
28-11-2019 12:10,4.3,77,0,28.34,7.91,1.63,0,17.78,0,34.39,5.06,26.86,84,28.8
28-11-2019 12:20,4.2,78,0,28.39,7.91,1.48,0,8.61,0,17.63,5.14,26.87,84,28.7
28-11-2019 12:30,4.4,75,0,28.44,7.93,1.58,0,10.15,0,28.36,5.24,26.87,84,28.8
28-11-2019 12:40,4.7,70,0,28.46,7.93,1.71,0,15.34,0,27.5,5.38,26.87,83,28.7
28-11-2019 12:50,4.7,71,0,28.45,7.94,1.55,0,7.79,0,17.65,5.46,26.87,83,28.6
28-11-2019 13:00,4.4,75,0,28.45,7.94,1.65,0,9.26,0,21.85,5.5,26.87,82,28.7
28-11-2019 13:10,4.7,72,0,28.47,7.95,1.63,0,10.55,0,21.33,5.54,26.87,83,28.6
28-11-2019 13:20,4.5,66,0,28.46,7.96,1.66,0,9.11,0,16.48,5.64,26.87,83,28.6
28-11-2019 13:30,4.4,62,0,28.47,7.96,1.72,0,14.7,0,24.5,5.68,26.87,84,28.6
28-11-2019 13:40,4.4,64,0,28.49,7.96,1.39,0,16.31,0,23.77,5.81,26.88,83,28.5
28-11-2019 13:50,4.7,65,0,28.54,7.97,1.7,0,10.3,0,21.39,5.96,26.89,83,28.6
28-11-2019 14:00,4.5,60,0,28.55,7.99,1.69,0,11.75,0,25.12,6.06,26.89,84,28.6
28-11-2019 14:10,4.7,62,0,28.59,7.99,1.38,0,16.18,0,33.97,6.1,26.89,83,28.6
28-11-2019 14:20,5.4,54,0,28.62,7.99,2.08,0,7.47,0,15.05,6.28,26.88,84,28.7
28-11-2019 14:30,4.9,53,0,28.67,8,2.06,0,15.17,0,38.1,6.32,26.88,83,28.7
28-11-2019 14:40,5.2,51,0,28.69,8.01,1.59,0,20.52,0,50.35,6.37,26.88,83,28.5
28-11-2019 14:50,5.3,53,0,28.7,7.96,1.82,0,26.04,0,42.65,6.12,26.88,83,28.7
28-11-2019 15:00,4.9,55,0,28.63,7.98,1.73,0,22.3,0,33.87,6.14,26.89,84,28.6
28-11-2019 15:10,5.3,53,0,28.62,8.02,1.75,0,11,0,25.36,6.33,26.89,82,28.5
28-11-2019 15:20,5,52,0,28.59,8.02,1.69,0,16.25,0,31.89,6.53,26.88,83,28.6
28-11-2019 15:30,4.8,54,0,28.58,8.02,1.97,0,15.93,0,37.34,6.43,26.88,83,28.6
28-11-2019 15:40,4.9,54,0,28.58,8.03,1.73,0,14.68,0,31.06,6.54,26.88,82,28.5
28-11-2019 15:50,5.3,52,0,28.54,8.02,1.98,0,16.12,0,28.32,6.43,26.88,84,28.5
28-11-2019 16:00,5.7,51,0,28.52,8.02,1.74,0,32.33,0,57.95,6.43,26.88,84,28.5
28-11-2019 16:10,6.2,48,0,28.5,8.03,2.35,0,33.28,0,81.71,6.59,26.87,83,28.4
28-11-2019 16:20,6.2,47,0,28.46,8.04,2.02,0,36.12,0,63.03,6.62,26.88,83,28.4
28-11-2019 16:30,6,49,0,28.44,8.05,1.92,0,26.74,0,57.25,6.66,26.88,83,28.3
28-11-2019 16:40,6.2,47,0,28.4,8.04,1.84,0,33.73,0,63.81,6.51,26.88,85,28.3
28-11-2019 16:50,6,47,0,28.37,8.03,1.93,0,27.97,0,60.95,6.42,26.86,82,28.3
28-11-2019 17:00,6.2,44,0,28.33,8,1.94,0,30.56,0,60.93,6.15,26.85,83,28.3
28-11-2019 17:10,,,,,,,,,,,,,,
28-11-2019 17:20,6.2,43,0,28.27,7.99,2.29,0,23.71,0,49.69,5.92,26.84,82,28.3
28-11-2019 17:30,6.3,45,0,28.25,7.99,2.41,0,28.6,0,59.85,5.87,26.83,83,28.3
28-11-2019 17:40,6.5,45,0,28.26,7.98,2.12,0,38.8,0,91.56,5.87,26.83,85,28.2
28-11-2019 17:50,6.8,43,0,28.25,7.98,1.89,0,22.18,0,52.96,5.86,26.83,84,28.3
28-11-2019 18:00,7.1,40,0,28.23,7.97,2.11,0,29.62,0,67.97,5.72,26.83,85,28.2
28-11-2019 18:10,6.6,44,0,28.25,7.97,1.94,0,17.79,0,60.17,5.76,26.84,84,28.2
28-11-2019 18:20,7,43,0,28.23,7.97,1.89,0,20.89,0,42.7,5.66,26.84,83,28.2
28-11-2019 18:30,6.8,41,0,28.22,7.97,2.52,0,33.53,0,65.08,5.61,26.84,85,28.3
28-11-2019 18:40,6.6,42,0,28.21,7.97,2.01,0,23.52,0,51.12,5.61,26.84,84,28.2
28-11-2019 18:50,6.4,41,0,28.22,7.97,2.09,0,30.79,0,69.95,5.65,26.84,84,28.3
28-11-2019 19:00,7,41,0,28.2,7.97,2.02,0,21.82,0,64.81,5.61,26.84,83,28.2
28-11-2019 19:10,6.7,39,0,28.21,7.97,2.12,0,27.46,0,54.38,5.68,26.84,84,28.2
28-11-2019 19:20,6,44,0,28.23,7.98,1.94,0,27.97,0,52.33,5.71,26.85,84,28.2
28-11-2019 19:30,6.4,45,0,28.23,7.97,1.91,0,21.87,0,48.62,5.65,26.86,84,28.2
28-11-2019 19:40,6.5,44,0,28.23,7.97,2.05,0,23.09,0,89.91,5.63,26.86,84,28.2
28-11-2019 19:50,6.8,39,0,28.22,7.97,2.11,0,17.89,0,37,5.63,26.87,84,28.3
28-11-2019 20:00,7,36,0,28.23,7.97,2,0,19.06,0,53.5,5.59,26.87,84,28.1
28-11-2019 20:10,7.2,40,0,28.23,7.97,2.28,0,23.04,0,59.7,5.51,26.87,85,28.3
28-11-2019 20:20,7,39,0,28.22,7.97,2.5,0,25.18,0,59.7,5.46,26.87,86,28.2
28-11-2019 20:30,6.3,40,0,28.21,7.96,2.5,0,22.61,0,60.69,5.39,26.88,86,28.2
28-11-2019 20:40,6.8,35,0,28.2,7.96,2.36,0,18.69,0,40.29,5.35,26.88,84,28.2
28-11-2019 20:50,6.9,37,0,28.2,7.96,2.73,0,27.52,0,48.24,5.32,26.88,84,28.1
28-11-2019 21:00,6.5,37,0,28.19,7.96,2.52,0,39.29,0,65.86,5.2,26.88,87,28.1
28-11-2019 21:10,6.6,37,0,28.19,7.96,2.3,0,22.3,0,51.39,5.27,26.88,87,27.8
28-11-2019 21:20,6.9,36,0,28.18,7.96,2.64,0,16.3,0,44.33,5.33,26.87,85,27.6
28-11-2019 21:30,7.5,37,0,28.17,7.97,2.69,0,45.76,0,80.36,5.35,26.87,85,27.7
28-11-2019 21:40,6.8,32,0,28.17,7.96,2.32,0,17.77,0,31.67,5.31,26.87,90,27.6
28-11-2019 21:50,6.1,18,0,28.16,7.95,2.33,0,14.28,0,25.22,5.15,26.87,86,27.6
28-11-2019 22:00,5.6,19,0,28.29,7.91,1.87,0,18.82,0,52.55,4.97,26.86,90,27.9
28-11-2019 22:10,5.9,28,0,28.31,7.95,1.91,0,36.25,0,52.82,5.58,26.85,89,27.9
28-11-2019 22:20,6.5,38,0,28.31,7.95,1.85,0,20.84,0,51.18,5.6,26.83,90,26.9
28-11-2019 22:30,6.9,31,0,28.3,7.94,1.81,0,17.23,0,40.6,5.49,26.84,91,27.1
28-11-2019 22:40,7.1,38,0,28.29,7.92,1.96,0,18.41,0,34.13,5.21,26.84,91,27.2
28-11-2019 22:50,7.8,33,0,28.29,7.92,1.87,0,19.85,0,56.4,5.26,26.84,87,27.4
28-11-2019 23:00,7.4,28,0,28.28,7.92,1.93,0,21.18,0,66.85,5.31,26.85,89,27.5
28-11-2019 23:10,7.9,25,0,28.27,7.93,1.91,0,20.12,0,37.27,5.34,26.84,89,27.2
28-11-2019 23:20,6.9,18,0,28.26,7.93,1.99,0,18.97,0,37.17,5.34,26.84,89,26.9
28-11-2019 23:30,5.4,14,0,28.25,7.93,1.77,0,17.63,0,30.46,5.34,26.84,90,26.9
28-11-2019 23:40,5.3,18,0,28.24,7.93,1.94,0,23.18,0,50.99,5.35,26.8,92,26.8
28-11-2019 23:50,7,20,0,28.21,7.94,2.11,0,22.41,0,45.15,5.35,26.68,95,26.3
29-11-2019 00:00,5.3,13,0,28.23,7.92,1.96,0,14.99,0,44.68,5.23,26.78,91,26.3
29-11-2019 00:10,5.9,41,0,28.23,7.91,1.93,0,22.9,0,30.34,5.09,26.8,90,27.7
29-11-2019 00:20,6.1,46,0,28.24,7.91,1.98,0,18.33,0,43.62,5.13,26.82,90,27.8
29-11-2019 00:30,6.5,54,0,28.25,7.91,2.31,0,22.11,0,52.67,5.13,26.83,88,28
29-11-2019 00:40,7.4,53,0,28.24,7.91,2.28,0,25.61,0,53.76,5.13,26.84,87,27.9
29-11-2019 00:50,7.8,50,0,28.23,7.91,2.14,0,21.59,0,40.15,5.01,26.85,87,27.9
29-11-2019 01:00,7.6,45,0,28.2,7.89,2.32,0,21.76,0,35.42,4.9,26.78,91,27.3
29-11-2019 01:10,6.9,41,0,28.14,7.87,2.12,0,9.64,0,18.58,4.53,26.74,90,27.3
29-11-2019 01:20,7.2,51,0,28.18,7.88,2.18,0,17.23,0,27.41,4.63,26.82,89,27.7
29-11-2019 01:30,7.1,56,0,28.19,7.88,2.5,0,15.43,0,34.64,4.65,26.83,90,27.9
29-11-2019 01:40,7.4,52,0,28.19,7.87,2.3,0,20.57,0,47.73,4.62,26.84,87,27.9
29-11-2019 01:50,7.9,52,0,28.17,7.88,2.44,0,9.09,0,31.69,4.56,26.85,86,27.9
29-11-2019 02:00,7.5,51,0,28.15,7.87,2.27,0,11.36,0,29.58,4.35,26.87,89,27.8
29-11-2019 02:10,7.5,48,0,28.19,7.86,2.1,0,12.98,0,22.06,4.39,26.86,89,27.8
29-11-2019 02:20,7.5,45,0,28.2,7.86,2.12,0,17.39,0,40.63,4.39,26.87,90,27.8
29-11-2019 02:30,7.7,45,0,28.2,7.89,2.61,0,15.36,0,32.85,4.56,26.91,88,27.4
29-11-2019 02:40,8.1,34,0,28.22,7.92,2.5,0,12.67,0,24.52,4.58,26.94,91,27.3
29-11-2019 02:50,8,43,0,28.21,7.83,1.98,0,9.81,0,20,4.17,26.87,89,27.8
29-11-2019 03:00,7.2,50,0,28.21,7.82,1.97,0,13.71,0,19.52,4.16,26.86,88,28
29-11-2019 03:10,6.9,55,0,28.19,7.83,1.88,0,9.5,0,33.25,4.31,26.84,87,28
29-11-2019 03:20,6.8,58,0,28.18,7.82,1.9,0,11.03,0,27.33,4.24,26.84,87,28
29-11-2019 03:30,6.7,55,0,28.18,7.83,1.93,0,11.54,0,29.91,4.23,26.84,86,28
29-11-2019 03:40,6.5,58,0,28.17,7.82,2,0,7.09,0,24.83,4.15,26.85,87,28
29-11-2019 03:50,6.7,57,0,28.17,7.82,1.97,0,10,0,52.45,4.18,26.86,86,28
29-11-2019 04:00,6.5,56,0,28.17,7.85,2.02,0,20.67,0,43.58,4.26,26.89,87,28
29-11-2019 04:10,6,57,0,28.16,7.84,2.14,0,9.49,0,17.16,4.22,26.89,88,28
29-11-2019 04:20,6.1,55,0,28.17,7.81,2.02,0,11.44,0,27,4.09,26.86,87,28
29-11-2019 04:30,6.5,57,0,28.17,7.81,1.83,0,10.88,0,22.58,3.96,26.86,86,28
29-11-2019 04:40,6,58,0,28.16,7.8,1.86,0,9.32,0,12.32,4,26.85,86,27.9
29-11-2019 04:50,6.3,57,0,28.15,7.81,1.91,0,12.92,0,26.18,4.04,26.86,87,28
29-11-2019 05:00,6.3,55,0,28.15,7.81,1.99,0,9.05,0,18.18,4.02,26.86,87,28
29-11-2019 05:10,6,53,0,28.15,7.83,2.02,0,11.08,0,25.01,4.1,26.89,86,27.9
29-11-2019 05:20,6.6,52,0,28.13,7.81,2.04,0,11.26,0,41.18,4.12,26.84,86,28
29-11-2019 05:30,6.4,52,0,28.14,7.83,2.24,0,9.48,0,12.5,4.15,26.88,84,27.9
29-11-2019 05:40,6.5,52,0,28.16,7.85,2.24,0,14.27,0,23.44,4.13,26.91,85,28
29-11-2019 05:50,6.7,52,0,28.12,7.87,2.81,0,14.07,0,31.13,4.32,26.91,86,28
29-11-2019 06:00,6.3,54,0,28.12,7.86,2.31,0,14.45,0,32.68,4.32,26.91,87,27.9
29-11-2019 06:10,6.1,55,0,28.11,7.87,2.36,0,10.29,0,17.78,4.31,26.91,86,28
29-11-2019 06:20,6.4,54,0,28.11,7.86,2.25,0,12.96,0,28.41,4.3,26.91,85,28
29-11-2019 06:30,6.1,51,0,28.11,7.86,2.4,0,7.88,0,14.26,4.33,26.91,86,28
29-11-2019 06:40,6.4,49,0,28.11,7.85,3.71,0,6.63,0,14.89,4.27,26.91,87,28
29-11-2019 06:50,6.6,50,0,28.1,7.87,2.6,0,9.65,0,24.41,4.35,26.92,86,27.9
29-11-2019 07:00,6.6,53,0,28.09,7.87,2.93,0,9.74,0,17.58,4.37,26.91,84,28
29-11-2019 07:10,6.9,50,0,28.08,7.87,2.85,0,8.6,0,16.24,4.39,26.91,86,28
29-11-2019 07:20,7,48,0,28.05,7.88,2.24,0,7.92,0,19.6,4.65,26.89,85,28.1
29-11-2019 07:30,6.8,47,0,28.06,7.88,2.56,0,19.06,0,26.57,4.61,26.89,86,28.1
29-11-2019 07:40,6.8,47,0,28.06,7.87,2.46,0,11.06,0,16.65,4.65,26.89,85,28.1
29-11-2019 07:50,7,45,0,28.07,7.87,2.47,0,7.51,0,14.52,4.65,26.89,85,28.2
29-11-2019 08:00,6.6,44,0,28.08,7.86,2.38,0,7.68,0,16.38,4.63,26.89,85,28.1
29-11-2019 08:10,6.5,45,0,28.11,7.86,2.16,0,7.68,0,14.95,4.59,26.88,86,28.1
29-11-2019 08:20,6.9,43,0,28.11,7.84,2.29,0,5.93,0,10.34,4.6,26.88,85,28.2
29-11-2019 08:30,7,44,0,28.12,7.86,2.38,0,5.74,0,14.31,4.78,26.88,85,28.2
29-11-2019 08:40,6.5,46,0,28.14,7.86,2.6,0,12.37,0,21.7,4.75,26.87,86,28.2
29-11-2019 08:50,6.7,45,0,28.14,7.86,2.26,0,7.08,0,13.23,4.72,26.88,86,28.1
29-11-2019 09:00,6.8,42,0,28.12,7.86,2.17,0,7.26,0,15.22,4.68,26.88,86,28.2
29-11-2019 09:10,6.7,43,0,28.16,7.86,2.14,0,7.43,0,14.95,4.71,26.88,85,28.2
29-11-2019 09:20,6.8,42,0,28.18,7.87,2.52,0,8.79,0,29.28,4.86,26.87,85,28.2
29-11-2019 09:30,6.6,42,0,28.19,7.87,2.6,0,6.75,0,13.66,4.76,26.89,86,28.3
29-11-2019 09:40,6.2,43,0,28.23,7.86,2.52,0,7.1,0,23.37,4.56,26.89,86,28.3
29-11-2019 09:50,6.8,41,0,28.27,7.85,2.33,0,5.66,0,12.74,4.64,26.89,85,28.2
29-11-2019 10:00,6.6,42,0,28.28,7.86,2.11,0,6.14,0,12.41,4.73,26.88,85,28.3
29-11-2019 10:10,6.6,41,0,28.27,7.84,2.47,0,8.64,0,18.55,4.72,26.89,84,28.2
29-11-2019 10:20,6.6,40,0,28.26,7.87,2.89,0,6.72,0,22.07,4.87,26.88,85,28.2
29-11-2019 10:30,6.7,40,0,28.27,7.86,2.58,0,6.87,0,15.36,4.67,26.9,85,28.2
29-11-2019 10:40,6.5,42,0,28.28,7.86,3.05,0,6.45,0,14.43,4.75,26.88,85,28.4
29-11-2019 10:50,6.9,38,0,28.3,7.87,2.75,0,5.59,0,11.97,4.74,26.89,86,28.3
29-11-2019 11:00,7,41,0,28.32,7.87,2.93,0,5.87,0,13.8,4.73,26.89,84,28.4
29-11-2019 11:10,6.7,41,0,28.32,7.88,2.62,0,7.06,0,13.02,4.69,26.9,86,28.3
29-11-2019 11:20,6.9,39,0,28.3,7.88,2.57,0,7.13,0,15.12,4.72,26.9,85,28.2
29-11-2019 11:30,7.3,39,0,28.31,7.88,2.48,0,7.39,0,13.29,4.6,26.92,85,28.3
29-11-2019 11:40,7,38,0,28.33,7.85,2.14,0,6.09,0,13.78,4.49,26.92,86,28.2
29-11-2019 11:50,7,37,0,28.34,7.86,3.04,0,5.02,0,9.43,4.53,26.92,88,28.1
29-11-2019 12:00,7.3,39,0,28.34,7.85,2.1,0,5.83,0,8.73,4.5,26.93,86,28.2
29-11-2019 12:10,7.2,41,0,28.38,7.85,3.04,0,6.08,0,13.26,4.48,26.92,85,28.3
29-11-2019 12:20,7.1,40,0,28.38,7.85,3.64,0,5.23,0,11.21,4.47,26.93,86,28.2
29-11-2019 12:30,7,41,0,28.41,7.85,2.05,0,5.79,0,9.74,4.53,26.92,86,28.4
29-11-2019 12:40,6.7,43,0,28.41,7.86,3.58,0,5.99,0,11.63,4.57,26.92,84,28.3
29-11-2019 12:50,5.9,45,0,28.45,7.84,1.95,0,5.39,0,17.11,4.61,26.9,85,28.3
29-11-2019 13:00,6.3,45,0,28.39,7.85,3.29,0,6.62,0,21.2,4.67,26.89,86,28.2
29-11-2019 13:10,6.1,40,0,28.4,7.85,2.34,0,7.01,0,12.58,4.68,26.88,87,28.3
29-11-2019 13:20,6,44,0,28.44,7.85,2.01,0,6.61,0,14.29,4.76,26.88,85,28.3
29-11-2019 13:30,6.4,44,0,28.44,7.85,2.4,0,6.22,0,13.29,4.88,26.87,85,28.3
29-11-2019 13:40,6.6,44,0,28.44,7.86,1.95,0,8.62,0,15.64,4.9,26.85,84,28.4
29-11-2019 13:50,6.4,45,0,28.47,7.86,2.11,0,8.43,0,10.65,4.99,26.86,85,28.4
29-11-2019 14:00,6.2,43,0,28.46,7.86,3.34,0,6.27,0,12.11,4.94,26.85,85,28.3
29-11-2019 14:10,6.5,46,0,28.47,7.86,2,0,10.79,0,20.47,4.89,26.86,84,28.3
29-11-2019 14:20,6.6,42,0,28.42,7.88,2.31,0,10.28,0,24.68,4.92,26.87,85,28.4
29-11-2019 14:30,6.5,42,0,28.49,7.88,2.36,0,7.53,0,17.72,5.02,26.88,85,28.3
29-11-2019 14:40,6.4,40,0,28.47,7.89,2.1,0,10.37,0,18.13,5.06,26.88,85,28.3
29-11-2019 14:50,6.5,42,0,28.47,7.9,2.27,0,16.06,0,31.96,5.13,26.89,85,28.3
29-11-2019 15:00,6.3,43,0,28.47,7.89,2.47,0,9.36,0,21.38,5.17,26.87,83,28.3
29-11-2019 15:10,6.1,44,0,28.46,7.89,1.95,0,12.36,0,24.44,5.12,26.87,85,28.4
29-11-2019 15:20,6.1,43,0,28.45,7.89,2.19,0,14.23,0,28.46,5.14,26.86,84,28.2
29-11-2019 15:30,6.7,42,0,28.43,7.89,2.16,0,10.55,0,16.27,5.05,26.86,84,28.4
29-11-2019 15:40,6.4,43,0,28.43,7.89,2.4,0,29.98,0,35.07,5.05,26.87,85,28.3
29-11-2019 15:50,6.5,42,0,28.42,7.89,2.21,0,11.19,0,24.86,5.01,26.87,84,28.3
29-11-2019 16:00,6.2,44,0,28.41,7.9,2.3,0,10.64,0,23.22,5.07,26.88,85,28.3
29-11-2019 16:10,6.6,43,0,28.42,7.9,2.67,0,17.68,0,68.51,5.16,26.88,85,28.3
29-11-2019 16:20,6.4,47,0,28.42,7.92,2.32,0,14.75,0,40.03,5.26,26.9,85,28.2
29-11-2019 16:30,6.8,43,0,28.41,7.91,2.41,0,12.27,0,32.37,5.27,26.9,85,28.3
29-11-2019 16:40,6.8,46,0,28.39,7.92,2.31,0,12.38,0,24.15,5.22,26.9,84,28.1
29-11-2019 16:50,6.8,40,0,28.39,7.88,2.39,0,8.19,0,13.13,4.88,26.87,85,28.2
29-11-2019 17:00,6.6,40,0,28.38,7.87,2.12,0,18.08,0,30.35,4.83,26.87,85,28.1
29-11-2019 17:10,6.6,42,0,28.36,7.88,2.31,0,17.2,0,29.2,4.78,26.89,86,28.2
29-11-2019 17:20,6.5,37,0,28.33,7.92,2.43,0,16.52,0,38.14,5.14,26.91,87,28.2
29-11-2019 17:30,6.9,37,0,28.34,7.95,2.41,0,18.56,0,27.43,5.52,26.92,86,28.1
29-11-2019 17:40,7.2,39,0,28.33,7.95,2.64,0,11.02,0,26.85,5.46,26.92,85,28.1
29-11-2019 17:50,6.4,38,0,28.32,7.95,2.43,0,9.94,0,24.56,5.44,26.92,86,28.1
29-11-2019 18:00,7,40,0,28.33,7.94,3.26,0,17.91,0,45.1,5.47,26.91,83,28.1
29-11-2019 18:10,7.1,38,0,28.33,7.94,2.79,0,18.51,0,66.94,5.54,26.9,84,28.1
29-11-2019 18:20,6.9,40,0,28.33,7.95,2.6,0,17.48,0,48.7,5.58,26.9,85,28.2
29-11-2019 18:30,6.5,42,0,28.33,7.95,2.51,0,16.21,0,67.82,5.65,26.9,85,28.1
29-11-2019 18:40,6.8,41,0,28.33,7.95,2.36,0,35.83,0,43.19,5.58,26.9,84,28
29-11-2019 18:50,6.7,41,0,28.32,7.95,2.21,0,22.58,0,66.5,5.63,26.9,85,28
29-11-2019 19:00,6.7,42,0,28.32,7.95,1.83,0,22,0,35.4,5.57,26.9,86,28.1
29-11-2019 19:10,6.8,40,0,28.32,7.94,2.56,0,15.76,0,47.28,5.6,26.9,85,28.1
29-11-2019 19:20,6.8,39,0,28.32,7.94,2.51,0,11.82,0,47.16,5.56,26.9,85,28
29-11-2019 19:30,6.8,38,0,28.31,7.95,3.14,0,20.13,0,44.61,5.57,26.9,88,28
29-11-2019 19:40,6.9,38,0,28.31,7.94,2.19,0,27.91,0,62.2,5.56,26.9,86,28
29-11-2019 19:50,7.1,38,0,28.3,7.94,2.35,0,14.83,0,30.88,5.56,26.91,86,28
29-11-2019 20:00,7.2,37,0,28.3,7.94,2.37,0,11.08,0,27.14,5.53,26.91,85,28
29-11-2019 20:10,7.3,35,0,28.3,7.94,2.12,0,17.81,0,35.66,5.5,26.91,86,28
29-11-2019 20:20,7.2,34,0,28.29,7.94,2.4,0,26.67,0,50.85,5.49,26.91,86,27.9
29-11-2019 20:30,7.3,35,0,28.29,7.94,2.31,0,17.06,0,39.49,5.45,26.91,86,27.9
29-11-2019 20:40,7.2,36,0,28.28,7.94,2.18,0,20.41,0,45.62,5.4,26.91,86,27.9
29-11-2019 20:50,6.9,39,0,28.29,7.93,2.25,0,19.64,0,37.2,5.25,26.92,88,28
29-11-2019 21:00,6.4,39,0,28.28,7.92,2.14,0,17.17,0,32.59,5.14,26.92,86,28
29-11-2019 21:10,6.6,41,0,28.28,7.91,2.25,0,13.61,0,34.79,4.98,26.93,85,28
29-11-2019 21:20,6.4,43,0,28.27,7.91,2.06,0,8.58,0,19.69,4.94,26.93,87,27.9
29-11-2019 21:30,6.5,40,0,28.27,7.89,2.32,0,19.89,0,44.61,4.75,26.93,87,27.9
29-11-2019 21:40,6.4,40,0,28.28,7.87,2,0,11.93,0,22.75,4.63,26.92,88,28
29-11-2019 21:50,6.2,42,0,28.33,7.86,1.96,0,12.23,0,26.34,4.83,26.88,86,28
29-11-2019 22:00,6.3,44,0,28.33,7.84,1.92,0,15.01,0,30.86,4.66,26.87,86,28
29-11-2019 22:10,6.3,38,0,28.34,7.85,2.07,0,28.32,0,58.07,4.86,26.87,87,28
29-11-2019 22:20,6.9,39,0,28.34,7.86,2.08,0,23.19,0,48.78,4.95,26.87,86,28
29-11-2019 22:30,6.8,41,0,28.33,7.86,2.11,0,11.87,0,25.23,4.91,26.87,88,28.1
29-11-2019 22:40,6.4,39,0,28.33,7.85,2.86,0,16.48,0,42.27,4.84,26.88,86,28
29-11-2019 22:50,6.3,40,0,28.33,7.84,2.04,0,17.99,0,31.11,4.74,26.87,85,27.9
29-11-2019 23:00,6.8,37,0,28.32,7.85,2.2,0,17.91,0,39.05,4.75,26.87,86,28
29-11-2019 23:10,6.6,34,0,28.32,7.84,2.04,0,18.63,0,37.49,4.78,26.87,87,28
29-11-2019 23:20,7,35,0,28.31,7.85,2.05,0,14.66,0,40.86,4.74,26.87,86,27.9
29-11-2019 23:30,7,35,0,28.31,7.84,2.27,0,10.18,0,22.8,4.71,26.87,87,27.9
29-11-2019 23:40,6.9,37,0,28.3,7.85,2.09,0,15.63,0,30.75,4.72,26.88,87,27.9
29-11-2019 23:50,6.8,39,0,28.3,7.84,2.07,0,11.56,0,26.41,4.66,26.88,85,27.9
30-11-2019 00:00,6.8,40,0,28.3,7.84,1.94,0,19.4,0,45.63,4.69,26.88,86,28
30-11-2019 00:10,6.6,41,0,28.3,7.84,2.12,0,11.89,0,33.99,4.65,26.88,85,28
30-11-2019 00:20,6.7,39,0,28.29,7.83,2.12,0,9.87,0,27.08,4.64,26.89,85,27.9
30-11-2019 00:30,6.5,41,0,28.29,7.83,2.02,0,13.46,0,26.02,4.59,26.89,86,28
30-11-2019 00:40,6.5,43,0,28.28,7.83,2.06,0,12.46,0,28.58,4.53,26.89,84,27.9
30-11-2019 00:50,6.6,40,0,28.28,7.83,2.17,0,12.34,0,38.27,4.56,26.89,84,27.9
30-11-2019 01:00,6.8,35,0,28.27,7.83,2.01,0,10.43,0,27.78,4.59,26.89,84,27.9
30-11-2019 01:10,6.6,39,0,28.27,7.83,2.04,0,11.94,0,19.66,4.52,26.9,85,27.8
30-11-2019 01:20,6.9,38,0,28.27,7.84,1.94,0,20.3,0,36.59,4.71,26.9,85,27.9
30-11-2019 01:30,6.7,38,0,28.27,7.84,1.88,0,12.72,0,40.95,4.62,26.9,87,27.9
30-11-2019 01:40,7.1,36,0,28.26,7.83,2.11,0,9.69,0,21.55,4.55,26.9,85,27.8
30-11-2019 01:50,7.1,32,0,28.26,7.84,2.71,0,17.75,0,37.57,4.67,26.9,85,27.7
30-11-2019 02:00,7.2,31,0,28.27,7.84,2.03,0,21.96,0,48.63,4.65,26.91,85,27.8
30-11-2019 02:10,7.3,31,0,28.25,7.83,2.12,0,25.5,0,53.19,4.58,26.91,86,27.9
30-11-2019 02:20,7.1,32,0,28.27,7.85,2.11,0,11.08,0,20.35,4.7,26.92,86,27.9
30-11-2019 02:30,7.2,36,0,28.24,7.84,1.99,0,9.19,0,20.18,4.63,26.92,85,27.9
30-11-2019 02:40,7.6,35,0,28.25,7.85,2,0,8.65,0,18.27,4.64,26.92,85,27.9
30-11-2019 02:50,7.6,36,0,28.23,7.84,2.27,0,13.18,0,22.92,4.55,26.92,85,27.8
30-11-2019 03:00,7.3,33,0,28.23,7.84,2.02,0,11.53,0,25.15,4.58,26.93,85,27.8
30-11-2019 03:10,7.5,33,0,28.23,7.83,1.93,0,8.94,0,27.83,4.41,26.93,86,27.9
30-11-2019 03:20,7.4,34,0,28.23,7.82,1.96,0,13.91,0,26.68,4.38,26.93,86,27.8
30-11-2019 03:30,8.1,58,0,28.22,7.83,4.13,0,11.77,0,35.11,4.53,26.89,95,24.9
30-11-2019 03:40,6.4,59,0,28.19,7.86,2.25,0,8.54,0,22.76,4.61,26.9,95,24.8
30-11-2019 03:50,7.4,43,0,28.2,7.85,1.99,0,23.82,0,43.68,4.55,26.93,95,24.9
30-11-2019 04:00,7.3,49,0,28.21,7.86,2.23,0,8.32,0,20.51,4.55,26.95,93,25.5
30-11-2019 04:10,6,58,0,28.26,7.85,2.24,0,15.02,0,32.5,4.41,26.96,93,25.5
30-11-2019 04:20,5.9,54,0,28.23,7.81,2.09,0,10.45,0,16.8,4.17,26.94,93,25.6
30-11-2019 04:30,5.8,52,0,28.24,7.8,2.1,0,9.98,0,13.8,4.04,26.97,92,25.8
30-11-2019 04:40,5.2,55,0,28.21,7.79,2.09,0,8.37,0,19.34,4.06,26.93,91,26.4
30-11-2019 05:20,5,53,0,28.18,7.8,2.14,0,7.4,0,19.1,4.25,26.92,89,26.6
30-11-2019 05:30,4.7,66,0,28.16,7.78,1.91,0,8.99,0,23.81,4.06,26.91,88,26.7
30-11-2019 05:40,,,,,,,,,,,,,,
30-11-2019 05:50,6.1,55,0,28.15,7.78,1.81,0,9.25,0,15.07,4.08,26.91,91,27
30-11-2019 06:40,4.8,65,0,28.12,7.79,1.81,0,11.03,0,22.23,4.11,26.9,93,26.5
30-11-2019 06:50,5.5,64,0,28.12,7.79,1.89,0,8.02,0,15.81,4.14,26.91,92,26.6
30-11-2019 07:00,7.9,84,0,28.09,7.8,2.26,0,8.15,0,13.18,4.26,26.88,93,25.5
30-11-2019 07:10,,,,,,,,,,,,,,
30-11-2019 07:20,7.1,91,0,28.08,7.81,2.05,0,6.63,0,12.54,4.39,26.89,96,25.3
30-11-2019 07:30,5.8,79,0,28.09,7.81,1.95,0,8.26,0,14.47,4.37,26.91,95,25.4
30-11-2019 07:40,,,,,,,,,,,,,,
30-11-2019 07:50,5.2,75,0,28.07,7.82,2.46,0,8.95,0,15.77,4.41,26.9,95,25.7
30-11-2019 08:00,,,,,,,,,,,,,,
30-11-2019 08:10,,,,,,,,,,,,,,
30-11-2019 08:20,5.2,65,0,28.05,7.82,1.93,0,5.64,0,7.1,4.48,26.88,92,26.1
30-11-2019 08:30,5.6,61,0,28.03,7.84,2.13,0,9.31,0,18.58,4.62,26.87,91,26
30-11-2019 08:40,5.6,53,0,28.04,7.78,1.83,0,5.93,0,11.51,4.18,26.86,91,26.2
30-11-2019 08:50,4.9,52,0,28.04,7.79,2.32,0,6.65,0,14.72,4.34,26.87,90,26.2
30-11-2019 09:00,4.9,51,0,28.06,7.77,1.92,0,11.21,0,21.36,4.15,26.86,90,26.5
30-11-2019 09:10,5,48,0,28.06,7.76,1.83,0,5.94,0,11.23,4.07,26.86,89,26.6
30-11-2019 09:20,4.5,50,0,28.07,7.78,1.82,0,5.62,0,17.28,4.26,26.86,89,26.6
30-11-2019 09:30,4.1,46,0,28.09,7.78,1.79,0,4.22,0,10.38,4.26,26.86,90,26.8
30-11-2019 09:40,4.7,40,0,28.12,7.79,1.72,0,4.84,0,11.05,4.31,26.86,92,27.1
30-11-2019 09:50,4.7,44,0,28.17,7.8,2.47,0,5.39,0,11.27,4.47,26.86,91,27.2
30-11-2019 10:00,5.4,39,0,28.21,7.81,1.87,0,3.75,0,10.76,4.63,26.86,92,27.1
30-11-2019 10:10,5.8,36,0,28.23,7.81,1.84,0,7.57,0,12.76,4.61,26.85,91,27.1
30-11-2019 10:20,5.7,31,0,28.24,7.82,2.16,0,6.34,0,9.14,4.66,26.86,92,27.2
30-11-2019 10:30,5.5,33,0,28.22,7.83,3.25,0,5.44,0,14.72,4.76,26.85,91,27.2
30-11-2019 10:40,5.5,33,0,28.22,7.83,2.1,0,5.53,0,12.55,4.72,26.85,92,27.3
30-11-2019 10:50,5.2,26,0,28.2,7.83,2.23,0,6.62,0,13.31,4.74,26.86,92,27.2
30-11-2019 11:00,4.9,28,0,28.2,7.83,2.03,0,9.54,0,19.33,4.73,26.86,93,27.3
30-11-2019 11:10,4.8,26,0,28.22,7.84,2.35,0,8.28,0,16.27,4.85,26.87,91,27.3
30-11-2019 11:20,4.7,27,0,28.25,7.84,2.12,0,6.46,0,11.77,4.74,26.87,91,27.3
30-11-2019 11:30,4.8,30,0,28.31,7.82,3.18,0,8.4,0,17.67,4.55,26.89,91,27.5
30-11-2019 11:40,4.9,35,0,28.37,7.82,1.9,0,5.89,0,11.72,4.53,26.89,92,27.7
30-11-2019 11:50,4.9,33,0,28.35,7.82,2.43,0,11.03,0,21.29,4.42,26.9,91,27.6
30-11-2019 12:00,4.5,40,0,28.37,7.82,2.35,0,5.36,0,17.1,4.43,26.91,88,27.7
30-11-2019 12:10,5,45,0,28.4,7.83,2.46,0,14.63,0,18.8,4.48,26.92,89,27.9
30-11-2019 12:20,4.7,37,0,28.42,7.83,2.18,0,4.56,0,8.99,4.48,26.93,90,27.7
30-11-2019 12:30,5.2,42,0,28.42,7.84,2.37,0,7.24,0,14.41,4.69,26.93,90,27.8
30-11-2019 12:40,5.6,41,0,28.4,7.84,1.81,0,6.54,0,12.95,4.69,26.93,90,27.7
30-11-2019 12:50,5.3,42,0,28.4,7.85,2.22,0,13.78,0,26.77,4.65,26.93,90,27.9
30-11-2019 13:00,5.5,42,0,28.42,7.85,2.22,0,6.73,0,10.02,4.66,26.93,89,27.9
30-11-2019 13:10,5.3,43,0,28.45,7.86,2.01,0,6.4,0,11.55,4.75,26.94,89,28
30-11-2019 13:20,4.9,46,0,28.41,7.87,2.3,0,5.89,0,12.54,4.82,26.95,89,27.9
30-11-2019 13:30,4.7,54,0,28.45,7.86,1.95,0,7.12,0,17.26,4.74,26.94,87,28.2
30-11-2019 13:40,4.7,58,0,28.45,7.86,1.84,0,8,0,14.4,4.78,26.94,87,28.1
30-11-2019 13:50,4.3,58,0,28.44,7.86,2.08,0,7.23,0,14.2,4.73,26.93,88,28.1
30-11-2019 14:00,4.8,54,0,28.39,7.87,2.15,0,6.66,0,13.96,4.8,26.95,87,28.1
30-11-2019 14:10,4.7,56,0,28.43,7.86,2.29,0,7.69,0,13.65,4.75,26.93,86,28.1
30-11-2019 14:20,4.6,57,0,28.43,7.87,1.87,0,9.9,0,18.65,4.87,26.93,87,28.1
30-11-2019 14:30,4.3,56,0,28.39,7.85,2.48,0,15.58,0,36.01,4.63,26.92,88,28.1
30-11-2019 14:40,4.5,53,0,28.38,7.84,1.76,0,8.95,0,17.54,4.57,26.92,88,28
30-11-2019 14:50,4.6,52,0,28.35,7.83,2.2,0,11.93,0,27.93,4.41,26.92,87,28
30-11-2019 15:00,4.2,58,0,28.33,7.83,3.99,0,8.04,0,17.26,4.4,26.93,90,27.9
30-11-2019 15:10,5.4,49,0,28.33,7.84,2.09,0,15.85,0,34.74,4.53,26.93,90,27.8
30-11-2019 15:20,5.3,52,0,28.31,7.82,2.08,0,9.68,0,21.99,4.24,26.92,90,28
30-11-2019 15:30,5.5,48,0,28.29,7.82,2,0,14.16,0,31.19,4.26,26.93,90,27.9
30-11-2019 15:40,6,37,0,28.29,7.82,2.35,0,8.98,0,22.29,4.2,26.93,89,27.7
30-11-2019 15:50,5.5,36,0,28.28,7.81,2.24,0,15.2,0,42.45,4.14,26.94,89,27.6
30-11-2019 16:00,5.6,36,0,28.3,7.82,1.97,0,10.5,0,20.22,4.4,26.98,92,27.7
30-11-2019 16:10,5.4,25,0,28.28,7.86,2.47,0,8.72,0,21.01,4.82,26.63,93,27.4
30-11-2019 16:20,5.4,42,0,28.31,7.8,2.16,0,11.74,0,26.62,4.8,26.78,91,27.6
30-11-2019 16:30,5.2,45,0,28.31,7.81,2.03,0,12.69,0,13.67,4.59,26.81,92,27.6
30-11-2019 16:40,5.4,40,0,28.3,7.8,2.02,0,10.81,0,22.66,4.39,26.83,90,27.5
30-11-2019 16:50,5.1,47,0,28.3,7.8,2.28,0,13.33,0,34.94,4.39,26.84,91,27.7
30-11-2019 17:00,4.8,52,0,28.29,7.8,1.84,0,13.68,0,23.12,4.25,26.86,90,27.6
30-11-2019 17:10,5.4,50,0,28.29,7.79,1.82,0,12.52,0,25.06,4.22,26.86,90,27.6
30-11-2019 17:20,4.9,45,0,28.29,7.79,2.13,0,23.49,0,46.96,4.17,26.87,90,27.5
30-11-2019 17:30,6.1,45,0,28.27,7.79,2.76,0,25.28,0,42.16,4.23,26.88,91,27.3
30-11-2019 17:40,6.6,44,0,28.25,7.78,5.99,0,14.52,0,36.06,4.22,26.84,94,26.4
30-11-2019 17:50,5.1,34,0,28.24,7.8,2.35,0,14.81,0,29.89,4.26,26.67,95,26.3
30-11-2019 18:00,4.5,24,0,28.25,7.79,2.28,0,10.37,0,19.73,4.11,26.89,95,26.8
30-11-2019 18:10,4.2,25,0,28.25,7.79,1.96,0,13.33,0,22.31,4.11,26.88,94,27.1
30-11-2019 18:20,7.7,80,0,28.26,7.8,2.23,0,15.07,0,24.82,4.46,26.83,97,26
30-11-2019 18:30,7.3,92,0,28.2,7.84,4.49,0,15.28,0,26.23,4.67,26.8,96,25.9
30-11-2019 18:40,7,92,0,28.2,7.85,2.55,0,12.01,0,38.12,4.73,26.85,94,25.8
30-11-2019 18:50,6.5,98,0,28.22,7.83,3.38,0,16.42,0,29.64,4.61,26.87,94,26
30-11-2019 19:00,6,96,0,28.2,7.83,2.39,0,13.54,0,28.73,4.5,26.87,95,26
30-11-2019 19:10,5.8,87,0,28.2,7.81,2.26,0,12.62,0,25,4.4,26.86,96,26.1
30-11-2019 19:20,5.2,74,0,28.2,7.81,2.17,0,17.73,0,47.23,4.43,26.83,95,25.9
30-11-2019 19:30,4.8,65,0,28.2,7.8,2.37,0,16.38,0,31,4.33,26.81,95,25.9
30-11-2019 19:40,4.4,53,0,28.22,7.78,1.94,0,12.4,0,27.64,4.18,26.82,95,26.1
30-11-2019 19:50,4.9,46,0,28.23,7.78,1.91,0,10.55,0,30.92,4.17,26.81,94,26.1
30-11-2019 20:00,5.4,43,0,28.23,7.79,2.17,0,15.79,0,31.5,4.25,26.8,94,26.3
30-11-2019 20:10,4.6,45,0,28.22,7.79,2.13,0,28.66,0,42.46,4.3,26.8,94,26.4
30-11-2019 20:20,4.4,42,0,28.23,7.78,1.94,0,16.05,0,39.09,4.23,26.8,94,26.5
30-11-2019 20:30,4.5,40,0,28.22,7.79,2.04,0,13.16,0,22.1,4.29,26.8,94,26.6
30-11-2019 20:40,4.5,37,0,28.22,7.78,2.05,0,11.53,0,34.25,4.32,26.79,94,26.7
30-11-2019 20:50,4.9,35,0,28.22,7.78,1.81,0,11.5,0,21.8,4.25,26.79,92,26.7
30-11-2019 21:00,4.8,32,0,28.23,7.78,2.22,0,12.77,0,27.73,4.19,26.8,94,27
30-11-2019 21:10,5.8,34,0,28.23,7.79,2.13,0,15.56,0,26.05,4.26,26.81,92,27.1
30-11-2019 21:20,6.2,52,0,28.22,7.8,3.03,0,13.93,0,32.93,4.46,26.8,94,26.6
30-11-2019 21:30,6.7,89,0,28.16,7.8,2.3,0,14.17,0,27.3,4.5,26.68,98,25
30-11-2019 21:40,4.5,108,0,28.13,7.8,2.05,0,11.71,0,29.23,4.49,26.71,97,25.2
30-11-2019 21:50,4,119,0,28.11,7.8,2.06,0,12.71,0,24.18,4.47,26.69,97,25.3
30-11-2019 22:00,1.9,88,0,28.09,7.79,1.74,0,12.78,0,36.28,4.36,26.67,97,25.3
30-11-2019 22:10,1.5,88,0,28.04,7.78,1.7,0,15.22,0,31.2,4.3,26.57,97,25.4
30-11-2019 22:20,1.5,68,0,28.1,7.77,1.61,0,11.02,0,17.3,4.15,26.65,96,25.7
30-11-2019 22:30,2,78,0,28.09,7.78,1.96,0,11,0,22.29,4.31,26.62,95,25.9
30-11-2019 22:40,1.5,66,0,28.13,7.76,1.6,0,13.8,0,26.95,4.1,26.68,95,26
30-11-2019 22:50,1.7,61,0,28.12,7.77,1.67,0,12.01,0,24.09,4.11,26.67,93,26.1
30-11-2019 23:00,2.6,66,0,28.12,7.77,1.75,0,13.98,0,20.36,4.11,26.66,92,26.2
30-11-2019 23:10,2.7,57,0,28.07,7.77,1.53,0,8.93,0,25.92,4.16,26.6,91,26.3
30-11-2019 23:20,2.2,51,0,28.05,7.77,1.45,0,9.45,0,21.97,4.12,26.58,91,26.3
30-11-2019 23:30,2.3,42,0,27.98,7.78,1.66,0,13.71,0,34.34,4.31,26.44,92,26
30-11-2019 23:40,1.7,18,0,27.98,7.76,1.76,0,12.32,0,18.79,4.17,26.34,93,26
30-11-2019 23:50,1.6,179,0,28.02,7.74,1.66,0,12.62,0,26.21,4.21,26.46,97,25.4
01-12-2019 00:00,3.7,134,0,28.03,7.73,2.44,0,12.53,0,15.65,4.22,26.27,95,24.5
01-12-2019 00:10,1.5,127,0,27.91,7.74,1.67,0,9.31,0,15.92,4.34,26.02,95,24.6
01-12-2019 00:20,1.1,122,0,27.87,7.75,1.61,0,7.33,0,13.4,4.37,26.03,95,24.7
01-12-2019 00:30,1.6,104,0,28.05,7.73,1.63,0,10.32,0,23.61,4.06,26.4,95,24.6
01-12-2019 00:40,2.9,102,0,27.91,7.75,1.72,0,12.46,0,22.35,4.3,26.14,96,24.8
01-12-2019 00:50,3.4,101,0,27.89,7.75,1.5,0,7.94,0,18.1,4.46,26.15,95,24.8
01-12-2019 01:00,2.4,68,0,27.88,7.76,1.65,0,27.38,0,56.02,4.47,26.13,94,24.7
01-12-2019 01:10,2.7,79,0,27.77,7.77,2.12,0,11.73,0,23.77,4.61,25.75,92,25
01-12-2019 01:20,2.7,98,0,27.86,7.76,1.61,0,11.57,0,37.64,4.48,26.12,91,24.9
01-12-2019 01:30,2.3,62,0,27.97,7.73,1.9,0,11.36,0,29.77,4.05,26.3,92,25.2
01-12-2019 01:40,2.4,48,0,27.86,7.73,1.44,0,6.56,0,13.86,4.02,26.2,92,25.2
01-12-2019 01:50,2.6,75,0,27.79,7.73,1.46,0,8.66,0,16.58,3.99,26.15,92,25.2
01-12-2019 02:00,2.5,58,0,27.77,7.73,1.37,0,14.2,0,39.92,4,26.19,93,25.5
01-12-2019 02:10,2.7,67,0,27.75,7.73,1.37,0,7.15,0,19.3,4,26.15,95,25.4
01-12-2019 02:20,2.3,70,0,27.53,7.75,1.24,0,4.42,0,7.83,4.44,25.81,95,25.3
01-12-2019 02:30,2,49,0,27.53,7.75,1.52,0,3.27,0,6.51,4.4,25.79,96,25.3
01-12-2019 02:40,1.8,53,0,27.58,7.74,1.38,0,5.59,0,10.58,4.32,25.95,96,25.3
01-12-2019 02:50,2.1,32,0,27.64,7.74,1.25,0,6.71,0,12.68,4.37,26.02,96,25.2
01-12-2019 03:00,2.1,15,0,27.63,7.74,1.4,0,6.06,0,11.99,4.34,26.03,96,25.3
01-12-2019 03:10,2,346,0,27.67,7.73,1.35,0,6.18,0,11.95,4.32,25.99,97,24.9
01-12-2019 03:20,2.1,358,0,27.63,7.73,1.46,0,8.34,0,14.82,4.38,25.91,97,25.1
01-12-2019 03:30,1.9,3,0,27.66,7.73,1.35,0,9.15,0,17.14,4.28,26.02,96,25.1
01-12-2019 03:40,1.5,8,0,27.61,7.72,1.51,0,8.47,0,9.55,4.36,25.98,97,25.2
01-12-2019 03:50,1.8,0,0,27.64,7.74,1.58,0,10.16,0,21.42,4.44,26.06,97,25
01-12-2019 04:00,2.4,348,0,27.71,7.74,1.65,0,9.15,0,20.03,4.41,26.14,97,24.7
01-12-2019 04:10,1.9,341,0,27.6,7.73,1.55,0,12.97,0,20.73,4.41,25.96,97,24.9
01-12-2019 04:20,1.6,330,0,27.59,7.72,2.3,0,5.62,0,11.19,4.44,25.89,97,24.9
01-12-2019 04:30,1.5,308,0,27.67,7.72,1.73,0,9.95,0,17.71,4.27,26.06,98,24.9
01-12-2019 04:40,1.7,337,0,27.74,7.71,1.53,0,6.73,0,14.78,4.06,26.22,98,24.9
01-12-2019 04:50,2,313,0,27.58,7.71,1.62,0,7.07,0,15.1,4.23,25.9,98,24.7
01-12-2019 05:00,2.2,316,0,27.56,7.69,1.5,0,13.65,0,29.95,4.07,25.86,98,24.7
01-12-2019 05:10,1.9,343,0,27.72,7.7,1.48,0,7.44,0,15.93,3.87,26.18,98,24.7
01-12-2019 05:20,1.8,318,0,27.86,7.73,1.62,0,8.59,0,19,3.94,26.39,98,24.7
01-12-2019 05:30,1.9,326,0,27.86,7.74,1.73,0,9.7,0,18.99,3.93,26.43,98,24.7
01-12-2019 05:40,1.8,320,0,27.81,7.72,1.43,0,9.08,0,17.99,3.95,26.34,97,24.7
01-12-2019 05:50,1.8,317,0,27.76,7.69,1.59,0,8.39,0,23.31,3.75,26.27,97,24.7
01-12-2019 06:00,1.8,330,0,27.82,7.7,1.58,0,10.9,0,20.53,3.76,26.36,98,24.9
01-12-2019 06:10,2,329,0,27.82,7.69,1.84,0,7.91,0,23.48,3.59,26.37,97,24.8
01-12-2019 06:20,1.7,329,0,27.87,7.7,1.45,0,9.16,0,15.25,3.65,26.45,97,24.9
01-12-2019 06:30,1.4,309,0,27.89,7.71,1.45,0,13.37,0,28.11,3.69,26.47,97,24.8
01-12-2019 06:40,1.6,319,0,27.85,7.69,1.45,0,6.51,0,16.25,3.47,26.44,97,24.9
01-12-2019 06:50,1.9,300,0,27.88,7.69,1.51,0,12.28,0,29.97,3.51,26.49,97,24.8
01-12-2019 07:00,1.6,308,0,27.9,7.7,1.5,0,7.43,0,15.67,3.55,26.5,97,24.8
01-12-2019 07:10,1.4,301,0,27.94,7.71,1.53,0,8.63,0,58.95,3.56,26.54,97,25
01-12-2019 07:20,1.5,307,0,27.97,7.71,1.46,0,8.13,0,19.95,3.71,26.56,97,25
01-12-2019 07:30,1.5,307,0,27.95,7.72,1.47,0,5.94,0,10.42,3.68,26.55,97,25
01-12-2019 07:40,1.3,308,0,27.91,7.65,1.24,0,5.31,0,9.44,3.12,26.52,97,25.2
01-12-2019 07:50,1.4,314,0,27.9,7.67,1.25,0,6.25,0,14.4,3.25,26.47,97,25.3
01-12-2019 08:00,3.9,72,0,27.88,7.67,1.51,0,6.88,0,12.5,3.5,26.34,97,25.3
01-12-2019 08:10,3.5,91,0,27.88,7.69,1.44,0,5.96,0,15.84,3.59,26.37,96,25.4
01-12-2019 08:20,2.5,97,0,27.81,7.71,2.14,0,4.94,0,10.07,3.87,26.26,96,25.7
01-12-2019 08:30,9.2,158,0,27.93,7.78,7.36,0,9.18,0,20.63,4.45,26.32,99,24.1
01-12-2019 08:40,5.9,146,0,27.87,7.81,2.29,0,11.35,0,20.11,4.82,26.2,99,24.5
01-12-2019 08:50,5.1,113,0,27.82,7.82,1.9,0,15.7,0,21.82,4.97,25.92,99,24.8
01-12-2019 09:00,4.3,124,0,27.81,7.82,1.87,0,9.88,0,21.22,4.95,26.04,99,24.5
01-12-2019 09:10,3.7,119,0,27.74,7.84,1.88,0,8.76,0,23.51,5.08,26.05,99,24.8
01-12-2019 09:20,3.6,118,0,27.8,7.84,1.92,0,11.24,0,19.8,4.96,26.29,99,24.8
01-12-2019 09:30,3,116,0,27.76,7.83,1.86,0,9.64,0,17.64,4.92,26.19,99,25.1
01-12-2019 09:40,2.7,129,0,27.77,7.83,1.82,0,6.88,0,18.09,4.85,26.21,98,25
01-12-2019 09:50,1.6,113,0,27.81,7.82,1.76,0,11.51,0,22.64,4.71,26.27,98,25
01-12-2019 10:00,2.1,65,0,27.74,7.82,1.66,0,8.05,0,19.17,4.82,26.14,99,24.9
01-12-2019 10:10,2.7,72,0,27.73,7.82,1.92,0,11.11,0,20.95,4.83,26.08,97,24.9
01-12-2019 10:20,3.5,85,0,27.74,7.82,1.76,0,8.67,0,16.76,4.82,26.14,97,25.2
01-12-2019 10:30,3.7,84,0,27.67,7.8,1.64,0,7.04,0,14.22,4.75,25.93,97,25.5
01-12-2019 10:40,3.4,75,0,27.68,7.79,2.86,0,10.52,0,20.45,4.62,25.89,95,25.4
01-12-2019 10:50,2.5,73,0,27.66,7.75,1.46,0,5.89,0,11.45,4.5,25.8,96,25.6
01-12-2019 11:00,2.2,74,0,27.8,7.79,1.58,0,13.87,0,18.05,4.59,26.18,97,25.6
01-12-2019 11:10,3.5,98,0,27.8,7.79,1.56,0,8.62,0,13.02,4.55,26.19,93,25.7
01-12-2019 11:20,3.4,94,0,27.79,7.73,1.34,0,3.49,0,13.93,4.12,26.07,94,25.9
01-12-2019 11:30,3.4,87,0,27.79,7.75,1.4,0,7.04,0,12.9,4.27,26.06,93,25.8
01-12-2019 11:40,3,84,0,27.81,7.77,1.49,0,5.01,0,13.68,4.5,26.13,93,26
01-12-2019 11:50,2.9,76,0,27.83,7.78,1.46,0,8.07,0,22.98,4.55,26.15,92,26.1
01-12-2019 12:00,2.4,63,0,27.87,7.78,1.41,0,7.02,0,13.85,4.48,26.14,94,26.1
01-12-2019 12:10,3,66,0,27.84,7.79,1.53,0,7.5,0,13.8,4.63,26.14,94,26.3
01-12-2019 12:20,3.1,67,0,27.86,7.78,1.38,0,7.97,0,14.7,4.59,26.13,93,26.4
01-12-2019 12:30,3.3,58,0,27.84,7.79,1.45,0,11.75,0,22.25,4.67,26.05,95,26.1
01-12-2019 12:40,4.2,57,0,27.82,7.79,1.42,0,7.64,0,15.02,4.71,25.92,94,26.3
01-12-2019 12:50,4.4,60,0,27.92,7.78,1.52,0,7.39,0,13.89,4.4,26.18,92,26.6
01-12-2019 13:00,3.7,69,0,27.99,7.79,1.47,0,6.09,0,12.5,4.53,26.18,91,26.8
01-12-2019 13:10,3.4,67,0,28.11,7.79,1.53,0,7.31,0,17.03,4.59,26.23,91,27
01-12-2019 13:20,4.2,67,0,28.17,7.78,1.35,0,5.76,0,10.68,4.47,26.22,92,26.7
01-12-2019 13:30,4.3,60,0,28.15,7.79,3.1,0,9.18,0,25.27,4.56,26.28,92,26.9
01-12-2019 13:40,4.2,60,0,28.17,7.8,1.48,0,6.1,0,12.11,4.58,26.3,91,26.9
01-12-2019 13:50,4,58,0,28.22,7.81,1.45,0,7.39,0,14.12,4.66,26.34,92,27.1
01-12-2019 14:00,4.3,54,0,28.25,7.81,1.64,0,5.89,0,9,4.61,26.36,91,26.9
01-12-2019 14:10,4.5,59,0,28.21,7.8,1.44,0,6.14,0,12.08,4.6,26.34,92,27
01-12-2019 14:20,5.2,57,0,28.19,7.81,1.49,0,8.83,0,20.99,4.65,26.37,93,26.8
01-12-2019 14:30,5.3,56,0,28.18,7.81,1.88,0,14.69,0,29.03,4.57,26.38,96,26.2
01-12-2019 14:40,5.7,46,0,28.1,7.85,1.91,0,9.23,0,15.42,5.04,25.89,98,25.7
01-12-2019 14:50,4.1,53,0,28.01,7.85,1.61,0,7.36,0,13.23,5.14,25.62,98,26
01-12-2019 15:00,7.2,71,0,28.05,7.83,1.79,0,8.83,0,15.91,4.83,26.02,95,26.1
01-12-2019 15:10,8.6,89,0,28.05,7.82,2.07,0,13.85,0,20.07,4.6,26.21,96,25.7
01-12-2019 15:20,6.9,81,0,28.07,7.81,2.11,0,10.43,0,19.62,4.38,26.38,92,25.9
01-12-2019 15:30,6.6,79,0,28.07,7.8,2.22,0,4.1,0,8.35,4.23,26.42,93,26.4
01-12-2019 15:40,6.7,84,0,28.06,7.79,2.19,0,11.86,0,19.93,4.14,26.46,92,26.6
01-12-2019 15:50,7.3,87,0,28.05,7.78,1.98,0,8.92,0,15,4.02,26.44,90,26.7
01-12-2019 16:00,8.8,90,0,28.03,7.78,2.2,0,19.42,0,44.51,4.09,26.43,92,26.4
01-12-2019 16:10,9.8,95,0,28.02,7.77,2.11,0,10.32,0,22.48,4.11,26.38,94,25.5
01-12-2019 16:20,9.6,92,0,28,7.77,2.09,0,7.5,0,22.33,4.19,26.31,97,24.6
01-12-2019 16:30,8.5,84,0,27.96,7.77,2.05,0,12.72,0,19.13,4.36,26.24,96,24.6
01-12-2019 16:40,6.8,78,0,27.94,7.79,1.96,0,12.17,0,25.69,4.65,26.14,96,24.7
01-12-2019 16:50,6.5,79,0,27.94,7.79,2.12,0,9.69,0,27.33,4.71,26.14,93,24.9
01-12-2019 17:00,5.9,85,0,27.93,7.79,2.11,0,18.13,0,26.52,4.6,26.19,92,25.3
01-12-2019 17:10,5.3,78,0,27.92,7.79,2.04,0,14.99,0,28.88,4.6,26.22,92,25.3
01-12-2019 17:20,4.5,85,0,27.92,7.78,1.85,0,17.85,0,29.32,4.47,26.23,91,25.3
01-12-2019 17:30,3.7,79,0,27.92,7.78,1.93,0,15,0,29.89,4.43,26.23,91,25.2
01-12-2019 17:40,3.3,92,0,27.89,7.76,1.77,0,19,0,52.31,4.24,25.97,93,25.1
01-12-2019 17:50,3,90,0,27.88,7.75,1.77,0,13.75,0,31.56,4.28,26.14,91,25.3
01-12-2019 18:00,3,93,0,27.86,7.75,1.52,0,8.74,0,25.77,4.2,26.09,93,25.5
01-12-2019 18:10,3.7,101,0,27.85,7.75,1.58,0,19.35,0,57.56,4.16,26.07,91,25.6
01-12-2019 18:20,3.7,103,0,27.84,7.76,1.84,0,9.54,0,15.88,4.39,25.97,91,25.8
01-12-2019 18:30,3.7,102,0,27.87,7.75,1.67,0,15.65,0,36.48,4.38,25.93,93,25.8
01-12-2019 18:40,3.4,99,0,27.89,7.75,1.89,0,14.59,0,29.74,4.38,25.9,93,25.9
01-12-2019 18:50,2.6,98,0,27.9,7.75,1.77,0,9.99,0,22.62,4.24,25.93,93,25.9
01-12-2019 19:00,2.6,98,0,27.88,7.74,1.64,0,8.93,0,21.69,4.16,25.92,93,26
01-12-2019 19:10,3.2,92,0,27.85,7.74,1.43,0,11.5,0,24.54,4.19,25.91,93,26.1
01-12-2019 19:20,3.8,92,0,27.85,7.74,1.73,0,9.12,0,16.54,4.25,25.93,90,26
01-12-2019 19:30,3.7,90,0,27.85,7.74,1.91,0,15.93,0,28.82,4.13,25.99,92,26
01-12-2019 19:40,2.8,89,0,27.85,7.75,1.92,0,12.37,0,27.79,4.34,25.98,94,26.1
01-12-2019 19:50,2.8,79,0,27.86,7.74,2.35,0,11.07,0,27.94,4.12,26,92,26
01-12-2019 20:00,2.8,81,0,27.83,7.73,1.4,0,15.97,0,16.23,4.02,25.99,93,26.1
01-12-2019 20:10,7,100,0,27.81,7.74,1.78,0,13.29,0,25.89,4.27,25.94,97,24.1
01-12-2019 20:20,5.3,90,0,27.75,7.79,1.8,0,10.82,0,32.72,4.63,25.62,98,24.1
01-12-2019 20:30,3.8,72,0,27.65,7.8,1.79,0,10.57,0,18.05,4.86,25.4,98,24.3
01-12-2019 20:40,3.1,59,0,27.63,7.79,1.7,0,12.22,0,31.04,4.63,25.4,97,24.2
01-12-2019 20:50,2.9,52,0,27.65,7.78,2.46,0,9.63,0,30.49,4.5,25.63,96,24.6
01-12-2019 21:00,3,44,0,27.64,7.76,1.56,0,17.25,0,36.3,4.27,25.54,96,24.7
01-12-2019 21:10,2.9,49,0,27.69,7.74,1.48,0,8.54,0,15.75,4.01,25.8,95,25
01-12-2019 21:20,2.6,71,0,27.49,7.73,1.72,0,10.37,0,18.64,4.42,25.21,95,25.2
01-12-2019 21:30,2.6,92,0,27.54,7.72,1.89,0,7.59,0,17.95,4.39,25.12,95,25.2
01-12-2019 21:40,2,109,0,27.57,7.73,2.05,0,7.34,0,15.55,4.45,25.23,96,25.4
01-12-2019 21:50,1.9,85,0,27.62,7.73,1.86,0,7.63,0,22.84,4.36,25.35,96,25.6
01-12-2019 22:00,2.6,69,0,27.61,7.73,1.83,0,10.46,0,20.29,4.36,25.39,95,25.7
01-12-2019 22:10,2.8,63,0,27.6,7.72,1.63,0,8.67,0,17.76,4.2,25.46,93,25.7
01-12-2019 22:20,3,56,0,27.64,7.71,1.49,0,9.95,0,23.03,4.01,25.64,92,26.1
01-12-2019 22:30,3.2,59,0,27.69,7.72,1.66,0,8.39,0,15.87,4,25.82,91,26.1
01-12-2019 22:40,3.2,59,0,27.73,7.71,1.46,0,7.96,0,16.19,3.84,24.37,91,26.2
01-12-2019 22:50,3.1,62,0,27.72,7.71,1.33,0,6.03,0,8.14,3.75,25.98,92,26.2
01-12-2019 23:00,3.6,55,0,27.71,7.7,1.66,0,14.53,0,22.12,3.71,25.99,92,26.2
01-12-2019 23:10,3.8,53,0,27.71,7.7,1.29,0,10.88,0,12.87,3.75,26.01,90,26.4
01-12-2019 23:20,4.1,53,0,27.69,7.71,1.4,0,10.16,0,19.41,3.83,26.02,91,26.4
01-12-2019 23:30,4,63,0,27.68,7.72,1.69,0,8.13,0,15.39,3.92,26.03,90,26.3
01-12-2019 23:40,4.4,66,0,27.7,7.73,1.69,0,9.42,0,19.06,4,26.08,91,26.4
01-12-2019 23:50,5.6,71,0,27.74,7.73,1.58,0,13.84,0,28.56,4.03,26.12,94,26.1
02-12-2019 00:00,5.2,64,0,27.74,7.73,1.73,0,8.52,0,28.09,3.97,26.08,92,25.9
02-12-2019 00:10,4.8,65,0,27.77,7.73,1.47,0,10.05,0,21.3,3.89,26.18,91,26
02-12-2019 00:20,4.8,72,0,27.76,7.73,1.64,0,9.34,0,24.3,3.88,26.08,94,25.7
02-12-2019 00:30,4.9,65,0,27.78,7.73,2.08,0,9.96,0,26.12,3.85,26.22,94,26
02-12-2019 00:40,5,62,0,27.78,7.74,1.6,0,8.88,0,22.56,3.88,26.25,95,25.9
02-12-2019 00:50,5,60,0,27.82,7.74,1.58,0,12.72,0,34.44,3.88,26.28,93,26
02-12-2019 01:00,5,59,0,27.84,7.75,1.53,0,8.23,0,22.58,3.82,26.34,92,26.1
02-12-2019 01:10,4.4,62,0,27.85,7.74,1.91,0,14.52,0,28.42,3.81,26.35,92,26.3
02-12-2019 01:20,4.4,70,0,27.84,7.74,1.54,0,8.39,0,14.31,3.75,26.33,92,26.4
02-12-2019 01:30,4.5,64,0,27.82,7.73,1.46,0,7.71,0,15.4,3.72,26.32,91,26.3
02-12-2019 01:40,4.7,65,0,27.8,7.71,1.66,0,6.54,0,13.2,3.58,26.26,90,26.4
02-12-2019 01:50,4.9,66,0,27.78,7.69,1.33,0,4.66,0,10.14,3.42,26.23,87,26.4
02-12-2019 02:00,4.8,65,0,27.76,7.7,1.66,0,6.07,0,11.18,3.51,26.22,87,26.5
02-12-2019 02:10,4.8,68,0,27.74,7.71,1.56,0,6.16,0,13.57,3.66,26.22,87,26.5
02-12-2019 02:20,4.6,66,0,27.69,7.71,1.59,0,11.98,0,21.47,3.82,26.15,87,26.6
02-12-2019 02:30,4.5,65,0,27.7,7.7,1.62,0,7.68,0,22.9,3.7,26.15,86,26.6
02-12-2019 02:40,4.7,70,0,27.71,7.7,1.52,0,8.2,0,12.7,3.67,26.14,86,26.6
02-12-2019 02:50,5.3,80,0,27.69,7.71,1.6,0,6.18,0,13.32,3.78,26.14,89,26.5
02-12-2019 03:00,5.7,91,0,27.69,7.72,1.82,0,6.93,0,15.77,3.8,26.15,87,26.4
02-12-2019 03:10,5.6,90,0,27.68,7.72,1.53,0,8.19,0,25.17,3.82,26.16,87,26.4
02-12-2019 03:20,5.9,90,0,27.67,7.72,1.64,0,8.76,0,13.93,3.83,26.15,86,26.7
02-12-2019 03:30,5.1,90,0,27.66,7.71,1.62,0,10.38,0,22.57,3.85,26.16,86,26.8
02-12-2019 03:40,4.9,86,0,27.63,7.72,1.57,0,8.89,0,20.03,3.9,26.16,86,26.8
02-12-2019 03:50,4.8,82,0,27.63,7.71,1.57,0,7.42,0,14.03,3.81,26.15,85,26.9
02-12-2019 04:00,5.1,90,0,27.63,7.73,1.82,0,7.52,0,19.77,3.96,26.17,84,27
02-12-2019 04:10,5.3,92,0,27.63,7.72,1.57,0,10.3,0,14.08,3.9,26.19,87,26.8
02-12-2019 04:20,5.5,93,0,27.64,7.74,1.89,0,4.11,0,6.69,3.98,26.2,86,26.7
02-12-2019 04:30,5.3,95,0,27.61,7.73,1.62,0,7.5,0,15.75,4,26.21,86,26.6
02-12-2019 04:40,4.8,101,0,27.61,7.73,1.77,0,8.32,0,19.86,3.98,26.2,85,26.7
02-12-2019 04:50,4.5,104,0,27.59,7.72,1.5,0,6.98,0,14.05,3.91,26.15,83,26.9
02-12-2019 05:00,4.4,97,0,27.58,7.72,1.65,0,8.01,0,15.61,3.91,26.14,82,27.1
02-12-2019 05:10,4.1,106,0,27.57,7.71,1.61,0,7.94,0,11.87,3.82,26.13,83,27
02-12-2019 05:20,3.3,103,0,27.53,7.71,1.55,0,6.1,0,10.9,3.82,26.07,84,27
02-12-2019 05:30,3,98,0,27.51,7.69,1.49,0,7.55,0,23.79,3.74,26.04,83,27
02-12-2019 05:40,3.1,92,0,27.49,7.69,1.39,0,8.69,0,16.04,3.65,26.01,83,27.1
02-12-2019 05:50,3,92,0,27.51,7.68,1.43,0,5.01,0,10.28,3.64,26.01,81,27.1
02-12-2019 06:00,3.2,84,0,27.57,7.73,1.51,0,6.8,0,12.24,3.91,26.21,80,27.4
02-12-2019 06:10,3.3,85,0,27.54,7.7,1.81,0,6.71,0,14.43,3.7,26.08,79,27.5
02-12-2019 06:20,3.1,76,0,27.5,7.67,1.47,0,5.73,0,11.63,3.56,26.01,79,27.4
02-12-2019 06:30,3.2,67,0,27.49,7.66,1.41,0,7.19,0,12.56,3.52,26.01,81,27.4
02-12-2019 06:40,3.7,75,0,27.49,7.65,1.32,0,5.92,0,20.3,3.38,26.01,84,27.4
02-12-2019 06:50,3.3,76,0,27.51,7.66,1.87,0,7.05,0,15.74,3.46,26.03,84,27.3
02-12-2019 07:00,3.4,80,0,27.52,7.66,1.3,0,5.17,0,9.94,3.4,26.03,84,27.3
02-12-2019 07:10,3.2,83,0,27.55,7.67,1.53,0,6.16,0,11.86,3.4,26.07,84,27.3
02-12-2019 07:20,3.4,78,0,27.57,7.65,1.35,0,4.04,0,7.7,3.24,26.07,85,27.3
02-12-2019 07:30,3.4,75,0,27.58,7.66,1.68,0,5.02,0,13.4,3.42,26.06,85,27.3
02-12-2019 07:40,3.2,75,0,27.58,7.66,1.68,0,4.92,0,15.4,3.38,26.08,86,27.4
02-12-2019 07:50,2.9,73,0,27.58,7.67,1.36,0,5.14,0,13.89,3.47,26.08,86,27.4
02-12-2019 08:00,2.9,68,0,27.56,7.68,1.5,0,4.63,0,7.28,3.57,26.08,87,27.5
02-12-2019 08:10,2.6,59,0,27.56,7.69,1.43,0,5.69,0,14.31,3.68,26.1,86,27.4
02-12-2019 08:20,2.6,57,0,27.58,7.68,1.78,0,6.11,0,9.3,3.64,26.11,85,27.5
02-12-2019 08:30,2.7,54,0,27.6,7.69,1.43,0,5.98,0,15.88,3.66,26.12,87,27.6
02-12-2019 08:40,2.7,51,0,27.66,7.68,1.43,0,4.22,0,8.36,3.49,26.16,86,27.6
02-12-2019 08:50,3,46,0,27.71,7.66,1.5,0,4.29,0,6.71,3.34,26.16,87,27.6
02-12-2019 09:00,3.2,22,0,27.76,7.65,1.29,0,3.48,0,9.87,3.16,26.17,88,27.5
02-12-2019 09:10,3.3,21,0,27.74,7.69,1.58,0,4.14,0,7.26,3.64,26.19,88,27.5
02-12-2019 09:20,3.3,15,0,27.74,7.7,1.41,0,5.81,0,9.05,3.67,26.22,89,27.5
02-12-2019 09:30,3.5,21,0,27.78,7.68,1.31,0,4.78,0,20.44,3.47,26.25,89,27.5
02-12-2019 09:40,3.5,25,0,27.75,7.71,1.53,0,4.07,0,7.59,3.88,26.21,90,27.5
02-12-2019 09:50,3.6,29,0,27.77,7.71,2.46,0,3.78,0,6.82,3.84,26.24,88,27.6
02-12-2019 10:00,3.8,30,0,27.79,7.7,1.22,0,3.65,0,8.25,3.69,26.23,89,27.6
02-12-2019 10:10,4,31,0,27.82,7.7,1.37,0,3.51,0,6.55,3.7,26.24,88,27.6
02-12-2019 10:20,4.3,32,0,27.81,7.73,1.93,0,5.83,0,19.47,3.89,26.26,89,27.7
02-12-2019 10:30,5,30,0,27.81,7.72,1.39,0,4.34,0,7.51,3.92,26.23,90,27.6
02-12-2019 10:40,5.2,26,0,27.84,7.74,1.36,0,3.54,0,6.22,4.02,26.26,90,27.7
02-12-2019 10:50,5.2,29,0,27.88,7.74,1.59,0,4.17,0,7.53,4.06,26.28,91,27.7
02-12-2019 11:00,5.1,29,0,27.92,7.73,1.38,0,4.74,0,7.19,3.95,26.28,90,27.7
02-12-2019 11:10,4.7,29,0,27.95,7.74,1.35,0,3.47,0,6.45,3.98,26.3,90,27.7
02-12-2019 11:20,4.9,29,0,27.97,7.74,1.25,0,3.1,0,5.28,4.03,26.32,91,27.6
02-12-2019 11:30,4.8,33,0,28,7.74,1.31,0,3.16,0,5.64,3.96,26.3,89,27.9
02-12-2019 11:40,4.8,35,0,28.05,7.74,1.38,0,3.42,0,5.64,3.93,26.3,89,27.8
02-12-2019 11:50,4.6,51,0,28.06,7.74,1.3,0,3.45,0,6.59,3.94,26.31,85,28.4
02-12-2019 12:00,4.7,53,0,28.09,7.75,1.39,0,3.53,0,7.21,3.99,26.35,85,28.4
02-12-2019 12:10,4.8,54,0,28.09,7.76,1.45,0,4.53,0,7.53,4.01,26.36,85,28.4
02-12-2019 12:20,4.4,53,0,28.09,7.76,1.46,0,3.11,0,6.48,3.98,26.37,84,28.3
02-12-2019 12:30,4.8,53,0,28.08,7.77,1.84,0,7.06,0,12.63,4.11,26.39,85,28.3
02-12-2019 12:40,4.4,54,0,28.06,7.77,1.62,0,6.13,0,20.11,4.09,26.4,84,28.2
02-12-2019 12:50,4.3,57,0,28.03,7.77,1.68,0,4.34,0,14.12,4.12,26.42,85,28.2
02-12-2019 13:00,4.7,53,0,28.02,7.78,1.61,0,5.63,0,9.68,4.15,26.42,85,28.1
02-12-2019 13:10,4.8,52,0,27.99,7.78,2.24,0,5.8,0,11.26,4.16,26.43,84,28.2
02-12-2019 13:20,4.8,52,0,27.98,7.78,1.48,0,8.14,0,16.75,4.12,26.44,84,28.1
02-12-2019 13:30,4.7,51,0,27.96,7.78,2.04,0,9.94,0,19.46,4.12,26.45,85,28.2
02-12-2019 13:40,4.8,51,0,27.95,7.77,1.96,0,8.22,0,20.28,4,26.45,84,28.2
02-12-2019 13:50,4.8,50,0,27.96,7.78,1.58,0,7.68,0,15.34,4.11,26.46,86,28.2
02-12-2019 14:00,4.7,49,0,28.02,7.79,1.74,0,9.11,0,17.91,4.18,26.46,86,28.2
02-12-2019 14:10,4.9,48,0,28.06,7.79,1.72,0,8.12,0,17.88,4.24,26.45,84,28.1
02-12-2019 14:20,5.1,48,0,28.05,7.78,1.71,0,7.61,0,20.67,4.1,26.43,85,28.2
02-12-2019 14:30,5.1,49,0,28.03,7.76,1.66,0,7.63,0,17.03,3.97,26.42,84,28.2
02-12-2019 14:40,5,48,0,28,7.77,2.94,0,15.71,0,22.89,4.12,26.39,85,28.2
02-12-2019 14:50,4.8,46,0,28,7.76,1.78,0,11.66,0,22.88,4.04,26.38,86,28.2
02-12-2019 15:00,4.7,49,0,28.01,7.76,1.68,0,7.86,0,17.73,4.1,26.34,86,28.1
02-12-2019 15:10,4.8,43,0,28,7.77,1.75,0,13.72,0,20.02,4.15,26.34,86,28.1
02-12-2019 15:20,5.3,47,0,27.99,7.77,1.47,0,12.92,0,20.47,4.16,26.33,86,28.1
02-12-2019 15:30,5.2,49,0,27.99,7.78,1.67,0,14.41,0,27.75,4.33,26.33,84,28.1
02-12-2019 15:40,5.5,47,0,27.99,7.77,1.65,0,13.26,0,32.16,4.3,26.32,85,28.1
02-12-2019 15:50,5.2,46,0,28,7.78,1.74,0,14.74,0,55.68,4.37,26.33,85,28.1
02-12-2019 16:00,5,48,0,28,7.77,1.86,0,11.29,0,25.04,4.24,26.33,86,28.1
02-12-2019 16:10,5,48,0,28,7.77,1.64,0,18.22,0,34.5,4.16,26.33,86,28.1
02-12-2019 16:20,5.1,48,0,28,7.76,1.63,0,9.9,0,19.13,4.08,26.34,86,28.1
02-12-2019 16:30,4.9,51,0,27.99,7.75,1.54,0,18.26,0,51.11,3.95,26.35,86,28.1
02-12-2019 16:40,4.8,49,0,27.99,7.73,1.43,0,14.74,0,22.69,3.75,26.36,87,28.1
02-12-2019 16:50,4.8,47,0,27.98,7.73,1.63,0,9.38,0,22.87,3.84,26.37,86,28.1
02-12-2019 17:00,4.5,49,0,27.99,7.74,1.69,0,16.51,0,22.67,3.84,26.36,87,28.1
02-12-2019 17:10,4.7,46,0,27.98,7.75,1.64,0,15.41,0,38.01,4,26.36,88,28
02-12-2019 17:20,5.2,38,0,27.98,7.76,1.49,0,10.57,0,22,3.97,26.36,87,28
02-12-2019 17:30,5,37,0,27.98,7.77,1.93,0,18,0,37.49,4.2,26.36,86,28
02-12-2019 17:40,4.9,35,0,27.97,7.75,1.71,0,24.16,0,66.69,3.95,26.33,88,27.9
02-12-2019 17:50,4.5,41,0,27.96,7.73,1.56,0,21.12,0,38.33,3.83,26.31,88,27.9
02-12-2019 18:00,5.1,44,0,27.94,7.73,1.89,0,19.69,0,34.72,3.9,26.29,88,27.9
02-12-2019 18:10,6.1,40,0,27.94,7.74,1.73,0,12.32,0,24.87,3.97,26.29,86,27.5
02-12-2019 18:20,5.7,35,0,27.93,7.75,1.81,0,15.7,0,35.15,4.04,26.31,87,27.6
02-12-2019 18:30,5.5,36,0,27.92,7.73,1.68,0,11.49,0,30.26,3.89,26.3,86,27.8
02-12-2019 18:40,5.2,34,0,27.91,7.72,1.65,0,26.51,0,47.43,3.77,26.3,87,27.7
02-12-2019 18:50,4.6,36,0,27.9,7.71,1.65,0,14.74,0,31.48,3.68,26.3,88,27.7
02-12-2019 19:00,4.9,41,0,27.9,7.71,1.55,0,11.38,0,28.01,3.83,26.28,87,27.9
02-12-2019 19:10,5.8,50,0,27.9,7.71,1.67,0,15.46,0,41.03,3.87,26.28,86,27.9
02-12-2019 19:20,5.8,48,0,27.9,7.72,1.69,0,15.86,0,32.85,3.8,26.3,86,28
02-12-2019 19:30,5.4,45,0,27.91,7.71,1.88,0,13.29,0,32.31,3.64,26.31,86,28
02-12-2019 19:40,5.6,45,0,27.9,7.69,1.49,0,16.3,0,24.88,3.49,26.33,85,28
02-12-2019 19:50,5.8,44,0,27.9,7.69,1.78,0,16.69,0,34.19,3.44,26.34,85,28
02-12-2019 20:00,5.8,45,0,27.9,7.7,1.61,0,18.21,0,31.93,3.51,26.33,85,28
02-12-2019 20:10,5.8,44,0,27.89,7.7,1.95,0,15.1,0,31.41,3.59,26.33,86,28
02-12-2019 20:20,5.6,45,0,27.88,7.7,1.8,0,15.78,0,36.12,3.58,26.18,84,28
02-12-2019 20:30,5.7,46,0,27.89,7.7,1.78,0,21.82,0,49.5,3.56,26.34,86,28
02-12-2019 20:40,5.5,45,0,27.89,7.68,1.53,0,10.29,0,19.16,3.26,26.35,83,28
02-12-2019 20:50,5.6,47,0,27.9,7.67,1.48,0,10.94,0,55.67,3.09,26.36,85,27.9
02-12-2019 21:00,5.6,46,0,27.9,7.66,1.66,0,10.18,0,24.28,3,26.36,84,27.9
02-12-2019 21:10,5.4,45,0,27.9,7.65,1.43,0,9.92,0,23.85,2.98,26.36,84,28
02-12-2019 21:20,5.4,45,0,27.88,7.67,1.53,0,14.34,0,25.96,3.2,26.34,85,27.9
02-12-2019 21:30,5.2,45,0,27.88,7.66,1.48,0,9.69,0,20.39,3.07,26.34,87,28
02-12-2019 21:40,5.2,48,0,27.88,7.66,1.62,0,9.57,0,22.84,3.06,26.34,85,28
02-12-2019 21:50,5.2,49,0,27.87,7.66,1.66,0,10.3,0,21.01,3.14,26.33,83,27.9
02-12-2019 22:00,5.5,49,0,27.86,7.66,1.61,0,15.27,0,19.66,3.2,26.33,85,28
02-12-2019 22:10,5.3,51,0,27.86,7.66,1.47,0,11.58,0,32.64,3.21,26.33,85,27.9
02-12-2019 22:20,5,52,0,27.85,7.66,1.58,0,24.49,0,42.19,3.24,26.33,84,27.9
02-12-2019 22:30,5.1,51,0,27.84,7.66,1.84,0,10.77,0,22.54,3.23,26.33,85,27.8
02-12-2019 22:40,5.1,49,0,27.84,7.65,1.46,0,46.68,0,69.67,3.11,26.34,85,27.9
02-12-2019 22:50,5,52,0,27.84,7.66,1.5,0,10.99,0,21.09,3.21,26.33,85,27.9
02-12-2019 23:00,5.3,50,0,27.83,7.67,1.75,0,8.39,0,19.94,3.3,26.33,85,27.9
02-12-2019 23:10,5.4,47,0,27.82,7.67,1.5,0,9.97,0,23.99,3.44,26.32,86,27.9
02-12-2019 23:20,4.8,48,0,27.81,7.67,1.57,0,8.71,0,19.83,3.42,26.32,86,27.8
02-12-2019 23:30,5.2,51,0,27.81,7.67,1.54,0,12.38,0,23.34,3.35,26.32,85,27.9
02-12-2019 23:40,5,49,0,27.82,7.66,1.53,0,13.03,0,30.72,3.29,26.33,85,27.9
02-12-2019 23:50,5.5,45,0,27.81,7.66,1.49,0,12.56,0,27.78,3.31,26.33,85,27.9
03-12-2019 00:00,5.6,47,0,27.81,7.67,1.52,0,6.97,0,14.03,3.31,26.34,84,27.8
03-12-2019 00:10,5.6,48,0,27.82,7.66,1.63,0,12.43,0,23.95,3.26,26.34,86,27.8
03-12-2019 00:20,5.4,44,0,27.82,7.67,1.6,0,10.25,0,20.08,3.24,26.35,86,27.9
03-12-2019 00:30,5.9,49,0,27.84,7.66,1.67,0,12.92,0,26.58,3.24,26.36,86,27.9
03-12-2019 00:40,5.9,51,0,27.85,7.66,2.74,0,10.91,0,20.62,3.11,26.36,85,27.9
03-12-2019 00:50,5.6,53,0,27.85,7.65,1.72,0,9.46,0,20.24,3.01,26.38,85,27.8
03-12-2019 01:00,5.8,52,0,27.86,7.65,1.71,0,15.8,0,34.73,2.95,26.39,85,27.8
03-12-2019 01:10,5.6,54,0,27.85,7.65,1.56,0,10.68,0,32.63,2.98,26.39,85,27.9
03-12-2019 01:20,5.2,54,0,27.85,7.64,1.64,0,9.61,0,36.35,2.87,26.4,85,27.8
03-12-2019 01:30,5.8,53,0,27.84,7.65,1.53,0,9.87,0,25.53,2.95,26.39,85,27.7
03-12-2019 01:40,5.5,55,0,27.85,7.64,1.44,0,8.9,0,25.11,2.87,26.39,85,27.7
03-12-2019 01:50,5.5,54,0,27.84,7.64,1.57,0,11.78,0,27.28,2.87,26.39,85,27.7
03-12-2019 02:00,5.9,52,0,27.84,7.64,2,0,10.39,0,29.61,2.91,26.4,85,27.7
03-12-2019 02:10,6,52,0,27.85,7.64,1.6,0,9.08,0,15.92,2.87,26.41,85,27.7
03-12-2019 02:20,5.9,52,0,27.85,7.64,1.67,0,7.54,0,19.75,2.84,26.41,85,27.8
03-12-2019 02:30,5.2,54,0,27.82,7.65,1.5,0,18.13,0,34.95,2.94,26.42,86,27.7
03-12-2019 02:40,5.3,53,0,27.83,7.64,1.51,0,18.16,0,26.07,2.86,26.42,84,27.6
03-12-2019 02:50,5.5,50,0,27.82,7.65,1.75,0,10.08,0,23.4,3.01,26.43,85,27.7
03-12-2019 03:00,5.7,47,0,27.79,7.66,1.48,0,8.82,0,16.31,3.14,26.45,85,27.7
03-12-2019 03:10,5.3,48,0,27.78,7.68,1.63,0,10.77,0,33.05,3.26,26.46,86,27.7
03-12-2019 03:20,5.6,49,0,27.82,7.65,1.66,0,13.93,0,25.94,2.99,26.38,85,27.7
03-12-2019 03:30,5.8,46,0,27.82,7.65,1.67,0,14.98,0,38.37,2.99,26.38,86,27.7
03-12-2019 03:40,5.7,47,0,27.84,7.64,1.65,0,9.25,0,15.19,2.83,26.4,85,27.7
03-12-2019 03:50,5.9,49,0,27.84,7.63,1.55,0,9.06,0,13.8,2.77,26.43,85,27.7
03-12-2019 04:00,5.7,49,0,27.84,7.63,1.58,0,7.36,0,17.29,2.74,26.44,83,27.7
03-12-2019 04:10,,,,,,,,,,,,,,
03-12-2019 04:50,6.3,52,0,27.79,7.67,1.68,0,8.4,0,15.86,3.09,26.48,83,27.6
03-12-2019 05:00,6.4,49,0,27.8,7.67,1.61,0,4.21,0,13.03,3.05,26.48,84,27.7
03-12-2019 05:10,6,50,0,27.79,7.67,1.7,0,10.03,0,21.92,3.1,26.48,83,27.7
03-12-2019 05:20,6.4,51,0,27.79,7.67,1.73,0,8.96,0,25.39,3.1,26.48,83,27.6
03-12-2019 05:30,6.4,52,0,27.8,7.66,1.7,0,16.01,0,25.11,3,26.49,83,27.7
03-12-2019 05:40,6.4,52,0,27.8,7.66,1.59,0,8.26,0,12.44,2.99,26.49,83,27.7
03-12-2019 05:50,6.4,49,0,27.77,7.69,2.41,0,7.12,0,13.76,3.28,26.47,82,27.7
03-12-2019 06:00,6.1,47,0,27.75,7.71,2.28,0,17.49,0,36.51,3.45,26.46,83,27.8
03-12-2019 06:10,6,47,0,27.75,7.71,1.87,0,8.78,0,14.13,3.44,26.46,82,27.7
03-12-2019 06:20,6.1,49,0,27.76,7.7,2.37,0,16.45,0,31.95,3.35,26.47,82,27.8
03-12-2019 06:30,6.1,48,0,27.77,7.69,1.89,0,13.58,0,17.62,3.22,26.47,81,27.7
03-12-2019 06:40,6,49,0,27.75,7.69,1.88,0,7.44,0,18.99,3.33,26.47,82,27.8
03-12-2019 06:50,6,46,0,27.74,7.68,3.49,0,7.15,0,16.29,3.28,26.46,81,27.7
03-12-2019 07:00,5.9,47,0,27.74,7.68,2.31,0,8.92,0,20.67,3.27,26.47,83,27.8
03-12-2019 07:10,6.2,50,0,27.75,7.68,2.13,0,7.68,0,9.76,3.2,26.47,81,27.8
03-12-2019 07:20,6.2,52,0,27.73,7.68,1.99,0,9.91,0,19.79,3.3,26.46,83,27.9
03-12-2019 07:30,6.2,52,0,27.73,7.68,1.7,0,9.13,0,30.4,3.28,26.46,81,27.8
03-12-2019 07:40,6.6,52,0,27.71,7.69,2.09,0,7.31,0,22.99,3.39,26.45,81,27.8
03-12-2019 07:50,6.1,55,0,27.68,7.7,2.02,0,7.81,0,15.44,3.63,26.42,80,27.9
03-12-2019 08:00,5.9,58,0,27.68,7.7,2.14,0,8.34,0,11.64,3.66,26.42,80,28
03-12-2019 08:10,5.8,57,0,27.68,7.7,4.74,0,9.46,0,35.43,3.69,26.43,77,28.1
03-12-2019 08:20,5.5,59,0,27.68,7.71,2.89,0,5.6,0,11.96,3.79,26.4,77,28.1
03-12-2019 08:30,5.5,58,0,27.69,7.71,2.43,0,8.68,0,13.67,3.72,26.42,78,28.1
03-12-2019 08:40,5.6,56,0,27.69,7.71,3.08,0,7.44,0,22.29,3.74,26.42,78,28.2
03-12-2019 08:50,5.5,57,0,27.7,7.7,2.41,0,6.53,0,20.4,3.7,26.42,79,28.2
03-12-2019 09:00,5.7,55,0,27.7,7.7,2.22,0,6.61,0,14.05,3.71,26.42,79,28.2
03-12-2019 09:10,5.7,54,0,27.71,7.71,2.3,0,7.31,0,14.94,3.77,26.42,79,28.1
03-12-2019 09:20,5.5,54,0,27.71,7.72,3.18,0,7.68,0,21.57,3.84,26.42,79,28.1
03-12-2019 09:30,5.5,55,0,27.73,7.73,2.44,0,4.33,0,13.09,3.95,26.41,80,28.1
03-12-2019 09:40,5.2,56,0,27.74,7.73,2.87,0,6.85,0,14.13,3.9,26.41,80,28.2
03-12-2019 09:50,4.6,56,0,27.75,7.72,2.34,0,6.99,0,16.1,3.77,26.42,81,28.1
03-12-2019 10:00,5.3,56,0,27.77,7.72,3.11,0,5.16,0,9.47,3.87,26.41,77,28.3
03-12-2019 10:10,5.3,60,0,27.79,7.72,2.85,0,5.4,0,12.49,3.82,26.42,77,28.3
03-12-2019 10:20,4.9,61,0,27.8,7.72,2.87,0,5.96,0,13.09,3.8,26.42,79,28.3
03-12-2019 10:30,5.2,54,0,27.83,7.73,3.76,0,4.94,0,11.95,3.92,26.42,81,28.2
03-12-2019 10:40,5.5,49,0,27.84,7.73,2.16,0,6.4,0,14.93,3.96,26.42,82,28.1
03-12-2019 10:50,5.8,48,0,27.84,7.73,2.36,0,6.34,0,10.85,3.95,26.42,83,28.2
03-12-2019 11:00,5.5,50,0,27.84,7.73,2.17,0,6.51,0,14.9,3.98,26.42,83,28.1
03-12-2019 11:10,5.4,51,0,27.84,7.73,2.44,0,6.21,0,12.34,3.94,26.43,81,28.2
03-12-2019 11:20,5.4,52,0,27.85,7.73,2.78,0,6.64,0,13.42,4.04,26.42,81,28.2
03-12-2019 11:30,5.4,50,0,27.86,7.73,2.06,0,7.13,0,16.36,4.03,26.43,81,28.1
03-12-2019 11:40,5.3,52,0,27.86,7.73,1.88,0,7.73,0,23.19,4.03,26.42,80,28.2
03-12-2019 11:50,5.3,53,0,27.87,7.74,2.47,0,5.71,0,13.01,4.14,26.43,81,28.3
03-12-2019 12:00,5.4,53,0,27.91,7.74,2.88,0,8.56,0,11.88,4.19,26.42,80,28.3
03-12-2019 12:10,5.6,50,0,27.92,7.74,2,0,6.82,0,10.88,4.15,26.42,84,28.1
03-12-2019 12:20,5.8,47,0,27.96,7.74,3.64,0,4.88,0,16.96,4.19,26.42,83,28.2
03-12-2019 12:30,5.7,49,0,27.99,7.74,5,0,21.11,0,35.89,4.2,26.42,83,28.2
03-12-2019 12:40,5.5,49,0,28.03,7.74,2.89,0,7.83,0,15.89,4.24,26.43,82,28.3
03-12-2019 12:50,5.7,49,0,28.06,7.74,2.08,0,6.19,0,12.89,4.18,26.43,81,28.3
03-12-2019 13:00,5.6,49,0,28.09,7.73,1.86,0,6.71,0,20.64,4.13,26.43,81,28.2
03-12-2019 13:10,5.6,47,0,28.12,7.74,2.2,0,7.27,0,14.69,4.24,26.42,82,28.3
03-12-2019 13:20,5.7,49,0,28.15,7.75,2.59,0,5.56,0,13.31,4.32,26.42,82,28.4
03-12-2019 13:30,5.6,49,0,28.13,7.74,2.01,0,5.61,0,14.53,4.23,26.42,80,28.3
03-12-2019 13:40,5.6,51,0,28.11,7.74,2.17,0,5.35,0,15.37,4.22,26.41,81,28.2
03-12-2019 13:50,5.7,49,0,28.09,7.74,1.84,0,6.65,0,14.78,4.21,26.42,82,28.3
03-12-2019 14:00,5.7,49,0,28.03,7.74,2.3,0,7.33,0,17.97,4.23,26.42,81,28.2
03-12-2019 14:10,5.8,47,0,27.99,7.77,2.94,0,8.12,0,18.83,4.53,26.43,80,28.1
03-12-2019 14:20,5.6,45,0,27.93,7.72,2.56,0,5.74,0,11.63,4.04,26.43,82,28.1
03-12-2019 14:30,6,43,0,28,7.8,2.44,0,13.11,0,34.58,4.74,26.43,82,28.2
03-12-2019 14:40,6.1,44,0,27.96,7.77,2.38,0,13.87,0,35.73,4.44,26.43,80,28.1
03-12-2019 14:50,6,44,0,27.95,7.77,2.42,0,11.69,0,22.96,4.51,26.42,80,28.1
03-12-2019 15:00,6.1,43,0,27.97,7.8,2.76,0,16.05,0,40.05,4.7,26.42,83,28.2
03-12-2019 15:10,5.5,47,0,27.95,7.77,2.07,0,12.87,0,48.54,4.46,26.41,81,28.1
03-12-2019 15:20,5.2,52,0,27.93,7.72,2.28,0,9.4,0,23.59,3.91,26.41,81,28.2
03-12-2019 15:30,5.4,50,0,27.95,7.69,1.98,0,8.17,0,14.69,3.64,26.43,80,28.2
03-12-2019 15:40,5.3,51,0,27.92,7.71,2.4,0,14.12,0,49.11,3.85,26.41,80,28.3
03-12-2019 15:50,5.4,44,0,27.95,7.77,2.32,0,12.75,0,23.57,4.44,26.42,81,28.1
03-12-2019 16:00,5.4,44,0,27.97,7.77,1.97,0,17.86,0,36.51,4.44,26.42,82,28.1
03-12-2019 16:10,5.1,45,0,27.97,7.79,3.75,0,13.02,0,35.33,4.7,26.42,81,28
03-12-2019 16:20,5.6,40,0,27.94,7.79,2.62,0,14.7,0,41.49,4.68,26.42,82,28
03-12-2019 16:30,5.6,38,0,27.91,7.78,2.29,0,16.26,0,30.41,4.49,26.41,81,27.9
03-12-2019 16:40,5.7,38,0,27.9,7.78,2.44,0,14.27,0,30.89,4.56,26.42,82,28.1
03-12-2019 16:50,5.4,39,0,27.94,7.76,2.15,0,8.72,0,19.29,4.34,26.44,83,28.1
03-12-2019 17:00,5.2,41,0,27.93,7.77,2.25,0,12.99,0,26.37,4.49,26.44,83,28.1
03-12-2019 17:10,5.5,42,0,27.91,7.76,2.71,0,14.84,0,27.12,4.45,26.43,81,28
03-12-2019 17:20,5.5,39,0,27.88,7.74,2.59,0,12.86,0,34.86,4.15,26.43,82,28
03-12-2019 17:30,5.4,41,0,27.91,7.72,1.92,0,9.7,0,17.92,3.97,26.44,81,28.1
03-12-2019 17:40,4.9,46,0,27.95,7.69,2.16,0,26.75,0,47.58,3.7,26.44,81,28.1
03-12-2019 17:50,4.8,47,0,27.93,7.67,1.76,0,11.02,0,27.36,3.58,26.43,82,28.1
03-12-2019 18:00,4.9,44,0,27.94,7.68,2.09,0,36.97,0,66.21,3.61,26.44,84,28.1
03-12-2019 18:10,4.7,46,0,27.89,7.71,2.08,0,10.21,0,25.14,3.85,26.42,86,28.1
03-12-2019 18:20,5.1,46,0,27.87,7.72,2.21,0,15.13,0,32.89,3.94,26.41,85,28
03-12-2019 18:30,5,48,0,27.86,7.73,3.11,0,12.83,0,46.59,4.21,26.42,84,28.1
03-12-2019 18:40,4.4,56,0,27.85,7.73,2.61,0,19.07,0,36.9,4.1,26.42,83,28.1
03-12-2019 18:50,4.9,57,0,27.85,7.73,2.54,0,21.9,0,63.83,4.09,26.42,82,28.1
03-12-2019 19:00,5.1,55,0,27.85,7.71,2.3,0,14.11,0,29.47,3.91,26.42,82,28.2
03-12-2019 19:10,5.1,56,0,27.85,7.68,2.28,0,11.86,0,28.13,3.72,26.42,83,28.2
03-12-2019 19:20,5.1,55,0,27.83,7.71,2.41,0,11.98,0,26.63,3.97,26.42,85,28.2
03-12-2019 19:30,5.6,52,0,27.83,7.71,3.34,0,9.2,0,34.1,4.01,26.42,84,28.1
03-12-2019 19:40,5.6,47,0,27.83,7.71,2.16,0,9.36,0,25.02,3.92,26.42,84,28.1
03-12-2019 19:50,5.8,50,0,27.83,7.7,2.14,0,8.43,0,31.18,3.84,26.42,84,28.1
03-12-2019 20:00,5.9,50,0,27.82,7.69,2.04,0,13.36,0,37.08,3.84,26.43,84,28.1
03-12-2019 20:10,5.9,50,0,27.85,7.67,2.49,0,10.04,0,24.6,3.51,26.42,85,28.1
03-12-2019 20:20,5.4,50,0,27.84,7.66,2.46,0,9.03,0,23.33,3.46,26.42,85,28.1
03-12-2019 20:30,5.8,49,0,27.87,7.64,1.93,0,11.09,0,38.96,3.25,26.42,85,28.1
03-12-2019 20:40,5.8,50,0,27.88,7.65,1.89,0,11.01,0,18.68,3.34,26.42,83,28.1
03-12-2019 20:50,5.9,49,0,27.88,7.64,2.09,0,10.59,0,28.83,3.29,26.42,85,28.1
03-12-2019 21:00,5.8,49,0,27.88,7.64,2.23,0,8.47,0,19.5,3.27,26.42,85,28
03-12-2019 21:10,6,47,0,27.88,7.64,2.53,0,8.69,0,26.42,3.2,26.42,85,28
03-12-2019 21:20,5.9,48,0,27.89,7.63,2.09,0,10.22,0,18.71,3.18,26.41,85,28.1
03-12-2019 21:30,5.7,52,0,27.89,7.63,2.57,0,9.94,0,22.27,3.16,26.41,83,28.1
03-12-2019 21:40,5.7,51,0,27.89,7.63,2.34,0,12.52,0,20.93,3.17,26.41,83,28.1
03-12-2019 21:50,6,51,0,27.88,7.63,2.1,0,11.2,0,22.76,3.2,26.41,84,28
03-12-2019 22:00,5.8,50,0,27.87,7.63,2.06,0,12.53,0,40.78,3.2,26.41,83,28
03-12-2019 22:10,5.9,51,0,27.85,7.62,1.88,0,11.78,0,31.3,3.13,26.41,82,28.1
03-12-2019 22:20,6.4,51,0,27.8,7.63,1.9,0,8.95,0,19.4,3.31,26.42,82,28.1
03-12-2019 22:30,6.1,51,0,27.78,7.65,2.09,0,9.47,0,22.49,3.45,26.43,82,28
03-12-2019 22:40,6.1,52,0,27.77,7.65,2.28,0,8.85,0,16.23,3.46,26.43,84,28
03-12-2019 22:50,5.5,53,0,27.76,7.65,2.2,0,7.07,0,10.1,3.49,26.43,82,28
03-12-2019 23:00,5.7,51,0,27.76,7.65,2.3,0,10.72,0,22.56,3.49,26.43,84,27.9
03-12-2019 23:10,5.5,53,0,27.8,7.61,1.75,0,6.01,0,13.18,3.12,26.42,83,27.8
03-12-2019 23:20,5.9,54,0,27.82,7.6,1.91,0,12.73,0,27.41,2.98,26.41,82,27.8
03-12-2019 23:30,6.1,53,0,27.84,7.6,1.94,0,6.08,0,16.06,2.97,26.41,83,27.9
03-12-2019 23:40,5.9,55,0,27.83,7.6,1.82,0,5.34,0,13.75,2.91,26.41,84,27.8
03-12-2019 23:50,5.7,56,0,27.82,7.6,1.77,0,12.17,0,37.33,2.97,26.42,84,27.7
04-12-2019 00:00,5.8,57,0,27.81,7.6,1.91,0,5.69,0,16.06,2.99,26.42,84,27.7
04-12-2019 00:10,5.7,56,0,27.81,7.61,2.18,0,17.42,0,50.96,3.06,26.42,83,27.7
04-12-2019 00:20,5.8,55,0,27.82,7.6,1.75,0,7.32,0,15.03,3.11,26.42,84,27.7
04-12-2019 00:30,5.8,52,0,27.82,7.61,1.82,0,12.78,0,17.87,3.12,26.42,84,27.7
04-12-2019 00:40,5.7,54,0,27.82,7.6,1.87,0,9.64,0,15.17,3.08,26.42,84,27.7
04-12-2019 00:50,5.3,54,0,27.82,7.61,1.84,0,7.61,0,16.48,3.13,26.42,84,27.7
04-12-2019 01:00,5.3,54,0,27.81,7.6,1.94,0,6.14,0,15.97,3.11,26.42,85,27.7
04-12-2019 01:10,5.3,52,0,27.81,7.61,1.68,0,6.16,0,13.15,3.12,26.42,85,27.6
04-12-2019 01:20,5.1,54,0,27.81,7.6,2.15,0,6.12,0,12.41,3.13,26.42,85,27.6
04-12-2019 01:30,5.1,49,0,27.81,7.6,2.04,0,11.13,0,15.85,3.07,26.42,85,27.6
04-12-2019 01:40,5,51,0,27.8,7.6,1.83,0,7.22,0,16.85,3.05,26.42,85,27.5
04-12-2019 01:50,5.7,48,0,27.8,7.6,1.84,0,6.54,0,14.13,3.05,26.41,86,27.6
04-12-2019 02:00,5.4,48,0,27.79,7.6,1.75,0,8.18,0,14.75,3.08,26.42,84,27.5
04-12-2019 02:10,5.5,51,0,27.78,7.6,2.23,0,8.45,0,13.43,3.06,26.42,84,27.5
04-12-2019 02:20,5.2,53,0,27.78,7.6,1.76,0,8.6,0,24.5,3.07,26.42,84,27.5
04-12-2019 02:30,5.3,49,0,27.77,7.6,2.25,0,6.42,0,13.54,3.1,26.42,84,27.5
04-12-2019 02:40,5.7,48,0,27.76,7.6,2.1,0,7.36,0,14.77,3.01,26.43,86,27.5
04-12-2019 02:50,5.9,43,0,27.76,7.6,1.83,0,6.01,0,15.03,3.02,26.43,84,27.5
04-12-2019 03:00,6,47,0,27.76,7.6,1.72,0,6.79,0,13.98,2.89,26.43,84,27.7
04-12-2019 03:10,5.9,46,0,27.73,7.6,2.02,0,11.19,0,22.02,3.03,26.43,83,27.6
04-12-2019 03:20,6.2,47,0,27.72,7.61,2.33,0,5.36,0,11.64,3.09,26.44,83,27.5
04-12-2019 03:30,6.1,48,0,27.72,7.6,2.01,0,8.79,0,20.01,3.09,26.43,85,27.5
04-12-2019 03:40,6.1,49,0,27.73,7.6,2.15,0,5.55,0,16.69,3.14,26.42,85,27.6
04-12-2019 03:50,6,45,0,27.73,7.6,1.82,0,6.96,0,11.32,3.12,26.42,85,27.6
04-12-2019 04:00,6.1,50,0,27.74,7.6,2.26,0,5.53,0,13.68,2.98,26.43,83,27.6
04-12-2019 04:10,6.6,49,0,27.74,7.6,2.2,0,7.31,0,10.92,2.91,26.44,83,27.6
04-12-2019 04:20,6.5,48,0,27.7,7.6,1.91,0,13.78,0,28.28,3.07,26.44,84,27.5
04-12-2019 04:30,6.9,45,0,27.7,7.6,1.98,0,5.89,0,7.48,3.04,26.44,83,27.6
04-12-2019 04:40,6.8,45,0,27.69,7.61,2,0,6.16,0,13.73,3.07,26.44,81,27.6
04-12-2019 04:50,7.1,46,0,27.69,7.6,2.32,0,5.65,0,16.45,3.07,26.44,82,27.7
04-12-2019 05:00,7.3,42,0,27.68,7.61,2.06,0,6.26,0,18.31,3.12,26.44,83,27.6
04-12-2019 05:10,6.9,45,0,27.69,7.6,1.97,0,8.22,0,15.33,3.09,26.44,86,27.5
04-12-2019 05:20,7.3,41,0,27.68,7.61,2.22,0,6.03,0,15.32,3.12,26.44,86,27.5
04-12-2019 05:30,7.4,45,0,27.69,7.61,2.55,0,7.22,0,20.92,3.11,26.44,84,27.6
04-12-2019 05:40,8.1,43,0,27.68,7.62,2.4,0,6.79,0,11.99,3.22,26.44,84,27.6
04-12-2019 05:50,8.1,44,0,27.69,7.6,2.11,0,6.66,0,12.12,3.06,26.44,86,27.4
04-12-2019 06:00,7.7,43,0,27.68,7.6,2.19,0,11.55,0,39.33,3.03,26.44,85,27.5
04-12-2019 06:10,8.2,44,0,27.67,7.6,2.21,0,4.03,0,8.67,3.09,26.44,85,27.5
04-12-2019 06:20,9.1,43,0,27.67,7.6,2.19,0,6.38,0,21.76,3.09,26.44,84,27.6
04-12-2019 06:30,9,41,0,27.67,7.6,2.34,0,5.11,0,13.15,3.13,26.44,84,27.5
04-12-2019 06:40,9.1,43,0,27.66,7.6,2.58,0,6.5,0,15.24,3.13,26.44,85,27.6
04-12-2019 06:50,8.4,43,0,27.66,7.6,2.34,0,5.22,0,4.28,3.15,26.44,84,27.5
04-12-2019 07:00,8.9,43,0,27.65,7.6,2.73,0,4.86,0,10.27,3.17,26.44,83,27.6
04-12-2019 07:10,9,42,0,27.64,7.6,2.43,0,4.28,0,9.04,3.17,26.44,84,27.6
04-12-2019 07:20,8.7,42,0,27.64,7.6,2.33,0,5.18,0,12.9,3.22,26.44,84,27.5
04-12-2019 07:30,8.3,42,0,27.64,7.61,2.4,0,5.69,0,12.27,3.29,26.43,84,27.6
04-12-2019 07:40,8.7,43,0,27.64,7.62,3.13,0,5.7,0,11.14,3.44,26.43,83,27.6
04-12-2019 07:50,8.8,43,0,27.64,7.62,2.36,0,5.94,0,8.76,3.41,26.43,83,27.5
04-12-2019 08:00,9.2,42,0,27.65,7.66,2.86,0,5.8,0,11.58,3.76,26.43,83,27.6
04-12-2019 08:10,8.7,43,0,27.66,7.65,2.56,0,5.19,0,9,3.66,26.43,81,27.6
04-12-2019 08:20,8.7,43,0,27.66,7.64,3.07,0,4.97,0,10.9,3.59,26.43,83,27.6
04-12-2019 08:30,8.5,46,0,27.67,7.63,2.92,0,5.07,0,7.76,3.49,26.43,82,27.7
04-12-2019 08:40,8.4,44,0,27.68,7.66,7.61,0,4.98,0,10.27,3.69,26.43,82,27.7
04-12-2019 08:50,9,45,0,27.67,7.63,3.02,0,4.78,0,9.73,3.52,26.43,82,27.7
04-12-2019 09:00,9,44,0,27.69,7.65,3.24,0,4.9,0,8.69,3.64,26.43,82,27.7
04-12-2019 09:10,8.8,43,0,27.69,7.64,4.41,0,5.41,0,10.52,3.62,26.43,80,27.7
04-12-2019 09:20,9,44,0,27.68,7.64,2.9,0,4.95,0,10.83,3.6,26.43,82,27.7
04-12-2019 09:30,8.5,44,0,27.68,7.64,3.47,0,5.15,0,9.83,3.61,26.43,82,27.6
04-12-2019 09:40,8.3,45,0,27.69,7.65,2.51,0,4.96,0,17.04,3.65,26.43,80,27.7
04-12-2019 09:50,8.1,44,0,27.7,7.64,3.61,0,4.24,0,8.44,3.64,26.43,83,27.8
04-12-2019 10:00,7.8,42,0,27.71,7.64,3.31,0,4.61,0,8.02,3.64,26.43,84,27.8
04-12-2019 10:10,7.7,44,0,27.74,7.64,3.14,0,4.23,0,8.87,3.68,26.43,80,28
04-12-2019 10:20,8.2,45,0,27.76,7.64,2.47,0,3.73,0,7.38,3.63,26.43,81,27.9
04-12-2019 10:30,7.8,43,0,27.76,7.64,3.01,0,4.12,0,10.84,3.69,26.43,80,27.8
04-12-2019 10:40,7.6,47,0,27.79,7.64,2.68,0,3.22,0,6.47,3.63,26.43,78,27.9
04-12-2019 10:50,7.5,46,0,27.8,7.64,7.16,0,4.64,0,7.39,3.64,26.43,77,28
04-12-2019 11:00,7,47,0,27.76,7.62,2.72,0,4.3,0,8.47,3.51,26.43,77,28
04-12-2019 11:10,7.1,46,0,27.83,7.64,2.91,0,4.94,0,12.18,3.68,26.43,77,28
04-12-2019 11:20,7.2,44,0,27.83,7.65,3.78,0,4.61,0,11.4,3.83,26.43,79,28.2
04-12-2019 11:30,7.4,43,0,27.85,7.66,5.41,0,3.83,0,10.33,3.98,26.43,81,28
04-12-2019 11:40,7.7,41,0,27.85,7.66,2.73,0,4.52,0,7.58,4,26.43,74,28
04-12-2019 11:50,7.6,44,0,27.87,7.66,2.53,0,5.66,0,11.34,3.99,26.43,74,28.2
04-12-2019 12:00,7.3,45,0,27.89,7.68,3.24,0,4.58,0,8.45,4.18,26.43,71,28.3
04-12-2019 12:10,7,50,0,27.87,7.68,2.44,0,4.86,0,9.45,4.1,26.43,71,28.3
04-12-2019 12:20,7,48,0,27.89,7.7,2.62,0,5.43,0,28.73,4.34,26.43,69,28.4
04-12-2019 12:30,7.1,50,0,27.9,7.7,2.86,0,6.32,0,13.66,4.43,26.43,70,28.4
04-12-2019 12:40,6.8,50,0,27.93,7.71,3.01,0,5.1,0,10.99,4.42,26.43,70,28.4
04-12-2019 12:50,7,51,0,27.92,7.7,3.04,0,5.38,0,10.64,4.34,26.43,71,28.5
04-12-2019 13:00,7.1,53,0,27.93,7.69,3.1,0,4.94,0,10.19,4.29,26.44,73,28.4
04-12-2019 13:10,7,51,0,27.93,7.69,2.75,0,5.72,0,7.74,4.24,26.43,70,28.4
04-12-2019 13:20,6.8,51,0,27.9,7.69,2.94,0,6.8,0,14.98,4.2,26.43,72,28.3
04-12-2019 13:30,6.9,48,0,27.92,7.7,3.05,0,6.05,0,12.62,4.3,26.43,70,28.4
04-12-2019 13:40,6.8,49,0,28.03,7.73,3.6,0,7.21,0,23.48,4.68,26.44,73,28.3
04-12-2019 13:50,6.9,49,0,28.05,7.74,2.57,0,5.84,0,31.21,4.73,26.43,72,28.3
04-12-2019 14:00,6.9,48,0,28.04,7.74,2.59,0,9.52,0,19.71,4.77,26.44,71,28.3
04-12-2019 14:10,6.7,49,0,28.03,7.73,3.07,0,6.33,0,23.69,4.77,26.44,72,28.3
04-12-2019 14:20,6.2,51,0,27.98,7.71,3.43,0,7.31,0,15.86,4.47,26.43,75,28.3
04-12-2019 14:30,6.2,51,0,28.04,7.74,2.81,0,6.49,0,11.92,4.77,26.44,70,28.3
04-12-2019 14:40,6.4,48,0,28.06,7.76,3.28,0,11.47,0,19.94,4.95,26.44,73,28.3
04-12-2019 14:50,6.5,50,0,28.08,7.78,2.44,0,12.62,0,18.09,5.07,26.44,72,28.3
04-12-2019 15:00,6.6,53,0,28.06,7.77,2.78,0,8.24,0,16.99,5.08,26.43,71,28.2
04-12-2019 15:10,6.4,51,0,28.05,7.78,5.37,0,10.89,0,20.39,5.11,26.44,73,28.3
04-12-2019 15:20,6.5,51,0,28.04,7.77,2.75,0,10.19,0,29.58,5.08,26.43,72,28.3
04-12-2019 15:30,6.4,51,0,28.03,7.77,3.51,0,10.09,0,23.09,5,26.44,74,28.2
04-12-2019 15:40,7.1,52,0,27.98,7.75,3.04,0,11.3,0,33.11,4.74,26.43,73,28.2
04-12-2019 15:50,6.7,51,0,27.96,7.75,2.84,0,14.5,0,30.23,4.77,26.43,72,28.2
04-12-2019 16:00,6.6,53,0,27.96,7.75,2.83,0,8.54,0,18.38,4.8,26.43,72,28.2
04-12-2019 16:10,6.4,54,0,27.95,7.75,2.51,0,11.64,0,22.8,4.82,26.43,72,28.2
04-12-2019 16:20,6.6,53,0,27.94,7.75,2.58,0,10.73,0,23.89,4.81,26.43,73,28.2
04-12-2019 16:30,6.5,55,0,27.91,7.75,3.44,0,7.04,0,14.83,4.75,26.43,71,28.1
04-12-2019 16:40,6.7,51,0,27.89,7.75,3.03,0,9.58,0,19.58,4.72,26.43,72,28.2
04-12-2019 17:20,6.2,55,0,27.86,7.71,3.08,0,17.61,0,42.28,4.4,26.43,73,28.1
04-12-2019 17:30,6.7,52,0,27.83,7.71,2.61,0,24.05,0,34.53,4.33,26.43,72,28.1
04-12-2019 17:40,6.3,53,0,27.84,7.7,2.68,0,21.77,0,44.05,4.22,26.43,75,28.1
04-12-2019 17:50,6.3,50,0,27.82,7.7,2.71,0,11.83,0,23.51,4.3,26.43,73,28
04-12-2019 18:00,6.3,53,0,27.82,7.71,3.14,0,14.98,0,24.65,4.32,26.43,75,28
04-12-2019 18:10,6.4,50,0,27.82,7.71,3.21,0,14.42,0,47.54,4.32,26.43,74,28
04-12-2019 18:20,6.6,52,0,27.83,7.71,2.61,0,14.4,0,33.4,4.31,26.43,75,28
04-12-2019 18:30,6.6,55,0,27.82,7.7,3.97,0,14.94,0,28.12,4.27,26.43,73,28
04-12-2019 18:40,6.7,51,0,27.81,7.72,3.25,0,5.69,0,13.67,4.4,26.43,74,27.9
04-12-2019 18:50,6.4,53,0,27.81,7.72,2.99,0,9.21,0,19.72,4.38,26.43,75,28
04-12-2019 19:00,6.5,51,0,27.81,7.72,2.99,0,15.42,0,30.47,4.4,26.43,74,27.9
04-12-2019 19:10,6.4,51,0,27.81,7.72,2.59,0,13.92,0,37.03,4.35,26.43,76,27.9
04-12-2019 19:20,6.8,51,0,27.8,7.71,2.6,0,13.39,0,25.55,4.35,26.43,73,27.9
04-12-2019 19:30,6.8,49,0,27.8,7.71,2.61,0,14.84,0,33.51,4.28,26.43,73,27.9
04-12-2019 19:40,6.8,47,0,27.79,7.71,3.1,0,10.53,0,43.42,4.34,26.43,75,27.8
04-12-2019 19:50,6.6,50,0,27.78,7.71,3.4,0,9.03,0,19.98,4.3,26.43,75,27.9
04-12-2019 20:00,6.7,48,0,27.78,7.7,3.54,0,10.01,0,19.95,4.25,26.43,76,27.9
04-12-2019 20:10,6.3,48,0,27.78,7.69,2.68,0,15.41,0,36.75,4.19,26.44,76,27.9
04-12-2019 20:20,6.4,49,0,27.77,7.68,2.95,0,8.58,0,22.04,4.12,26.43,74,27.8
04-12-2019 20:30,6.7,47,0,27.77,7.68,2.55,0,11.22,0,43.89,4.03,26.43,70,27.9
04-12-2019 20:40,6.6,50,0,27.76,7.68,2.95,0,12.47,0,30.01,4.07,26.44,75,27.8
04-12-2019 20:50,7,47,0,27.75,7.68,3.63,0,9.82,0,18.29,4.08,26.44,72,27.9
04-12-2019 21:00,6.3,50,0,27.75,7.67,2.79,0,7.34,0,21.3,4.05,26.44,70,27.9
04-12-2019 21:10,6.5,50,0,27.75,7.65,2.69,0,7.47,0,22.6,3.87,26.44,73,27.8
04-12-2019 21:20,6.6,50,0,27.73,7.67,3.01,0,11.38,0,24.77,3.97,26.44,74,27.8
04-12-2019 21:30,6.6,47,0,27.74,7.66,2.65,0,10.54,0,15.77,3.87,26.44,73,27.8
04-12-2019 21:40,6.6,47,0,27.72,7.66,2.54,0,8.8,0,49.27,3.93,26.44,74,27.7
04-12-2019 21:50,6.8,46,0,27.72,7.66,2.99,0,13.29,0,21.43,3.91,26.44,72,27.8
04-12-2019 22:00,6.2,48,0,27.71,7.66,2.82,0,9.63,0,22.7,3.96,26.44,72,27.7
04-12-2019 22:10,5.9,49,0,27.72,7.66,2.54,0,9.35,0,20.19,3.95,26.44,75,27.7
04-12-2019 22:20,6.3,46,0,27.7,7.66,2.93,0,16.39,0,38.96,4,26.44,77,27.7
04-12-2019 22:30,6.3,49,0,27.7,7.66,2.81,0,12.32,0,18.76,3.91,26.44,72,27.8
04-12-2019 22:40,5.9,52,0,27.69,7.65,2.91,0,12.36,0,27,3.91,26.44,75,27.6
04-12-2019 22:50,6.4,48,0,27.69,7.66,2.91,0,19.18,0,29.88,3.95,26.44,72,27.7
04-12-2019 23:00,5.7,50,0,27.7,7.64,2.66,0,8.15,0,16.93,3.83,26.44,74,27.6
04-12-2019 23:10,5.9,48,0,27.69,7.65,2.44,0,6.62,0,14.32,3.84,26.44,72,27.7
04-12-2019 23:20,5.9,51,0,27.68,7.64,2.34,0,12.46,0,31.15,3.74,26.44,76,27.7
04-12-2019 23:30,5.7,48,0,27.66,7.64,2.53,0,7.93,0,13.89,3.78,26.44,72,27.6
04-12-2019 23:40,5.8,49,0,27.67,7.63,2.77,0,10.6,0,17.7,3.66,26.44,75,27.6
04-12-2019 23:50,6,49,0,27.65,7.63,2.45,0,9.44,0,20.23,3.71,26.44,73,27.5
05-12-2019 00:00,5.8,49,0,27.65,7.61,2.28,0,8.83,0,34.51,3.57,26.44,75,27.5
05-12-2019 00:10,5.7,53,0,27.66,7.61,2.47,0,7.49,0,16.54,3.52,26.45,75,27.6
05-12-2019 00:20,6.4,47,0,27.63,7.62,2.38,0,7.66,0,17.67,3.63,26.45,72,27.5
05-12-2019 00:30,6,50,0,27.62,7.62,2.3,0,13.3,0,36.8,3.65,26.45,75,27.5
05-12-2019 00:40,5.5,58,0,27.63,7.61,2.45,0,7.01,0,15.91,3.51,26.45,77,27.5
05-12-2019 00:50,6.2,49,0,27.62,7.61,2.27,0,7.29,0,16.57,3.54,26.45,73,27.4
05-12-2019 01:00,6.1,51,0,27.61,7.61,2.26,0,7.35,0,14.04,3.54,26.45,74,27.4
05-12-2019 01:10,5.5,49,0,27.61,7.6,2.57,0,7.05,0,18.95,3.44,26.45,74,27.4
05-12-2019 01:20,6,48,0,27.6,7.6,2.32,0,8.66,0,19.7,3.42,26.45,73,27.4
05-12-2019 01:30,5.4,51,0,27.59,7.6,2.23,0,7.22,0,18.71,3.4,26.45,72,27.4
05-12-2019 01:40,5.6,49,0,27.58,7.6,2.14,0,9.97,0,42.09,3.46,26.45,73,27.3
05-12-2019 01:50,5.2,49,0,27.57,7.6,2.22,0,7.13,0,12.94,3.42,26.45,73,27.3
05-12-2019 02:00,5.9,45,0,27.56,7.6,2.5,0,7.06,0,15.94,3.47,26.45,72,27.3
05-12-2019 02:10,5.6,45,0,27.57,7.6,2.31,0,7.15,0,16.11,3.4,26.45,71,27.3
05-12-2019 02:20,5.8,47,0,27.55,7.6,2.72,0,10.65,0,24.25,3.43,26.45,72,27.4
05-12-2019 02:30,5.9,42,0,27.55,7.6,2.32,0,5.95,0,22.26,3.42,26.45,74,27.3
05-12-2019 02:40,6.4,42,0,27.53,7.6,2.25,0,5.53,0,11.04,3.46,26.45,76,27.4
05-12-2019 02:50,6.3,42,0,27.54,7.6,2.23,0,12.19,0,34.77,3.41,26.45,77,27.4
05-12-2019 03:00,6.1,44,0,27.53,7.6,2.12,0,6.01,0,19.67,3.34,26.45,75,27.3
05-12-2019 03:10,6.3,43,0,27.52,7.6,3.02,0,7.85,0,21.28,3.44,26.45,73,27.3
05-12-2019 03:20,6.3,47,0,27.51,7.6,2.18,0,7.14,0,15.27,3.56,26.45,74,27.3
05-12-2019 03:30,5.8,47,0,27.52,7.6,2.57,0,7.04,0,16.88,3.51,26.45,74,27.3
05-12-2019 03:40,6.3,43,0,27.5,7.6,2.52,0,7.26,0,13.99,3.61,26.45,75,27.3
05-12-2019 03:50,6.8,43,0,27.5,7.6,2.36,0,6.63,0,12.06,3.58,26.45,74,27.3
05-12-2019 04:00,6.2,44,0,27.49,7.6,2.3,0,7.71,0,14.15,3.53,26.45,73,27.2
05-12-2019 04:10,6.5,42,0,27.48,7.6,2.34,0,7.8,0,17.18,3.49,26.45,74,27.3
05-12-2019 04:20,6.9,39,0,27.47,7.6,2.12,0,6.74,0,13.17,3.53,26.45,74,27.4
05-12-2019 04:30,5.9,44,0,27.47,7.6,2.1,0,22.72,0,40.2,3.43,26.45,71,27.3
05-12-2019 04:40,6.3,47,0,27.45,7.6,2.1,0,8.23,0,16.2,3.49,26.46,74,27.3
05-12-2019 04:50,6.7,43,0,27.44,7.6,2.16,0,5.59,0,17.99,3.51,26.45,71,27.3
05-12-2019 05:00,6.2,45,0,27.44,7.6,1.99,0,5.18,0,9.48,3.46,26.45,73,27.3
05-12-2019 05:10,6.4,51,0,27.43,7.6,2.52,0,6.45,0,13.13,3.47,26.46,71,27.3
05-12-2019 05:20,6.3,49,0,27.42,7.6,2.55,0,6.03,0,15,3.46,26.45,71,27.3
05-12-2019 05:30,6.2,48,0,27.42,7.6,2.06,0,5.97,0,12.62,3.43,26.45,70,27.3
05-12-2019 05:40,6.1,49,0,27.41,7.6,2.02,0,4.88,0,16.67,3.47,26.46,72,27.3
05-12-2019 05:50,6.2,45,0,27.41,7.6,2,0,6.02,0,11.18,3.47,26.46,71,27.2
05-12-2019 06:00,5.9,50,0,27.39,7.6,2.11,0,11.47,0,23.31,3.43,26.46,74,27.2
05-12-2019 06:10,6.1,49,0,27.4,7.6,2.4,0,6.58,0,15.63,3.35,26.45,72,27.2
05-12-2019 06:20,6.1,46,0,27.39,7.6,2.29,0,5.59,0,11.11,3.36,26.45,75,27.2
05-12-2019 06:30,5.9,48,0,27.38,7.6,2.52,0,7.42,0,29.27,3.31,26.45,74,27.2
05-12-2019 06:40,6.3,48,0,27.35,7.6,2.44,0,4.63,0,8.95,3.38,26.45,73,27.3
05-12-2019 06:50,6.7,45,0,27.36,7.6,2.2,0,6.17,0,12.29,3.37,26.46,73,27.3
05-12-2019 07:00,6.7,45,0,27.37,7.6,2.36,0,5.91,0,16.37,3.41,26.45,72,27.2
05-12-2019 07:10,6.6,43,0,27.36,7.6,2.4,0,5.74,0,10.39,3.48,26.46,74,27.3
05-12-2019 07:20,6.3,43,0,27.39,7.6,2.55,0,9.41,0,17.65,3.56,26.46,74,27.3
05-12-2019 07:30,6.5,42,0,27.4,7.6,2.29,0,5.6,0,13.78,3.51,26.46,72,27.3
05-12-2019 07:40,6.6,47,0,27.4,7.6,2.69,0,5.39,0,10.52,3.5,26.46,73,27.4
05-12-2019 07:50,6.3,47,0,27.41,7.6,3.94,0,4.92,0,9.93,3.45,26.46,74,27.4
05-12-2019 08:00,6.2,50,0,27.41,7.6,3.45,0,7.86,0,16.75,3.55,26.46,73,27.4
05-12-2019 08:10,6.7,45,0,27.41,7.61,2.56,0,4.32,0,9.07,3.61,26.46,72,27.5
05-12-2019 08:20,6.7,47,0,27.41,7.6,2.55,0,4.47,0,6.93,3.62,26.46,74,27.5
05-12-2019 08:30,6.9,43,0,27.4,7.6,2.26,0,4.37,0,7.5,3.64,26.46,72,27.5
05-12-2019 08:40,7.3,43,0,27.41,7.61,2.28,0,4.74,0,9.93,3.67,26.46,72,27.6
05-12-2019 08:50,6.9,43,0,27.41,7.61,2.39,0,3.9,0,7.93,3.65,26.46,76,27.5
05-12-2019 09:00,7,43,0,27.41,7.6,2.51,0,4.3,0,8.24,3.63,26.46,73,27.6
05-12-2019 09:10,6.9,41,0,27.41,7.6,2.33,0,4.44,0,10.42,3.65,26.46,73,27.5
05-12-2019 09:20,7.2,41,0,27.42,7.61,2.44,0,4.22,0,12.13,3.7,26.46,73,27.6
05-12-2019 09:30,7.3,38,0,27.43,7.61,2.38,0,4.44,0,6.39,3.76,26.46,71,27.6
05-12-2019 09:40,6.6,42,0,27.44,7.61,2.6,0,3.44,0,6.98,3.74,26.46,70,27.7
05-12-2019 09:50,7.1,40,0,27.45,7.61,2.17,0,3.84,0,8.5,3.77,26.46,70,27.7
05-12-2019 10:00,6.8,42,0,27.46,7.61,2.3,0,4.16,0,8.5,3.78,26.46,72,27.7
05-12-2019 10:10,6.9,37,0,27.47,7.61,2.25,0,4.16,0,6.37,3.79,26.46,72,27.6
05-12-2019 10:20,6.8,36,0,27.46,7.6,2.19,0,4.96,0,10.89,3.69,26.46,72,27.7
05-12-2019 10:30,6.6,40,0,27.48,7.6,2.4,0,3.63,0,7.44,3.71,26.46,72,27.8
05-12-2019 10:40,6.3,44,0,27.51,7.62,2.7,0,4.93,0,12.85,3.87,26.46,73,27.7
05-12-2019 10:50,6.7,39,0,27.52,7.63,2.29,0,4.54,0,9.84,3.98,26.46,70,27.7
05-12-2019 11:00,7.1,37,0,27.51,7.63,2.82,0,5.42,0,10.53,3.96,26.46,73,27.6
05-12-2019 11:10,7,39,0,27.51,7.62,2.62,0,5.13,0,14.13,3.88,26.46,73,27.8
05-12-2019 11:20,6.8,36,0,27.51,7.62,2.27,0,4.24,0,11.16,3.96,26.46,74,27.7
05-12-2019 11:30,6.8,38,0,27.5,7.62,2.44,0,4.56,0,10.52,3.93,26.46,72,27.7
05-12-2019 11:40,7.4,37,0,27.52,7.62,3.2,0,4.51,0,10.02,3.97,26.46,72,27.9
05-12-2019 11:50,7,38,0,27.52,7.63,2.53,0,4.07,0,9.17,4.04,26.46,72,27.9
05-12-2019 12:00,7.3,39,0,27.52,7.64,2.57,0,7.37,0,14.44,4.12,26.46,70,27.9
05-12-2019 12:10,6.8,42,0,27.53,7.65,5.17,0,5.11,0,10.98,4.23,26.46,68,27.9
05-12-2019 12:20,6.6,43,0,27.54,7.65,3.21,0,6.28,0,11.13,4.26,26.46,71,28
05-12-2019 12:30,6.1,43,0,27.56,7.67,2.95,0,5.73,0,12.48,4.42,26.47,71,27.9
05-12-2019 12:40,6.2,42,0,27.57,7.66,2.66,0,7.98,0,16.2,4.42,26.46,71,27.9
05-12-2019 12:50,6.2,44,0,27.58,7.67,3.63,0,5.15,0,10.59,4.41,26.46,70,28.1
05-12-2019 13:00,5.2,51,0,27.6,7.67,2.68,0,4.47,0,9.32,4.4,26.46,71,28
05-12-2019 13:10,6.4,41,0,27.61,7.68,2.29,0,6.2,0,8.68,4.47,26.46,72,27.9
05-12-2019 13:20,6.7,40,0,27.63,7.69,2.83,0,6.65,0,16.8,4.52,26.46,72,28
05-12-2019 13:30,6.5,41,0,27.65,7.7,2.94,0,6.13,0,13.69,4.57,26.46,73,28
05-12-2019 13:40,6.3,44,0,27.66,7.71,3.05,0,9.27,0,15.85,4.61,26.46,73,28
05-12-2019 13:50,5.9,44,0,27.65,7.71,2.95,0,7.05,0,9.61,4.63,26.46,76,27.9
05-12-2019 14:00,6.4,45,0,27.65,7.71,2.93,0,6.95,0,28.97,4.62,26.46,71,27.9
05-12-2019 14:10,6.3,43,0,27.61,7.7,2.72,0,6.79,0,13.93,4.47,26.46,70,27.9
05-12-2019 14:20,6.6,41,0,27.62,7.71,2.98,0,7.24,0,23.56,4.63,26.46,73,27.9
05-12-2019 14:30,6.6,41,0,27.6,7.71,3.35,0,6.58,0,14.56,4.56,26.46,72,27.9
05-12-2019 14:40,6.3,43,0,27.62,7.72,3.13,0,6.99,0,22.22,4.73,26.46,72,27.9
05-12-2019 14:50,6.2,43,0,27.58,7.7,3.03,0,4.39,0,11.1,4.56,26.46,74,27.9
05-12-2019 15:00,5.8,44,0,27.64,7.72,2.62,0,9.82,0,28.22,4.78,26.47,74,27.9
05-12-2019 15:10,6,41,0,27.66,7.72,2.61,0,8.28,0,14.1,4.84,26.47,72,27.8
05-12-2019 15:50,5.9,43,0,27.63,7.72,2.84,0,11.1,0,25.53,4.9,26.46,72,27.7
05-12-2019 16:00,5.9,46,0,27.62,7.73,2.92,0,14.73,0,32.25,4.92,26.46,72,27.6
05-12-2019 16:10,5.8,54,0,27.58,7.72,2.67,0,13.92,0,32.51,4.85,26.46,72,27.5
05-12-2019 16:20,5.3,56,0,27.57,7.73,3.02,0,11.52,0,24.31,4.91,26.46,73,27.6
05-12-2019 16:30,5.3,55,0,27.57,7.73,2.8,0,17.2,0,29.47,4.85,26.46,74,27.6
05-12-2019 16:40,5.4,53,0,27.56,7.74,3.27,0,14.92,0,29.09,4.95,26.46,74,27.6
05-12-2019 16:50,5.8,53,0,27.56,7.74,2.96,0,8.88,0,20.64,4.94,26.47,71,27.6
05-12-2019 17:00,5.8,50,0,27.55,7.73,2.55,0,11.13,0,28.44,4.89,26.46,71,27.6
05-12-2019 17:10,5.4,55,0,27.53,7.73,3.88,0,10.21,0,22.19,4.89,26.46,71,27.6
05-12-2019 17:20,5.5,52,0,27.53,7.71,2.84,0,16.3,0,33.62,4.69,26.46,74,27.6
05-12-2019 17:30,5.2,60,0,27.52,7.71,2.71,0,25.28,0,24.04,4.65,26.46,72,27.5
05-12-2019 17:40,5.1,55,0,27.51,7.7,2.9,0,15.3,0,32.66,4.6,26.46,73,27.5
05-12-2019 17:50,5.4,57,0,27.51,7.7,3.07,0,15.95,0,56.58,4.6,26.47,73,27.5
05-12-2019 18:00,5.2,55,0,27.5,7.68,2.48,0,17.3,0,42.46,4.45,26.47,74,27.5
05-12-2019 18:10,6,60,0,27.49,7.68,2.76,0,10.2,0,33.06,4.45,26.46,75,27.2
05-12-2019 18:20,5.1,70,0,27.49,7.68,2.92,0,14.14,0,34.39,4.31,26.46,75,27.5
05-12-2019 18:30,5.7,60,0,27.48,7.68,3,0,9.75,0,17.64,4.39,26.46,76,27.5
05-12-2019 18:40,6,56,0,27.48,7.67,2.93,0,12.21,0,36.34,4.27,26.46,73,27.5
05-12-2019 18:50,6.3,58,0,27.47,7.68,2.94,0,11.05,0,24.47,4.4,26.46,74,27.5
05-12-2019 19:00,6.2,61,0,27.45,7.68,2.94,0,7.7,0,18.89,4.45,26.46,73,27.5
05-12-2019 19:10,6.1,58,0,27.45,7.68,3.39,0,9.1,0,20.06,4.42,26.47,74,27.5
05-12-2019 19:20,6,58,0,27.45,7.68,4.55,0,10.29,0,27.29,4.43,26.46,74,27.5
05-12-2019 19:30,6.4,61,0,27.45,7.68,2.74,0,8.3,0,18.06,4.35,26.46,71,27.5
05-12-2019 19:40,6.3,61,0,27.44,7.68,2.82,0,12.36,0,16.83,4.33,26.46,73,27.5
05-12-2019 19:50,6,58,0,27.43,7.68,2.94,0,7.92,0,15.88,4.31,26.46,72,27.5
05-12-2019 20:00,6.4,59,0,27.42,7.67,3.29,0,14.2,0,27.6,4.31,26.47,73,27.5
05-12-2019 20:10,6.1,56,0,27.42,7.67,2.82,0,9.99,0,15.68,4.24,26.47,71,27.5
05-12-2019 20:20,5.6,59,0,27.41,7.66,3.07,0,23.62,0,41.67,4.16,26.47,73,27.5
05-12-2019 20:30,5.5,58,0,27.41,7.65,2.65,0,7.8,0,21.17,4.06,26.47,72,27.5
05-12-2019 20:40,5.5,55,0,27.4,7.64,3.14,0,8.31,0,18.9,3.99,26.47,76,27.6
05-12-2019 20:50,5.5,56,0,27.39,7.64,2.94,0,9.19,0,44.36,4.08,26.47,73,27.5
05-12-2019 21:00,5.4,61,0,27.39,7.64,2.74,0,11.62,0,29.47,4.01,26.47,74,27.5
05-12-2019 21:10,5.7,63,0,27.39,7.63,3.66,0,11.28,0,23.17,4,26.47,76,27.5
05-12-2019 21:20,5.9,59,0,27.4,7.64,3.03,0,9.04,0,14.94,4.05,26.47,73,27.5
05-12-2019 21:30,6.4,62,0,27.4,7.64,2.78,0,8.16,0,14.02,4.12,26.47,75,27.5
05-12-2019 21:40,6.2,63,0,27.4,7.65,3.09,0,18.78,0,29.3,4.16,26.47,74,27.4
05-12-2019 21:50,7,59,0,27.39,7.64,2.73,0,7.31,0,14.74,4.12,26.47,74,27.5
05-12-2019 22:00,6.6,61,0,27.38,7.63,2.45,0,11.69,0,22.46,4.01,26.47,74,27.4
05-12-2019 22:10,7,65,0,27.38,7.63,2.5,0,7.41,0,17.37,3.95,26.47,73,27.3
05-12-2019 22:20,,,,,,,,,,,,,,
05-12-2019 22:30,,,,,,,,,,,,,,
05-12-2019 22:40,,,,,,,,,,,,,,
05-12-2019 22:50,,,,,,,,,,,,,,
05-12-2019 23:00,7.1,56,0,27.35,7.62,2.34,0,13.06,0,36.14,3.92,26.47,74,27.3
05-12-2019 23:10,6.6,59,0,27.34,7.62,2.99,0,8.66,0,14.69,3.93,26.47,74,27.3
05-12-2019 23:20,6.7,56,0,27.33,7.62,3.28,0,8.42,0,23.41,3.93,26.47,72,27.2
05-12-2019 23:30,6.7,53,0,27.34,7.61,2.73,0,10.09,0,21.12,3.81,26.48,74,27.3
05-12-2019 23:40,6.3,55,0,27.34,7.6,2.39,0,6.01,0,13.79,3.67,26.48,71,27.2
05-12-2019 23:50,6.6,53,0,27.33,7.6,2.87,0,6.85,0,16.17,3.73,26.48,72,27.2
06-12-2019 00:00,6.3,50,0,27.33,7.6,2.57,0,7.68,0,20.75,3.74,26.48,72,27.2
06-12-2019 00:10,6.1,55,0,27.33,7.6,4.69,0,15.31,0,25.72,3.7,26.48,74,27.1
06-12-2019 00:20,5.7,54,0,27.33,7.6,2.26,0,10.72,0,21.51,3.75,26.48,74,27.1
06-12-2019 00:30,5.9,57,0,27.31,7.6,2.41,0,7.54,0,18.78,3.78,26.48,75,27.1
06-12-2019 00:40,5.4,57,0,27.3,7.6,2.47,0,18.92,0,37.6,3.87,26.48,75,27.1
06-12-2019 00:50,6.2,55,0,27.3,7.6,2.62,0,8.62,0,18.08,3.82,26.48,75,27.1
06-12-2019 01:00,6.1,53,0,27.3,7.6,2.45,0,16.9,0,46.03,3.74,26.48,74,27.1
06-12-2019 01:10,6.1,56,0,27.29,7.6,2.59,0,10.2,0,15.72,3.78,26.48,73,27.1
06-12-2019 01:20,6.1,57,0,27.28,7.6,2.7,0,8.74,0,15.43,3.79,26.48,75,27.1
06-12-2019 01:30,6,56,0,27.29,7.6,2.63,0,11.29,0,19.72,3.73,26.48,76,27.1
06-12-2019 01:40,6.7,55,0,27.28,7.6,2.52,0,7.71,0,24.88,3.78,26.48,72,27
06-12-2019 01:50,6.4,51,0,27.27,7.6,2.51,0,14.26,0,43.1,3.74,26.48,71,27
06-12-2019 02:00,6.7,53,0,27.27,7.6,2.49,0,7.62,0,19.53,3.9,26.48,73,27
06-12-2019 02:10,6.3,51,0,27.27,7.6,2.72,0,7.03,0,18.27,3.79,26.48,72,26.9
06-12-2019 02:20,5.8,57,0,27.27,7.6,2.66,0,7.17,0,13.65,3.71,26.48,73,26.9
06-12-2019 02:30,6.3,53,0,27.25,7.6,2.21,0,6.46,0,11.89,3.77,26.48,72,26.9
06-12-2019 02:40,6.2,51,0,27.24,7.6,2.26,0,9.48,0,16.31,3.75,26.48,74,26.9
06-12-2019 02:50,6.2,57,0,27.23,7.6,2.29,0,11.33,0,24.59,3.73,26.48,73,26.8
06-12-2019 03:00,5.8,55,0,27.21,7.6,2.25,0,8.89,0,17.73,3.76,26.48,73,26.8
06-12-2019 03:10,5.9,57,0,27.21,7.6,2.41,0,6.44,0,16.41,3.78,26.48,72,26.8
06-12-2019 03:20,6.3,53,0,27.2,7.6,2.67,0,8.77,0,16.7,3.74,26.48,70,26.7
06-12-2019 03:30,6,56,0,27.18,7.6,2.89,0,6.88,0,24.95,3.76,26.49,73,26.8
06-12-2019 03:40,6.3,54,0,27.17,7.6,2.21,0,6.71,0,12.47,3.77,26.49,70,26.8
06-12-2019 03:50,6.2,56,0,27.17,7.6,2.71,0,9.53,0,15.09,3.75,26.49,72,26.7
06-12-2019 04:00,5.9,56,0,27.17,7.6,2.22,0,7.2,0,15.02,3.8,26.49,73,26.7
06-12-2019 04:10,5.8,55,0,27.16,7.6,2.34,0,4.99,0,10.9,3.76,26.49,74,26.8
06-12-2019 04:20,6,58,0,27.16,7.6,3.93,0,8.47,0,18.02,3.7,26.49,71,26.6
06-12-2019 04:30,5.7,52,0,27.14,7.6,2.73,0,5.98,0,11.86,3.68,26.49,72,26.7
06-12-2019 04:40,5.7,55,0,27.13,7.6,2.25,0,7.53,0,14.93,3.67,26.49,71,26.6
06-12-2019 04:50,6.3,48,0,27.11,7.6,2.43,0,7.43,0,11.39,3.72,26.49,72,26.7
06-12-2019 05:00,6.4,50,0,27.1,7.6,2.43,0,6.59,0,13.11,3.72,26.49,71,26.7
06-12-2019 05:10,5.7,53,0,27.1,7.6,3.19,0,6.5,0,11.01,3.6,26.49,70,26.6
06-12-2019 05:20,6,45,0,27.1,7.6,2.51,0,5.37,0,11.52,3.6,26.49,71,26.7
06-12-2019 05:30,6.1,50,0,27.08,7.6,2.42,0,6.62,0,8.79,3.59,26.49,71,26.7
06-12-2019 05:40,6.2,47,0,27.06,7.6,2.4,0,6.27,0,11.65,3.6,26.49,70,26.7
06-12-2019 05:50,6.3,48,0,27.06,7.6,2.68,0,6.11,0,11.94,3.59,26.49,72,26.7
06-12-2019 06:00,6.4,44,0,27.06,7.6,2.5,0,6.33,0,12.89,3.61,26.49,72,26.8
06-12-2019 06:10,5.9,46,0,27.04,7.6,2.27,0,5.55,0,12.27,3.58,26.49,69,26.7
06-12-2019 06:20,6.5,43,0,27.04,7.6,2.41,0,6.2,0,11.23,3.5,26.49,70,26.8
06-12-2019 06:30,6.1,42,0,27.02,7.6,2.35,0,16.96,0,13.36,3.47,26.49,67,26.7
06-12-2019 06:40,6.2,42,0,27.02,7.6,2.23,0,5.46,0,26.07,3.42,26.5,67,26.9
06-12-2019 06:50,6.5,38,0,27,7.6,3.16,0,4.14,0,8.68,3.46,26.5,64,26.9
06-12-2019 07:00,6.3,35,0,27,7.6,2.32,0,4.52,0,7.48,3.52,26.5,65,27
06-12-2019 07:10,6,38,0,27.02,7.6,2.4,0,4.17,0,8.35,3.52,26.5,67,27
06-12-2019 07:20,5.4,42,0,27.03,7.6,2.18,0,4.4,0,7.04,3.43,26.5,68,27
06-12-2019 07:30,5.8,38,0,27.03,7.6,2.25,0,4.43,0,7.81,3.45,26.51,67,26.9
06-12-2019 07:40,6.1,39,0,27.02,7.6,2.13,0,6.07,0,10.81,3.44,26.51,69,27
06-12-2019 07:50,5.5,40,0,27.03,7.6,2.73,0,3.84,0,6.27,3.43,26.51,68,27
06-12-2019 08:00,5.7,42,0,27.02,7.6,2.15,0,3.62,0,13.45,3.52,26.51,70,27
06-12-2019 08:10,5.4,43,0,27.03,7.6,2.24,0,5.35,0,9.74,3.45,26.51,69,27.1
06-12-2019 08:20,4.7,49,0,27.04,7.6,4.62,0,3.91,0,4.77,3.45,26.51,72,27.2
06-12-2019 08:30,5.7,42,0,27.06,7.6,2.13,0,3.88,0,3.5,3.54,26.51,71,27
06-12-2019 08:40,6.2,42,0,27.09,7.6,2.35,0,4.18,0,8.03,3.69,26.52,71,27.1
06-12-2019 08:50,5.9,37,0,27.12,7.6,3.39,0,4.28,0,5.93,3.71,26.52,71,27.1
06-12-2019 09:00,5.7,40,0,27.13,7.6,2.3,0,3.13,0,5.65,3.79,26.52,70,27.1
06-12-2019 09:10,5.7,39,0,27.13,7.6,2.23,0,3.63,0,10.25,3.77,26.52,73,27.2
06-12-2019 09:20,5.7,41,0,27.15,7.6,2.29,0,3.73,0,7,3.82,26.52,71,27.3
06-12-2019 09:30,5.8,39,0,27.17,7.6,2.38,0,3.49,0,8.75,3.78,26.52,71,27.3
06-12-2019 09:40,6.3,39,0,27.17,7.6,2.32,0,3.15,0,6.43,3.85,26.52,71,27.3
06-12-2019 09:50,6.5,33,0,27.18,7.6,2.53,0,3.53,0,5.88,3.89,26.52,71,27.2
06-12-2019 10:00,6.4,33,0,27.18,7.6,2.66,0,2.84,0,5.7,3.9,26.52,71,27.3
06-12-2019 10:10,5.9,33,0,27.19,7.6,2.56,0,3.42,0,6.69,3.93,26.52,71,27.2
06-12-2019 10:20,6.4,33,0,27.19,7.6,2.8,0,4.53,0,6.8,3.93,26.52,70,27.2
06-12-2019 10:30,6.8,36,0,27.19,7.61,2.44,0,3.87,0,5.77,4.05,26.51,67,27.3
06-12-2019 10:40,6.4,34,0,27.17,7.6,2.56,0,4.25,0,7.24,3.89,26.52,67,27.4
06-12-2019 10:50,6.6,35,0,27.2,7.6,2.56,0,3.77,0,7.16,3.99,26.52,70,27.4
06-12-2019 11:00,6.5,33,0,27.2,7.6,2.5,0,4.13,0,7.55,4.07,26.52,70,27.3
06-12-2019 11:10,6.7,31,0,27.21,7.61,2.59,0,4,0,5.94,4.09,26.52,71,27.3
06-12-2019 11:20,6.3,35,0,27.23,7.6,2.54,0,4.97,0,9.38,4.06,26.52,69,27.4
06-12-2019 11:30,6.5,34,0,27.24,7.61,2.59,0,3.61,0,6.44,4.11,26.52,71,27.4
06-12-2019 11:40,6.9,31,0,27.26,7.61,2.49,0,3.73,0,6.13,4.16,26.51,70,27.3
06-12-2019 11:50,7.1,33,0,27.27,7.61,2.79,0,3.7,0,3.27,4.18,26.51,72,27.4
06-12-2019 12:00,6.9,32,0,27.27,7.61,2.74,0,4.2,0,10.83,4.21,26.52,70,27.2
06-12-2019 12:10,6.9,30,0,27.28,7.62,2.72,0,3.79,0,6.75,4.26,26.52,72,27.3
06-12-2019 12:20,6.6,29,0,27.28,7.64,3.03,0,6.07,0,8.19,4.46,26.52,71,27.3
06-12-2019 12:30,7.1,30,0,27.31,7.66,2.75,0,4.46,0,9.12,4.74,26.51,70,27.3
06-12-2019 12:40,6.9,27,0,27.3,7.65,2.6,0,5.06,0,13.01,4.68,26.51,70,27.3
06-12-2019 12:50,6.8,29,0,27.26,7.66,3.16,0,13.9,0,33.91,4.66,26.51,72,27.3
06-12-2019 13:00,6.4,27,0,27.26,7.67,3.49,0,6.16,0,32.86,4.76,26.52,71,27.2
06-12-2019 13:10,6.5,30,0,27.26,7.67,4.03,0,6.98,0,21.93,4.7,26.51,70,27.2
06-12-2019 13:20,6.7,32,0,27.25,7.67,3.54,0,6.31,0,14.91,4.58,26.51,71,27.2
06-12-2019 13:30,6.7,31,0,27.22,7.65,3.99,0,6.59,0,13.42,4.46,26.51,71,27.1
06-12-2019 13:40,6.3,29,0,27.22,7.67,3.3,0,5.8,0,10.97,4.61,26.52,71,27.1
06-12-2019 13:50,6.6,30,0,27.2,7.68,3.96,0,10.44,0,29.93,4.75,26.52,74,27.1
06-12-2019 14:00,6.6,30,0,27.2,7.68,3.61,0,7.73,0,16.04,4.66,26.52,73,27.1
06-12-2019 14:10,6.3,28,0,27.19,7.68,3.62,0,10.61,0,27.83,4.71,26.52,75,27.2
06-12-2019 14:20,6.5,27,0,27.2,7.71,3.21,0,6.92,0,19.36,5,26.52,73,27
06-12-2019 14:30,6.9,29,0,27.21,7.71,3.49,0,8.45,0,17.49,4.99,26.52,72,26.9
06-12-2019 14:40,6.8,28,0,27.2,7.69,3.88,0,9.11,0,17.59,4.86,26.52,75,27.1
06-12-2019 14:50,6.6,28,0,27.18,7.68,3.85,0,6.48,0,10.9,4.7,26.52,75,27.1
06-12-2019 15:00,6.9,30,0,27.17,7.69,3.82,0,9.88,0,14.92,4.8,26.52,74,27
06-12-2019 15:10,6.6,27,0,27.17,7.68,4.09,0,9.2,0,18.33,4.75,26.52,73,27
06-12-2019 15:20,6.6,26,0,27.16,7.68,3.45,0,9.76,0,10.13,4.73,26.52,72,26.9
06-12-2019 15:30,6.7,22,0,27.17,7.68,4.31,0,6.07,0,24.53,4.69,26.53,74,27
06-12-2019 15:40,6.8,22,0,27.17,7.69,3.57,0,11.92,0,19.21,4.84,26.53,73,26.9
06-12-2019 15:50,6.7,22,0,27.18,7.71,3.94,0,9.24,0,15.44,4.98,26.53,76,27
06-12-2019 16:00,6.6,24,0,27.18,7.73,8.75,0,8.6,0,17.68,5.14,26.54,75,27
06-12-2019 16:10,7.1,25,0,27.19,7.74,3.17,0,10.18,0,22.38,5.27,26.54,75,26.9
06-12-2019 16:20,7,21,0,27.2,7.76,3.94,0,19.39,0,74.25,5.4,26.54,75,26.9
06-12-2019 16:30,7.1,24,0,27.2,7.75,3.57,0,12.85,0,33.58,5.35,26.54,77,26.9
06-12-2019 16:40,7,24,0,27.19,7.74,3.67,0,18.13,0,36.95,5.17,26.54,75,26.9
06-12-2019 16:50,7,25,0,27.19,7.73,3.34,0,10.94,0,33.68,5.1,26.55,74,26.9
06-12-2019 17:00,7,27,0,27.17,7.71,3.38,0,13.94,0,57.97,4.9,26.55,76,26.9
06-12-2019 17:10,6.9,21,0,27.17,7.71,3.57,0,8.87,0,27.68,4.82,26.56,76,26.9
06-12-2019 17:20,6.9,22,0,27.17,7.7,3.24,0,11.76,0,29.46,4.73,26.56,77,26.9
06-12-2019 17:30,7,23,0,27.17,7.71,3.33,0,9.59,0,25.65,4.77,26.56,77,26.8
06-12-2019 17:40,6.7,20,0,27.17,7.7,3.15,0,17.68,0,44.15,4.71,26.56,77,26.8
06-12-2019 17:50,7.2,26,0,27.12,7.68,3.11,0,12.71,0,33.56,4.52,26.55,77,26.8
06-12-2019 18:00,7.3,27,0,27.12,7.66,4.79,0,15.84,0,39.21,4.43,26.55,79,26.8
06-12-2019 18:10,7.3,24,0,27.15,7.66,3.57,0,16.55,0,38.44,4.47,26.53,79,26.9
06-12-2019 18:20,7.6,27,0,27.15,7.64,3.79,0,9.76,0,23.32,4.38,26.53,78,26.7
06-12-2019 18:30,7.8,27,0,27.14,7.63,2.81,0,10.9,0,26.54,4.26,26.53,78,26.9
06-12-2019 18:40,7.6,26,0,27.15,7.62,2.83,0,13.93,0,25.38,4.24,26.53,79,26.9
06-12-2019 18:50,7,25,0,27.15,7.62,3.01,0,10.52,0,21.77,4.2,26.53,79,26.9
06-12-2019 19:00,7.5,24,0,27.15,7.61,2.7,0,9.01,0,19.18,4.17,26.53,80,26.9
06-12-2019 19:10,7.2,24,0,27.15,7.62,3.12,0,10.9,0,24.97,4.21,26.53,81,27
06-12-2019 19:20,7.4,22,0,27.15,7.62,3.03,0,8.77,0,17.12,4.23,26.53,81,27
06-12-2019 19:30,6.7,22,0,27.15,7.63,3.03,0,8.65,0,17.06,4.28,26.53,82,27
06-12-2019 19:40,6.4,22,0,27.16,7.63,2.76,0,10.35,0,37.13,4.28,26.53,82,27.1
06-12-2019 19:50,7.2,24,0,27.16,7.63,2.66,0,7.58,0,16.26,4.37,26.53,82,27.2
06-12-2019 20:00,7.3,25,0,27.16,7.63,2.68,0,10.6,0,23.2,4.38,26.53,83,27.1
06-12-2019 20:10,7.1,32,0,27.15,7.63,3.14,0,9.46,0,20.96,4.33,26.53,80,27.2
06-12-2019 20:20,7.2,34,0,27.16,7.62,2.93,0,9.48,0,17.93,4.25,26.53,82,27.3
06-12-2019 20:30,7.2,33,0,27.15,7.62,3.18,0,7,0,13.83,4.23,26.53,82,27.3
06-12-2019 20:40,7.2,33,0,27.16,7.61,2.61,0,9.65,0,14.38,4.2,26.53,81,27.2
06-12-2019 20:50,7.3,29,0,27.15,7.61,2.87,0,6.91,0,12.38,4.15,26.53,80,27.2
06-12-2019 21:00,7.7,30,0,27.15,7.6,3.13,0,8.24,0,21.32,4.13,26.53,80,27.2
06-12-2019 21:10,7.7,30,0,27.14,7.61,2.63,0,8.89,0,18.71,4.13,26.53,81,27.2
06-12-2019 21:20,7.7,29,0,27.13,7.61,3.02,0,11.75,0,28.01,4.17,26.53,82,27.2
06-12-2019 21:30,7.6,28,0,27.12,7.61,3.04,0,17.67,0,32.45,4.22,26.54,82,27.2
06-12-2019 21:40,7.4,30,0,27.12,7.61,3.35,0,7.9,0,17.81,4.22,26.54,80,27.2
06-12-2019 21:50,7.2,27,0,27.12,7.62,2.8,0,7.48,0,16.57,4.28,26.54,83,27.2
06-12-2019 22:00,7.3,23,0,27.11,7.61,3.41,0,5.36,0,11.55,4.2,26.54,82,27.1
06-12-2019 22:10,,,,,,,,,,,,,,
06-12-2019 22:20,7,18,0,27.1,7.61,2.78,0,9.32,0,17.43,4.15,26.53,83,26.9
06-12-2019 22:30,6.9,23,0,27.1,7.6,2.71,0,8,0,19.36,4.06,26.53,83,27
06-12-2019 22:40,6.4,21,0,27.09,7.6,3.06,0,7.76,0,15.83,4.04,26.53,83,26.9
06-12-2019 22:50,7.4,22,0,27.09,7.6,2.86,0,8.9,0,22.54,3.98,26.53,84,27
06-12-2019 23:00,7.6,22,0,27.09,7.6,2.91,0,7.96,0,15.78,3.96,26.54,81,26.9
06-12-2019 23:10,6.6,17,0,27.1,7.6,3.25,0,7.23,0,16.31,3.88,26.54,83,26.9
06-12-2019 23:20,7,14,0,27.1,7.6,2.97,0,7.37,0,15.72,4.01,26.54,83,26.9
06-12-2019 23:30,6.4,20,0,27.12,7.6,2.61,0,6.76,0,12.63,4.1,26.54,83,27
06-12-2019 23:40,6.6,18,0,27.14,7.63,2.74,0,13.82,0,30.37,4.29,26.54,82,26.8
06-12-2019 23:50,7.1,18,0,27.14,7.63,2.76,0,10.74,0,22.07,4.29,26.54,85,26.8
07-12-2019 00:00,7.7,18,0,27.13,7.63,2.69,0,8.85,0,24.65,4.39,26.54,83,26.8
07-12-2019 00:10,7.3,17,0,27.12,7.65,2.87,0,8.97,0,17.92,4.5,26.54,84,26.8
07-12-2019 00:20,8.5,27,0,27.11,7.64,2.8,0,9.93,0,17.77,4.36,26.54,86,26.9
07-12-2019 00:30,7.9,26,0,27.09,7.63,2.94,0,7.91,0,16.41,4.29,26.54,87,26.6
07-12-2019 00:40,7.8,29,0,27.09,7.62,3.11,0,8.69,0,21.92,4.22,26.54,89,26.2
07-12-2019 00:50,6.8,35,0,27.07,7.6,2.56,0,6.57,0,24.44,4.12,26.54,90,26.1
07-12-2019 01:00,7.1,35,0,27.07,7.6,2.71,0,7.2,0,13.98,4.09,26.54,88,26.1
07-12-2019 01:10,,,,,,,,,,,,,,
07-12-2019 01:20,,,,,,,,,,,,,,
07-12-2019 01:30,,,,,,,,,,,,,,
07-12-2019 01:40,,,,,,,,,,,,,,
07-12-2019 01:50,,,,,,,,,,,,,,
07-12-2019 02:00,,,,,,,,,,,,,,
07-12-2019 02:10,,,,,,,,,,,,,,
07-12-2019 02:20,,,,,,,,,,,,,,
07-12-2019 02:30,6.2,18,0,27.05,7.6,3.03,0,9.68,0,17.25,3.97,26.54,91,25.9
07-12-2019 02:40,6.1,19,0,27.06,7.61,3.2,0,8.72,0,16.29,4.14,26.55,92,25.9
07-12-2019 02:50,6.8,23,0,27.06,7.61,2.79,0,15.34,0,22.43,4.19,26.55,90,25.8
07-12-2019 03:00,6.2,20,0,27.05,7.62,2.66,0,10.33,0,20.55,4.17,26.55,91,25.8
07-12-2019 03:10,5.2,9,0,27.05,7.61,2.69,0,11.97,0,22.93,4.15,26.55,91,25.7
07-12-2019 03:20,4.4,5,0,27.05,7.63,3.8,0,7.45,0,13.71,4.22,26.56,91,25.5
07-12-2019 03:30,4.3,2,0,27.04,7.64,2.89,0,6.84,0,17.03,4.35,26.56,92,25.4
07-12-2019 03:40,4.6,357,0,27.04,7.65,2.81,0,8.96,0,17.32,4.44,26.56,93,25.2
07-12-2019 03:50,3.5,347,0,27.04,7.65,3.07,0,14.15,0,33.63,4.44,26.56,93,25.1
07-12-2019 04:00,3.2,341,0,27.04,7.66,3.16,0,12.7,0,30.43,4.43,26.56,93,25.3
07-12-2019 04:10,4.6,9,0,27.04,7.65,2.88,0,10.48,0,21.65,4.4,26.56,92,26
07-12-2019 04:20,6.8,26,0,27.03,7.65,2.69,0,11.12,0,13.92,4.35,26.57,90,26.1
07-12-2019 04:30,6.9,23,0,27.03,7.64,3.03,0,8.35,0,16.37,4.25,26.57,90,26
07-12-2019 04:40,6.2,9,0,27.02,7.63,3.01,0,8.78,0,18.62,4.13,26.58,90,25.9
07-12-2019 04:50,5.2,7,0,27.01,7.62,2.58,0,8.83,0,16.57,4.09,26.57,90,25.8
07-12-2019 05:00,4.9,10,0,27.01,7.63,3.18,0,7.97,0,17.22,4.07,26.58,91,25.8
07-12-2019 05:10,5.5,19,0,27.01,7.64,2.83,0,7.87,0,20.02,4.19,26.58,91,25.6
07-12-2019 05:20,6.6,21,0,27.01,7.64,3.27,0,7.27,0,18.92,4.16,26.59,92,25
07-12-2019 05:30,6.5,24,0,27,7.64,3.4,0,12.14,0,29.02,4.09,26.59,92,24.9
07-12-2019 05:40,6.3,12,0,27,7.63,3.19,0,8.14,0,18.62,4.12,26.59,93,24.8
07-12-2019 05:50,4.7,3,0,26.99,7.64,2.6,0,8.18,0,21.36,4.18,26.57,95,24.8
07-12-2019 06:00,4.2,6,0,26.97,7.62,3.69,0,6.57,0,16.01,4.12,26.48,95,24.5
07-12-2019 06:10,3.5,344,0,26.94,7.61,2.75,0,8.36,0,16.38,4.05,26.49,96,24.5
07-12-2019 06:20,3.7,344,0,26.94,7.6,2.63,0,7.34,0,8.82,4.03,26.52,96,24.5
07-12-2019 06:30,4.1,348,0,26.94,7.6,2.87,0,10.46,0,15.88,3.85,26.53,96,24.4
07-12-2019 06:40,4.1,349,0,26.93,7.6,2.81,0,7.47,0,16.58,3.88,26.53,95,24.4
07-12-2019 06:50,3.5,354,0,26.93,7.61,3.32,0,7.79,0,15.21,4.04,26.54,95,24.7
07-12-2019 07:00,4.8,2,0,26.92,7.6,2.95,0,7.7,0,16.71,4.09,26.55,93,24.9
07-12-2019 07:10,4.4,0,0,26.92,7.6,2.66,0,6.28,0,13.56,3.98,26.55,94,25.1
07-12-2019 07:20,3.9,357,0,26.93,7.6,2.77,0,5.78,0,14.25,3.9,26.55,94,24.9
07-12-2019 07:30,4.4,1,0,26.92,7.6,3.69,0,6.76,0,10.4,3.97,26.55,94,24.9
07-12-2019 07:40,4.3,355,0,26.92,7.6,2.42,0,6.73,0,13.01,3.88,26.55,94,24.7
07-12-2019 07:50,3,331,0,26.9,7.6,2.54,0,6.97,0,13.98,3.87,26.55,95,24.8
07-12-2019 08:00,2.8,323,0,26.9,7.6,2.63,0,14.04,0,30.52,4,26.54,95,24.7
07-12-2019 08:10,3.8,346,0,26.89,7.6,2.75,0,8.13,0,15.1,3.98,26.54,94,24.9
07-12-2019 08:20,,,,,,,,,,,,,,
07-12-2019 08:30,2.9,339,0,26.9,7.6,2.66,0,6.69,0,13.49,3.91,26.54,94,24.7
07-12-2019 08:40,3.8,358,0,26.9,7.6,2.63,0,7.86,0,27.5,3.92,26.54,93,24.6
07-12-2019 08:50,,,,,,,,,,,,,,
07-12-2019 09:00,2.5,322,0,26.89,7.6,2.81,0,5.8,0,12.15,3.95,26.54,95,24.7
07-12-2019 09:10,3.5,336,0,26.91,7.61,3.57,0,6.93,0,13.75,4.13,26.54,94,24.8
07-12-2019 09:20,3.7,339,0,26.91,7.61,3.76,0,6.07,0,15.75,4.12,26.55,95,24.9
07-12-2019 09:30,3.6,337,0,26.93,7.61,3.01,0,6.75,0,14.93,4.08,26.55,94,25
07-12-2019 09:40,4.7,340,0,26.95,7.61,3.08,0,7.64,0,14.68,4.02,26.55,94,25
07-12-2019 09:50,4.8,340,0,26.97,7.61,3.52,0,6.41,0,12.54,3.99,26.55,93,25.1
07-12-2019 10:00,3.9,330,0,26.98,7.6,2.74,0,6.5,0,11.66,3.91,26.55,93,25.3
07-12-2019 10:10,4.2,341,0,26.98,7.6,2.84,0,5.24,0,11.15,3.9,26.55,92,25.3
07-12-2019 10:20,4,338,0,27.01,7.6,2.79,0,6.82,0,12.49,3.94,26.55,92,25.5
07-12-2019 10:30,4.5,339,0,27.05,7.6,2.88,0,6.15,0,13.52,3.95,26.55,91,25.6
07-12-2019 10:40,4.1,348,0,27.04,7.6,2.97,0,7.38,0,20.9,3.93,26.55,92,25.5
07-12-2019 10:50,3.7,344,0,27.03,7.6,2.91,0,7.74,0,18.83,3.92,26.55,92,25.5
07-12-2019 11:00,3.7,347,0,27.01,7.6,2.67,0,7.32,0,18.94,3.65,26.55,92,25.5
07-12-2019 11:10,3.4,344,0,27.01,7.6,2.75,0,6.29,0,11.3,3.59,26.55,93,25.5
07-12-2019 11:20,3.9,339,0,27,7.6,3.01,0,7.79,0,14.77,3.63,26.55,93,25.3
07-12-2019 11:30,3.6,335,0,27,7.6,2.8,0,14.66,0,31.7,3.6,26.56,92,25.3
07-12-2019 11:40,2.2,336,0,27,7.6,2.65,0,5.7,0,7.86,3.65,26.56,91,25.6
07-12-2019 11:50,3.3,343,0,27.01,7.6,3.43,0,4.79,0,8.94,3.68,26.55,93,25.6
07-12-2019 12:00,3.3,344,0,27.03,7.6,2.72,0,6.64,0,11.94,3.75,26.56,92,25.5
07-12-2019 12:10,3.1,349,0,27.05,7.6,2.93,0,6.51,0,13.36,3.86,26.56,92,25.8
07-12-2019 12:20,2.5,358,0,27.08,7.6,3.87,0,5.75,0,11.21,3.96,26.56,90,26.2
07-12-2019 12:30,3.1,9,0,27.11,7.62,4.17,0,6.8,0,15.51,4.14,26.56,91,26.2
07-12-2019 12:40,3.1,357,0,27.13,7.62,4.03,0,6.23,0,15.77,4.17,26.56,91,26.2
07-12-2019 12:50,3.6,346,0,27.14,7.63,3.05,0,6.1,0,17.29,4.22,26.56,91,26
07-12-2019 13:00,2.7,352,0,27.13,7.63,2.77,0,6.69,0,12.71,4.25,26.56,90,26.4
07-12-2019 13:10,3.2,11,0,27.14,7.64,2.82,0,7.03,0,13.44,4.31,26.57,88,26.8
07-12-2019 13:20,3.6,19,0,27.14,7.64,2.77,0,5.36,0,9.79,4.29,26.57,89,26.8
07-12-2019 13:30,4.1,26,0,27.18,7.64,3.6,0,9,0,17.84,4.29,26.57,87,27
07-12-2019 13:40,3.8,30,0,27.22,7.64,2.92,0,7.83,0,13.22,4.3,26.58,87,27.1
07-12-2019 13:50,3.6,37,0,27.24,7.65,2.58,0,6.27,0,10.42,4.31,26.58,87,27.4
07-12-2019 14:00,3.4,36,0,27.26,7.66,2.77,0,6.17,0,8.38,4.38,26.58,84,27.6
07-12-2019 14:10,4,52,0,27.3,7.67,2.68,0,6.24,0,12.89,4.55,26.58,84,28
07-12-2019 14:20,3.8,53,0,27.3,7.67,3.06,0,6.34,0,13.41,4.58,26.58,83,28.1
07-12-2019 14:30,3.3,56,0,27.34,7.68,3.51,0,6.26,0,12.65,4.66,26.59,84,27.9
07-12-2019 14:40,3.2,60,0,27.37,7.69,2.56,0,5.18,0,10.21,4.68,26.59,83,28
07-12-2019 14:50,3.4,51,0,27.38,7.69,2.96,0,5.84,0,12.12,4.75,26.59,84,28.1
07-12-2019 15:00,3.7,48,0,27.28,7.67,2.64,0,8.99,0,22.42,4.51,26.6,83,28
07-12-2019 15:10,3.5,50,0,27.28,7.67,2.88,0,5.33,0,9.99,4.49,26.59,82,27.9
07-12-2019 15:20,3.7,44,0,27.22,7.67,6.26,0,7.52,0,15.43,4.52,26.59,82,27.8
07-12-2019 15:30,3.7,45,0,27.22,7.7,3.68,0,8.12,0,16.03,4.72,26.6,81,27.9
07-12-2019 15:40,3.3,47,0,27.23,7.71,2.99,0,8.48,0,15.65,4.79,26.61,83,28
07-12-2019 15:50,3.3,49,0,27.22,7.7,2.77,0,8.38,0,21.8,4.69,26.61,84,27.8
07-12-2019 16:00,3.7,37,0,27.22,7.7,2.78,0,8.31,0,26.94,4.68,26.61,85,27.7
07-12-2019 16:10,4.1,35,0,27.2,7.69,2.91,0,9.69,0,14.9,4.6,26.61,86,27.5
07-12-2019 16:20,5.3,35,0,27.19,7.69,2.8,0,9.94,0,21.87,4.58,26.62,87,27.4
07-12-2019 16:30,4.8,35,0,27.17,7.69,3.37,0,8.87,0,19.67,4.57,26.62,84,27.4
07-12-2019 16:40,3.9,41,0,27.17,7.69,2.84,0,17.09,0,17.88,4.47,26.62,87,27.4
07-12-2019 16:50,4.4,38,0,27.17,7.68,2.98,0,18.79,0,32.22,4.4,26.63,87,27.3
07-12-2019 17:00,4.6,30,0,27.16,7.67,3.66,0,8.31,0,22.14,4.27,26.62,88,27.3
07-12-2019 17:10,3.1,0,0,27.16,7.66,2.81,0,9.96,0,22.64,4.26,26.62,90,26.5
07-12-2019 17:20,2.6,347,0,27.16,7.67,3.13,0,11.06,0,22.07,4.33,26.62,89,26.3
07-12-2019 17:30,2.3,344,0,27.17,7.64,2.85,0,18.31,0,30.93,4.01,26.62,90,26.3
07-12-2019 17:40,2,319,0,27.17,7.63,2.69,0,18.11,0,21.44,3.92,26.61,91,26.2
07-12-2019 17:50,1.7,330,0,27.16,7.61,2.7,0,10.42,0,17.47,3.72,26.61,91,26
07-12-2019 18:00,2.6,336,0,27.12,7.6,2.85,0,14.66,0,31.54,3.46,26.59,92,25.8
07-12-2019 18:10,2.2,327,0,27.11,7.6,2.81,0,7.32,0,14.86,3.48,26.59,91,25.8
07-12-2019 18:20,2,311,0,27.11,7.6,2.85,0,9.97,0,26.26,3.52,26.6,92,25.8
07-12-2019 18:30,2.3,312,0,27.12,7.6,2.92,0,10.51,0,31.46,3.67,26.6,92,25.6
07-12-2019 18:40,2,305,0,27.14,7.6,3,0,6.47,0,16.37,3.68,26.6,92,25.5
07-12-2019 18:50,2.3,310,0,27.14,7.6,3.36,0,9.81,0,20.55,3.66,26.6,92,25.5
07-12-2019 19:00,2.3,317,0,27.13,7.6,2.88,0,10.07,0,21.72,3.54,26.6,93,25.5
07-12-2019 19:10,2.7,310,0,27.14,7.61,2.83,0,8.17,0,23.58,3.67,26.61,93,25.4
07-12-2019 19:20,2.4,309,0,27.16,7.6,2.81,0,6.35,0,13.25,3.68,26.61,93,25.3
07-12-2019 19:30,2.6,315,0,27.15,7.6,2.83,0,6.97,0,17.22,3.54,26.61,93,25.3
07-12-2019 19:40,2.7,331,0,27.14,7.61,2.76,0,6.83,0,15.64,3.55,26.61,93,25.4
07-12-2019 19:50,3.1,337,0,27.13,7.61,2.81,0,7.8,0,12.76,3.53,26.61,93,25.3
07-12-2019 20:00,2.9,337,0,27.13,7.6,2.76,0,6.73,0,11.21,3.52,26.61,93,25.4
07-12-2019 20:10,2.8,342,0,27.11,7.6,2.95,0,7.26,0,20.44,3.39,26.61,93,25.5
07-12-2019 20:20,2.1,318,0,27.11,7.6,3.74,0,4.6,0,8.42,3.47,26.62,93,25.5
07-12-2019 20:30,2.8,341,0,27.1,7.6,2.83,0,8.6,0,9.87,3.57,26.62,93,25.5
07-12-2019 20:40,3.3,338,0,27.1,7.6,2.6,0,7.28,0,11.88,3.51,26.62,93,25.4
07-12-2019 20:50,3,339,0,27.1,7.6,2.74,0,5.99,0,26.79,3.49,26.62,93,25.3
07-12-2019 21:00,2.6,340,0,27.09,7.6,2.87,0,8.01,0,21.86,3.6,26.62,93,25.3
07-12-2019 21:10,3.1,344,0,27.09,7.6,2.7,0,9.3,0,29.75,3.56,26.63,93,25.3
07-12-2019 21:20,2.5,336,0,27.08,7.6,2.79,0,16.48,0,30.62,3.46,26.63,93,25.3
07-12-2019 21:30,2.3,329,0,27.08,7.6,2.5,0,7.76,0,11.28,3.33,26.63,93,25.3
07-12-2019 21:40,2.8,348,0,27.08,7.6,2.48,0,16.27,0,41.78,3.19,26.64,93,25.3
07-12-2019 21:50,2.5,346,0,27.08,7.6,2.95,0,6.18,0,15.77,3.25,26.64,93,25.2
07-12-2019 22:00,1.9,334,0,27.07,7.6,2.51,0,5.99,0,12.13,3.16,26.64,93,25.3
07-12-2019 22:10,1.8,332,0,27.06,7.6,2.85,0,6.04,0,11.71,3.02,26.64,93,25.1
07-12-2019 22:20,1.9,326,0,27.05,7.6,2.63,0,3.27,0,4.61,3,26.65,94,25
07-12-2019 22:30,1.9,322,0,27.05,7.6,2.55,0,6.77,0,11.93,3.1,26.65,94,25
07-12-2019 22:40,1.8,317,0,27.05,7.6,2.61,0,5.42,0,7.63,3.08,26.65,94,24.9
07-12-2019 22:50,1.9,333,0,27.04,7.6,2.62,0,4.02,0,7.76,3.04,26.65,94,25
07-12-2019 23:00,1.9,329,0,27.03,7.6,2.34,0,4.4,0,7.44,3.03,26.66,94,25.1
07-12-2019 23:10,1.7,337,0,27.03,7.6,2.4,0,5.55,0,10.62,2.96,26.66,95,25
07-12-2019 23:20,1.8,332,0,27.02,7.6,2.38,0,4.2,0,5.67,2.95,26.66,94,25
07-12-2019 23:30,1.6,334,0,27.01,7.6,2.32,0,8.69,0,37.3,2.9,26.66,94,25.1
07-12-2019 23:40,1.5,337,0,27.01,7.6,2.46,0,6.32,0,8.97,2.87,26.66,94,25.3
07-12-2019 23:50,1.8,329,0,27.01,7.6,2.56,0,2.85,0,4.22,2.83,26.67,93,25.3
08-12-2019 00:00,2,306,0,27.02,7.6,2.43,0,6.03,0,21.54,2.83,26.67,94,25.2
08-12-2019 00:10,2.7,316,0,27.02,7.6,2.44,0,5.28,0,11.95,2.88,26.68,95,25
08-12-2019 00:20,2,324,0,27,7.6,3.21,0,13.31,0,23.32,2.83,26.68,94,25.3
08-12-2019 00:30,1.9,328,0,26.99,7.6,2.34,0,4.18,0,8.26,2.77,26.68,94,25.3
08-12-2019 00:40,2.6,331,0,26.98,7.6,3.27,0,4.31,0,7.97,2.76,26.68,93,25.3
08-12-2019 00:50,2.7,348,0,26.97,7.6,2.8,0,5.2,0,9.87,2.83,26.68,92,25.6
08-12-2019 01:00,1.8,350,0,26.97,7.6,2.44,0,4.21,0,4.99,2.8,26.68,92,25.5
08-12-2019 01:10,1.2,232,0,26.97,7.6,2.51,0,5.13,0,8.11,2.82,26.69,93,25.2
08-12-2019 01:20,2.9,243,0,26.96,7.6,2.52,0,4.73,0,8.87,3.01,26.69,95,24.8
08-12-2019 01:30,3,313,0,26.96,7.6,2.19,0,5.19,0,8.87,3.2,26.68,95,24.8
08-12-2019 01:40,1.7,272,0,26.94,7.6,2.66,0,5.86,0,18.68,3.33,26.67,91,25
08-12-2019 01:50,1.3,288,0,26.95,7.6,2.34,0,6.98,0,16.08,3.39,26.68,88,25.7
08-12-2019 02:00,1.9,305,0,26.96,7.6,2.52,0,7.51,0,17.04,3.58,26.67,93,25
08-12-2019 02:10,2.5,322,0,26.97,7.6,2.43,0,7.28,0,14.07,3.55,26.67,94,24.9
08-12-2019 02:20,1.5,246,0,27,7.61,3.15,0,7.48,0,11.8,3.75,26.69,94,24.8
08-12-2019 02:30,1.9,257,0,26.99,7.61,2.63,0,6.56,0,13.14,3.73,26.69,94,25
08-12-2019 02:40,0.9,318,0,26.99,7.61,3.99,0,12.7,0,25.48,3.75,26.7,94,24.8
08-12-2019 02:50,0.6,318,0,26.97,7.61,3.32,0,13.33,0,29.55,3.67,26.69,94,24.9
08-12-2019 03:00,1,299,0,26.97,7.61,3.55,0,8.19,0,13.83,3.62,26.68,94,24.9
08-12-2019 03:10,1.2,293,0,26.95,7.6,2.71,0,10.43,0,29.78,3.48,26.67,94,24.8
08-12-2019 03:20,1.4,295,0,26.94,7.6,2.41,0,8.53,0,13.79,3.52,26.67,94,24.8
08-12-2019 03:30,2.2,289,0,26.93,7.6,2.45,0,7.09,0,10.33,3.5,26.67,94,24.9
08-12-2019 03:40,1.3,288,0,26.94,7.6,2.46,0,9.07,0,18.43,3.57,26.68,93,24.8
08-12-2019 03:50,1.1,350,0,26.93,7.6,2.8,0,7.88,0,11.42,3.53,26.68,92,25.1
08-12-2019 04:00,3.1,82,0,26.94,7.6,2.8,0,8.62,0,18.73,3.56,26.69,79,27.2
08-12-2019 04:10,3,81,0,26.94,7.61,2.39,0,11.65,0,32.68,3.64,26.7,77,27.3
08-12-2019 04:20,3.6,85,0,26.94,7.61,2.84,0,8.56,0,24.16,3.68,26.71,78,27.4
08-12-2019 04:30,3.8,79,0,26.93,7.6,2.73,0,6.69,0,12.23,3.57,26.71,77,27.4
08-12-2019 04:40,3.7,78,0,26.94,7.6,2.46,0,5.11,0,13.43,3.57,26.72,76,27.4
08-12-2019 04:50,3.9,77,0,26.94,7.61,2.38,0,8.59,0,16,3.6,26.73,76,27.4
08-12-2019 05:00,4,72,0,26.93,7.61,2.44,0,6.93,0,11.17,3.68,26.74,76,27.3
08-12-2019 05:10,3.7,75,0,26.92,7.63,2.36,0,9.27,0,15.37,3.82,26.75,79,27.4
08-12-2019 05:20,3.9,74,0,26.92,7.63,2.31,0,10.57,0,17,3.72,26.76,76,27.4
08-12-2019 05:30,3.7,73,0,26.93,7.63,2.13,0,8.78,0,25.06,3.64,26.77,77,27.4
08-12-2019 05:40,3.7,71,0,26.95,7.65,2.26,0,6.91,0,11.6,3.77,26.8,77,27.4
08-12-2019 05:50,3.4,73,0,26.93,7.65,2.45,0,7.56,0,11.4,3.74,26.79,78,27.4
08-12-2019 06:00,3.3,76,0,26.91,7.64,2.71,0,6.99,0,13.19,3.7,26.8,76,27.4
08-12-2019 06:10,3.4,74,0,26.87,7.64,2.87,0,5.82,0,10.44,3.68,26.79,78,27.4
08-12-2019 06:20,3.3,71,0,26.95,7.63,5.58,0,11.13,0,21.68,3.85,26.91,78,27.3
08-12-2019 06:30,4.1,67,0,26.94,7.65,2.44,0,6.65,0,7.1,3.73,26.86,77,27.4
08-12-2019 06:40,4.4,70,0,26.9,7.65,2.34,0,11.64,0,26.9,3.69,26.83,76,27.4
08-12-2019 06:50,4.7,69,0,26.89,7.62,11.61,0,5.15,0,5.58,3.31,26.83,76,27.5
08-12-2019 07:00,3.9,72,0,26.89,7.61,2.33,0,5.15,0,10.63,3.17,26.83,77,27.4
08-12-2019 07:10,3.4,74,0,26.91,7.62,2.71,0,4.73,0,13.68,3.25,26.84,77,27.5
08-12-2019 07:20,4.1,72,0,26.92,7.64,2.35,0,6.24,0,11.83,3.37,26.86,75,27.7
08-12-2019 07:30,3.3,77,0,26.93,7.65,2.44,0,4.9,0,10.97,3.46,26.88,77,27.7
08-12-2019 07:40,3.7,77,0,26.94,7.65,2.35,0,4.7,0,8.18,3.45,26.89,76,27.6
08-12-2019 07:50,3.6,77,0,26.94,7.66,2.28,0,5.28,0,9.02,3.53,26.9,77,27.7
08-12-2019 08:00,4,71,0,26.94,7.66,2.42,0,3.75,0,5.41,3.55,26.9,75,27.7
08-12-2019 08:10,3.5,77,0,26.95,7.67,2.27,0,4.3,0,8.17,3.59,26.91,76,27.9
08-12-2019 08:20,3.5,78,0,26.97,7.69,2.77,0,5.16,0,9.06,3.87,26.92,76,27.9
08-12-2019 08:30,3.9,75,0,26.99,7.7,2.49,0,4.99,0,9.04,3.96,26.93,77,27.7
08-12-2019 08:40,3.8,80,0,26.98,7.69,2.55,0,4.59,0,8.55,3.83,26.92,75,27.7
08-12-2019 08:50,3.9,83,0,26.98,7.69,3.19,0,5.47,0,8.01,3.79,26.92,75,27.7
08-12-2019 09:00,4.1,82,0,26.98,7.69,2.83,0,4.95,0,7.88,3.77,26.92,77,27.7
08-12-2019 09:10,4.6,86,0,27,7.69,2.58,0,4.53,0,7.32,3.74,26.94,76,28
08-12-2019 09:20,4.3,81,0,27.04,7.67,2.55,0,3.74,0,6.73,3.47,26.95,77,27.8
08-12-2019 09:30,4.2,78,0,27.04,7.69,2.53,0,3.91,0,5.1,3.69,26.95,75,27.8
08-12-2019 09:40,4.5,80,0,27.04,7.68,2.36,0,4.01,0,4.94,3.68,26.94,76,27.9
08-12-2019 09:50,4.4,82,0,27.08,7.67,2.41,0,3.72,0,3.53,3.51,26.94,75,28
08-12-2019 10:00,4.3,79,0,27.1,7.68,2.5,0,4.36,0,5.74,3.61,26.95,74,27.9
08-12-2019 10:10,4.4,80,0,27.09,7.69,2.56,0,4.69,0,7.73,3.72,26.94,75,28
08-12-2019 10:20,4.2,81,0,27.1,7.7,5.44,0,5.46,0,2.99,3.75,26.94,76,28
08-12-2019 10:30,3.9,73,0,27.1,7.7,3.3,0,4.91,0,8.69,3.75,26.97,76,27.9
08-12-2019 10:40,4.1,71,0,27.13,7.69,2.72,0,3.1,0,4.71,3.75,26.97,75,27.9
08-12-2019 10:50,3.7,72,0,27.15,7.73,3.48,0,5.22,0,6.95,4.2,26.97,74,27.9
08-12-2019 11:00,3.8,72,0,27.17,7.72,2.86,0,4.6,0,6.85,4.04,26.94,73,27.9
08-12-2019 11:10,3.7,71,0,27.18,7.73,3.09,0,5.09,0,7.88,4.09,26.96,74,27.9
08-12-2019 11:20,3.1,70,0,27.21,7.75,4.46,0,4.76,0,9.52,4.33,26.97,76,27.9
08-12-2019 11:30,3.5,73,0,27.24,7.76,11.61,0,8.95,0,22.38,4.46,26.97,74,28.1
08-12-2019 11:40,3.4,72,0,27.27,7.77,3.5,0,5.12,0,7.84,4.6,26.95,75,28.1
08-12-2019 11:50,3.5,70,0,27.3,7.78,2.73,0,4.47,0,8.73,4.64,26.95,75,28.1
08-12-2019 12:00,3.7,66,0,27.32,7.8,2.44,0,4.9,0,8.7,4.82,26.96,75,28
08-12-2019 12:10,3.4,75,0,27.36,7.82,2.42,0,5.84,0,9.61,5.02,26.98,75,28.1
08-12-2019 12:20,3.3,74,0,27.41,7.81,2.52,0,6.53,0,12.4,4.95,26.98,75,28
08-12-2019 12:30,3.6,71,0,27.45,7.8,2.87,0,5.4,0,12.31,4.9,26.96,76,28.1
08-12-2019 12:40,3.8,73,0,27.5,7.82,2.76,0,5.08,0,8.47,5.06,26.96,75,28.1
08-12-2019 12:50,3.7,69,0,27.53,7.82,2.51,0,6.23,0,11.66,5.15,26.97,76,28.1
08-12-2019 13:00,3.8,68,0,27.57,7.84,3.12,0,6.19,0,13.13,5.25,26.98,76,28
08-12-2019 13:10,3.5,65,0,27.63,7.84,2.82,0,7.75,0,10.37,5.27,26.99,77,28.3
08-12-2019 13:20,3.4,63,0,27.68,7.85,2.43,0,6.46,0,12.43,5.45,26.99,77,28.2
08-12-2019 13:30,3.3,60,0,27.76,7.86,2.8,0,6.71,0,15.23,5.53,27,75,28
08-12-2019 13:40,4,66,0,27.81,7.9,3.35,0,8.1,0,16.27,6.02,26.99,76,28
08-12-2019 13:50,3.7,65,0,27.74,7.91,2.61,0,8.64,0,13.19,6.06,26.98,76,28
08-12-2019 14:00,3.6,74,0,27.72,7.88,2.67,0,5.93,0,25.18,5.76,26.98,78,28
08-12-2019 14:10,4,65,0,27.68,7.87,2.94,0,12.78,0,37.42,5.53,26.98,79,28
08-12-2019 14:20,4.1,68,0,27.68,7.86,10.62,0,6.25,0,13.47,5.51,26.99,77,28
08-12-2019 14:30,4.2,68,0,27.65,7.86,2.39,0,9.28,0,17.48,5.52,26.99,77,28
08-12-2019 14:40,4.1,68,0,27.63,7.87,2.53,0,8.19,0,39.59,5.65,26.99,76,27.9
08-12-2019 14:50,3.9,67,0,27.64,7.88,2.67,0,8.7,0,11.3,5.61,27,75,27.9
08-12-2019 15:00,3.8,67,0,27.62,7.91,2.57,0,15.4,0,21,5.95,27.01,76,27.9
08-12-2019 15:10,4.1,61,0,27.63,7.93,2.61,0,11.58,0,22.44,6.1,27.01,75,27.9
08-12-2019 15:20,4,64,0,27.63,7.95,2.7,0,11.67,0,21.11,6.35,27.02,75,27.9
08-12-2019 15:30,4,64,0,27.62,7.91,2.56,0,12.58,0,23.37,5.9,27.01,75,27.9
08-12-2019 15:40,4.2,62,0,27.58,7.88,2.42,0,19.02,0,45.92,5.55,27,77,27.8
08-12-2019 15:50,4.1,63,0,27.54,7.88,2.43,0,9.54,0,24.55,5.58,27.01,77,27.8
08-12-2019 16:00,4.1,62,0,27.5,7.87,3.67,0,10.15,0,18.5,5.42,27,76,27.7
08-12-2019 16:10,4,63,0,27.51,7.89,3.46,0,10.72,0,18.78,5.71,27.01,75,27.8
08-12-2019 16:20,3.8,63,0,27.5,7.92,2.76,0,13.91,0,32.2,5.95,27.02,76,27.7
08-12-2019 16:30,3.8,59,0,27.47,7.88,2.84,0,13.17,0,41.96,5.59,27.01,77,27.8
08-12-2019 16:40,3.9,67,0,27.42,7.83,3.1,0,11.25,0,37.52,5.05,26.99,77,27.8
08-12-2019 16:50,3.9,63,0,27.43,7.82,2.75,0,15.13,0,25.91,5.04,26.99,77,27.7
08-12-2019 17:00,3.7,66,0,27.45,7.82,2.87,0,14.39,0,36.94,5.03,26.98,76,27.7
08-12-2019 17:10,3.5,58,0,27.41,7.85,2.94,0,26.14,0,47.78,5.49,26.96,78,27.6
08-12-2019 17:20,3.5,56,0,27.38,7.85,3.3,0,19.54,0,44.83,5.45,26.95,79,27.6
08-12-2019 17:30,3.2,58,0,27.4,7.83,2.69,0,39.26,0,74.64,5.22,26.96,79,27.6
08-12-2019 17:40,3.4,56,0,27.43,7.83,2.83,0,32.47,0,75.18,5.21,26.96,78,27.5
08-12-2019 17:50,3.3,62,0,27.43,7.82,3.27,0,41.43,0,107.17,4.95,26.98,79,27.5
08-12-2019 18:00,3.5,66,0,27.44,7.82,2.6,0,32.28,0,51.29,5.04,26.96,78,27.5
08-12-2019 18:10,3.5,60,0,27.42,7.79,5.11,0,17.15,0,26.5,4.71,26.95,79,27.5
08-12-2019 18:20,3.7,58,0,27.44,7.82,2.81,0,33.53,0,53.91,5.21,26.95,79,27.5
08-12-2019 18:30,3.5,58,0,27.43,7.81,2.59,0,21.77,0,48.9,4.99,26.96,80,27.5
08-12-2019 18:40,4,63,0,27.43,7.8,3.14,0,17.28,0,33.68,4.91,26.96,78,27.5
08-12-2019 18:50,4.1,65,0,27.43,7.8,2.71,0,28.82,0,54.18,4.93,26.97,77,27.6
08-12-2019 19:00,3.6,68,0,27.42,7.8,2.62,0,20.89,0,40.77,4.83,26.97,78,27.5
08-12-2019 19:10,3.3,72,0,27.41,7.78,2.59,0,13.22,0,23.88,4.68,26.98,80,27.5
08-12-2019 19:20,3.7,69,0,27.41,7.78,2.66,0,20.66,0,46.83,4.58,26.98,80,27.5
08-12-2019 19:30,3.6,69,0,27.4,7.76,2.79,0,17.02,0,38.68,4.43,26.98,79,27.5
08-12-2019 19:40,4.1,68,0,27.39,7.77,2.89,0,16.86,0,40.52,4.5,26.98,78,27.5
08-12-2019 19:50,4.3,64,0,27.38,7.77,2.81,0,13.59,0,35.09,4.59,26.98,76,27.6
08-12-2019 20:00,4.2,64,0,27.38,7.79,3.18,0,19.99,0,40.91,4.75,26.98,78,27.6
08-12-2019 20:10,3.8,58,0,27.38,7.78,3.36,0,16.59,0,51.5,4.68,26.99,80,27.6
08-12-2019 20:20,4.3,53,0,27.36,7.77,3.32,0,22.51,0,34.69,4.59,27.01,81,27.6
08-12-2019 20:30,4.2,50,0,27.37,7.78,3.88,0,18.54,0,50.96,4.51,27.03,81,27.5
08-12-2019 20:40,4.2,53,0,27.37,7.77,2.46,0,18.31,0,56,4.28,27.04,82,27.4
08-12-2019 20:50,4.2,45,0,27.38,7.75,2.54,0,9.99,0,17.91,3.95,27.06,83,27.3
08-12-2019 21:00,4.4,49,0,27.35,7.75,2.43,0,9.74,0,16.31,3.95,27.08,82,27.4
08-12-2019 21:10,4.5,53,0,27.33,7.74,2.26,0,9.7,0,20.1,3.98,27.08,81,27.4
08-12-2019 21:20,4.5,52,0,27.34,7.75,5.03,0,27.73,0,54.36,4.01,27.1,82,27.5
08-12-2019 21:30,4.7,49,0,27.38,7.78,2.31,0,13.29,0,26.52,4.4,27.13,80,27.4
08-12-2019 21:40,4.9,46,0,27.37,7.8,2.4,0,11.06,0,39.9,4.43,27.13,79,27.5
08-12-2019 21:50,4.1,55,0,27.27,7.78,3.19,0,13.34,0,35.48,4.19,27.13,79,27.4
08-12-2019 22:00,4.1,51,0,27.25,7.78,2.4,0,8.77,0,16.09,4.1,27.14,81,27.4
08-12-2019 22:10,4.3,48,0,27.26,7.76,2.46,0,10.95,0,23.65,3.93,27.15,81,27.4
08-12-2019 22:20,4.5,49,0,27.29,7.77,2.49,0,11.77,0,24.27,3.98,27.14,80,27.4
08-12-2019 22:30,3.9,56,0,27.33,7.81,2.77,0,12.89,0,33.01,4.46,27.1,82,27.4
08-12-2019 22:40,4,55,0,27.33,7.8,2.66,0,15.95,0,30.94,4.42,27.09,80,27.3
08-12-2019 22:50,4.5,53,0,27.34,7.79,2.64,0,12.06,0,28.69,4.35,27.12,79,27.4
08-12-2019 23:00,4.5,56,0,27.35,7.8,2.79,0,14.79,0,34.65,4.54,27.11,81,27.5
08-12-2019 23:10,4.5,63,0,27.35,7.78,2.57,0,13.02,0,23.11,4.21,27.13,82,27.4
08-12-2019 23:20,4.6,63,0,27.35,7.76,2.61,0,13.9,0,54.93,3.99,27.13,79,27.3
08-12-2019 23:30,4.7,64,0,27.35,7.75,3.82,0,12.58,0,30.71,3.87,27.14,81,27.3
08-12-2019 23:40,4.4,68,0,27.36,7.76,2.49,0,16.33,0,37.3,3.83,27.16,80,27.4
08-12-2019 23:50,4.2,67,0,27.35,7.73,2.65,0,11.99,0,29.53,3.59,27.14,80,27.3
09-12-2019 00:00,3.5,63,0,27.35,7.72,2.38,0,9.92,0,20.96,3.5,27.14,80,27.3
09-12-2019 00:10,3.4,61,0,27.34,7.71,2.37,0,9.57,0,23.4,3.43,27.14,82,27.3
09-12-2019 00:20,3.1,58,0,27.31,7.7,2.06,0,14.57,0,18.12,3.29,27.12,81,27.2
09-12-2019 00:30,2.8,53,0,27.3,7.7,2.21,0,12.74,0,20.97,3.36,27.11,80,27.2
09-12-2019 00:40,2.7,47,0,27.26,7.72,2.34,0,15.49,0,60.14,3.64,27.08,80,27.2
09-12-2019 00:50,3,48,0,27.24,7.72,2.46,0,12.51,0,24.96,3.75,27.08,80,27.2
09-12-2019 01:00,,,,,,,,,,,,,,
09-12-2019 01:10,,,,,,,,,,,,,,
09-12-2019 01:20,,,,,,,,,,,,,,
09-12-2019 01:30,3.2,45,0,27.23,7.72,2.35,0,12.45,0,23.05,3.86,27.1,79,27.1
09-12-2019 01:40,3.6,33,0,27.22,7.71,2.38,0,10.93,0,27.72,3.86,27.1,82,27.1
09-12-2019 01:50,3,10,0,27.22,7.71,2.2,0,11.07,0,16.38,3.78,27.1,83,26.7
09-12-2019 02:00,2.7,5,0,27.2,7.71,2.62,0,11.07,0,46.98,3.78,27.1,84,26.7
09-12-2019 02:10,2.4,0,0,27.2,7.71,3.14,0,12.51,0,32.01,3.63,27.1,84,26.6
09-12-2019 02:20,3,59,0,27.19,7.71,2.82,0,25.9,0,57.45,3.71,27.07,84,27
09-12-2019 02:30,4,64,0,27.19,7.7,2.5,0,12.94,0,18.91,3.58,27.07,80,27
09-12-2019 02:40,3.6,67,0,27.19,7.69,2.63,0,12.16,0,20.58,3.7,27.08,80,27.2
09-12-2019 02:50,3.8,48,0,27.18,7.71,2.33,0,12.39,0,24.1,3.85,27.09,82,26.7
09-12-2019 03:00,3.4,48,0,27.18,7.73,6.39,0,15.43,0,31.84,4.2,27.1,81,27
09-12-2019 03:10,3.7,50,0,27.17,7.76,2.42,0,14.26,0,26.62,4.3,27.11,82,26.8
09-12-2019 03:20,3.5,53,0,27.21,7.73,2.5,0,16.99,0,58.64,3.86,27.12,79,26.8
09-12-2019 03:30,3.8,46,0,27.21,7.71,2.65,0,8.48,0,30.08,3.6,27.13,80,26.9
09-12-2019 03:40,4,47,0,27.22,7.73,2.44,0,24.86,0,55.92,3.82,27.15,79,26.9
09-12-2019 03:50,3.9,51,0,27.19,7.74,2.07,0,14.13,0,26.29,3.92,27.16,81,27
09-12-2019 04:00,4,57,0,27.17,7.75,2.27,0,34.62,0,59.73,4.03,27.17,76,27.1
09-12-2019 04:10,4.5,61,0,27.21,7.78,2.06,0,15.83,0,29.53,4.22,27.21,77,27.1
09-12-2019 04:20,4.7,66,0,27.26,7.83,2.45,0,12.96,0,27.23,4.55,27.25,78,27.1
09-12-2019 04:30,4.2,63,0,27.26,7.84,2.03,0,14.26,0,32.38,4.55,27.27,77,27.1
09-12-2019 04:40,4.7,67,0,27.23,7.82,2.29,0,12.75,0,21.77,4.39,27.26,76,27.1
09-12-2019 04:50,4.1,71,0,27.22,7.8,2.94,0,11.85,0,20.68,4.19,27.26,78,27.1
09-12-2019 05:00,3.6,77,0,27.2,7.78,1.99,0,14.49,0,40.49,3.99,27.26,78,27.1
09-12-2019 05:10,3.8,71,0,27.2,7.77,2.4,0,13.31,0,24.59,3.94,27.26,79,27.1
09-12-2019 05:20,3.9,72,0,27.18,7.77,2.42,0,28.32,0,60.06,3.91,27.26,78,27.1
09-12-2019 05:30,3.8,73,0,27.18,7.77,2.01,0,12.75,0,24.9,3.96,27.26,78,27.1
09-12-2019 05:40,3.6,68,0,27.18,7.77,2.06,0,7.95,0,14.92,3.75,27.26,78,27.1
09-12-2019 05:50,3.6,66,0,27.22,7.74,2.55,0,12.84,0,21.82,3.53,27.26,77,27.2
09-12-2019 06:00,4.3,65,0,27.2,7.73,2.22,0,13.06,0,19.62,3.45,27.25,76,27.2
09-12-2019 06:10,4.4,62,0,27.18,7.75,2.15,0,12.31,0,23.37,3.73,27.25,76,27.2
09-12-2019 06:20,4.6,58,0,27.19,7.76,2.16,0,8.98,0,20.97,3.76,27.26,77,27.2
09-12-2019 06:30,4.4,57,0,27.19,7.76,2.16,0,9.19,0,24.61,3.73,27.26,77,27.1
09-12-2019 06:40,4.7,60,0,27.16,7.77,2.56,0,11.6,0,27.35,3.89,27.25,77,27.1
09-12-2019 06:50,4.7,61,0,27.16,7.76,2.32,0,14.96,0,27.67,3.89,27.23,77,27.1
09-12-2019 07:00,4.4,62,0,27.16,7.78,2.1,0,14.96,0,26.45,4.1,27.23,76,27.2
09-12-2019 07:10,4.6,65,0,27.17,7.78,3.79,0,14.44,0,28.44,4.08,27.24,76,27.3
09-12-2019 07:20,4.3,70,0,27.17,7.78,3.59,0,19.18,0,40.27,4.01,27.24,76,27.3
09-12-2019 07:30,4.5,68,0,27.16,7.78,2.34,0,11.34,0,26.35,4.04,27.25,76,27.3
09-12-2019 07:40,4.7,68,0,27.16,7.77,2,0,9.06,0,15.68,3.89,27.25,76,27.4
09-12-2019 07:50,4.5,62,0,27.15,7.77,2.2,0,11.51,0,28.18,3.89,27.25,76,27.4
09-12-2019 08:00,4.2,67,0,27.15,7.78,2.45,0,10.08,0,24.23,4.13,27.24,74,27.5
09-12-2019 08:10,4.3,71,0,27.18,7.8,2.99,0,10.76,0,22.25,4.21,27.25,77,27.5
09-12-2019 08:20,4,68,0,27.19,7.8,2.72,0,9.28,0,18.9,4.26,27.26,76,27.6
09-12-2019 08:30,,,,,,,,,,,,,,
09-12-2019 08:40,,,,,,,,,,,,,,
09-12-2019 08:50,,,,,,,,,,,,,,
09-12-2019 09:00,4,67,0,27.22,7.84,2.19,0,13.06,0,35.54,4.76,27.25,75,27.7
09-12-2019 09:10,4,63,0,27.24,7.85,2.34,0,9.95,0,23.64,4.96,27.25,76,27.7
09-12-2019 09:20,4.2,62,0,27.26,7.86,2.12,0,9.02,0,18.33,5.07,27.25,75,27.7
09-12-2019 09:30,4.2,64,0,27.28,7.86,2.15,0,11.18,0,18.65,5.01,27.26,76,27.7
09-12-2019 09:40,4.5,63,0,27.31,7.87,2.32,0,8.7,0,19.51,5.16,27.26,76,27.7
09-12-2019 09:50,4.4,61,0,27.33,7.88,2.61,0,11.01,0,24.91,5.24,27.26,76,27.7
09-12-2019 10:00,4.2,61,0,27.37,7.88,2.35,0,9.39,0,17.04,5.18,27.27,75,27.7
09-12-2019 10:10,4.1,58,0,27.42,7.89,2.42,0,8.82,0,17.26,5.32,27.28,74,27.7
09-12-2019 10:20,4.2,60,0,27.46,7.9,2.26,0,12.21,0,21.06,5.43,27.27,76,27.9
09-12-2019 10:30,3.8,62,0,27.48,7.9,2.3,0,9.77,0,22.18,5.41,27.28,75,27.8
09-12-2019 10:40,3.9,53,0,27.5,7.91,2.32,0,9.31,0,14.07,5.58,27.28,75,27.9
09-12-2019 10:50,3.8,53,0,27.53,7.92,2.49,0,13.03,0,25.45,5.64,27.29,73,27.9
09-12-2019 11:00,3.6,58,0,27.61,7.94,3.69,0,9.74,0,25.06,5.87,27.31,73,27.8
09-12-2019 11:10,3.5,57,0,27.65,7.94,3,0,16.02,0,48.65,5.94,27.3,73,27.8
09-12-2019 11:20,3.5,53,0,27.71,7.95,2.31,0,7.2,0,12.25,5.92,27.3,74,27.9
09-12-2019 11:30,3.7,49,0,27.74,7.96,2.66,0,12.11,0,28.93,6.13,27.3,74,27.8
09-12-2019 11:40,3.7,48,0,27.69,7.94,2.44,0,11.95,0,19.35,6.04,27.3,74,27.7
09-12-2019 11:50,3.9,47,0,27.7,7.95,2.47,0,15.1,0,28.78,6.12,27.3,73,27.8
09-12-2019 12:00,3.6,55,0,27.7,7.95,2.48,0,9.39,0,24.12,5.99,27.29,73,27.9
09-12-2019 12:10,3.7,51,0,27.75,7.97,2.65,0,11.25,0,18.62,6.21,27.29,73,27.9
09-12-2019 12:20,3.8,50,0,27.76,7.96,2.57,0,9.62,0,19.35,6.15,27.28,74,27.7
09-12-2019 12:30,4.1,47,0,27.81,7.96,2.51,0,12.15,0,25.3,6.1,27.3,75,27.8
09-12-2019 12:40,3.9,53,0,27.85,7.97,3.43,0,15.75,0,24.68,6.15,27.3,73,28
09-12-2019 12:50,4,52,0,27.89,7.98,2.66,0,8.52,0,30.89,6.36,27.31,73,27.9
09-12-2019 13:00,4.2,50,0,27.89,7.97,2.62,0,11.35,0,30.38,6.23,27.31,73,27.9
09-12-2019 13:10,4.6,47,0,27.91,7.99,2.61,0,13.27,0,33.08,6.33,27.31,75,28
09-12-2019 13:20,4.6,44,0,27.91,8,2.69,0,14.44,0,32.88,6.47,27.31,75,27.9
09-12-2019 13:30,4.6,46,0,27.91,8.04,2.9,0,13.63,0,28.95,6.93,27.31,74,27.8
09-12-2019 13:40,4.6,45,0,27.85,8.02,2.89,0,15.18,0,39.29,6.77,27.31,74,27.8
09-12-2019 13:50,4.7,42,0,27.88,8.09,3.04,0,16.89,0,42.72,7.7,27.32,74,27.8
09-12-2019 14:00,4.5,48,0,27.86,8.1,2.68,0,15.94,0,37.27,7.67,27.32,73,27.8
09-12-2019 14:10,4.9,43,0,27.88,8.11,3.74,0,21.24,0,41.4,7.94,27.32,75,27.8
09-12-2019 14:20,4.8,46,0,27.85,8.1,2.85,0,18.35,0,39.96,7.74,27.32,73,27.7
09-12-2019 14:30,4.6,45,0,27.85,8.1,2.6,0,13.24,0,27.16,7.72,27.32,73,27.7
09-12-2019 14:40,4.8,46,0,27.8,8.1,2.72,0,17.27,0,38.22,7.81,27.32,73,27.7
09-12-2019 14:50,4.5,44,0,27.81,8.12,2.79,0,30.65,0,60.85,7.95,27.32,75,27.7
09-12-2019 15:00,4.7,45,0,27.79,8.05,4.08,0,16.26,0,40.83,6.98,27.31,74,27.8
09-12-2019 15:10,4.7,47,0,27.72,8.07,2.99,0,21.95,0,51.84,7.38,27.32,75,27.9
09-12-2019 15:20,5.1,45,0,27.79,8.12,2.74,0,24.67,0,60.75,8.16,27.33,75,27.7
09-12-2019 15:30,4.9,49,0,27.8,8.13,2.94,0,19.1,0,49.77,8.24,27.33,74,27.7
09-12-2019 15:40,4.9,50,0,27.77,8.13,2.55,0,34.48,0,64.49,8.24,27.33,76,27.7
09-12-2019 15:50,4.7,47,0,27.73,8.11,3.31,0,35.6,0,48.99,8.07,27.32,76,27.7
09-12-2019 16:00,4.9,52,0,27.73,8.15,2.69,0,18.85,0,36.53,8.61,27.33,74,27.7
09-12-2019 16:10,4.9,46,0,27.7,8.16,2.91,0,33.42,0,60.44,8.78,27.32,74,27.6
09-12-2019 16:20,5.2,46,0,27.66,8.15,3.19,0,35.93,0,69.55,8.49,27.32,74,27.6
09-12-2019 16:30,5.4,45,0,27.62,8.14,2.66,0,37.4,0,69.79,8.59,27.33,74,27.6
09-12-2019 16:40,5,50,0,27.62,8.16,3.45,0,43.17,0,72.43,8.72,27.33,75,27.7
09-12-2019 16:50,5.2,49,0,27.6,8.14,2.99,0,30.84,0,73.05,8.39,27.33,73,27.6
09-12-2019 17:00,5.5,43,0,27.59,8.09,3.36,0,24.58,0,53,7.66,27.32,71,27.5
09-12-2019 17:10,5.5,46,0,27.57,8.07,3.75,0,30.74,0,56.79,7.28,27.32,73,27.5
09-12-2019 17:20,5.7,44,0,27.56,8.07,2.7,0,45.3,0,109.38,7.38,27.32,72,27.5
09-12-2019 17:30,5.4,45,0,27.56,8.03,2.63,0,38,0,87.71,6.82,27.3,72,27.4
09-12-2019 17:40,5.2,49,0,27.55,8,2.73,0,37.33,0,78.83,6.55,27.3,75,27.6
09-12-2019 17:50,5.1,45,0,27.54,7.99,2.82,0,26.11,0,96.13,6.38,27.29,73,27.4
09-12-2019 18:00,4.8,50,0,27.52,8,2.59,0,26.78,0,60.11,6.51,27.3,76,27.5
09-12-2019 18:10,4.8,48,0,27.54,7.99,2.61,0,32.47,0,63.16,6.48,27.28,75,27.4
09-12-2019 18:20,4.5,54,0,27.57,7.95,2.82,0,38.59,0,82.81,6.14,27.28,75,27.5
09-12-2019 18:30,4.4,58,0,27.58,7.95,2.59,0,31.17,0,80.4,6,27.27,75,27.4
09-12-2019 18:40,4.3,55,0,27.61,7.95,2.66,0,34.73,0,100.97,6.02,27.27,76,27.4
09-12-2019 18:50,4.6,59,0,27.6,7.93,2.9,0,30.24,0,69.92,5.7,27.27,76,27.5
09-12-2019 19:00,5.4,51,0,27.6,7.94,2.79,0,21.53,0,51.02,5.75,27.28,74,27.5
09-12-2019 19:10,5.4,48,0,27.6,7.95,2.68,0,30.44,0,67.82,5.73,27.28,76,27.5
09-12-2019 19:20,5.7,45,0,27.6,7.96,2.86,0,22.48,0,50.6,5.96,27.29,74,27.5
09-12-2019 19:30,5,48,0,27.63,8,2.57,0,19.28,0,48.13,6.4,27.3,75,27.5
09-12-2019 19:40,5,48,0,27.65,8.03,5.21,0,28.54,0,59.64,6.87,27.29,76,27.5
09-12-2019 19:50,4.9,49,0,27.65,8.03,2.86,0,32.27,0,66.9,6.96,27.29,78,27.4
09-12-2019 20:00,5.3,46,0,27.65,8.03,2.91,0,39.41,0,78.02,6.89,27.29,75,27.4
09-12-2019 20:10,4.9,48,0,27.65,8.03,2.98,0,20.82,0,55.64,6.76,27.29,77,27.5
09-12-2019 20:20,5.1,42,0,27.64,8.03,2.56,0,34.48,0,87.3,6.89,27.29,75,27.4
09-12-2019 20:30,4.9,48,0,27.62,8.04,2.81,0,27.1,0,75.09,7.01,27.29,77,27.4
09-12-2019 20:40,4.9,47,0,27.61,8.04,2.98,0,33.52,0,82.51,7.04,27.29,77,27.4
09-12-2019 20:50,4.9,48,0,27.6,8.04,3.02,0,34.9,0,82.23,6.97,27.29,77,27.4
09-12-2019 21:00,4.9,57,0,27.59,8.03,2.84,0,33.16,0,69.76,6.94,27.3,76,27.5
09-12-2019 21:10,5,52,0,27.59,8.02,2.86,0,25.8,0,60.92,6.87,27.29,75,27.4
09-12-2019 21:20,5.1,49,0,27.58,8.02,2.69,0,24.38,0,53.53,6.84,27.3,76,27.5
09-12-2019 21:30,5,52,0,27.58,8.01,2.75,0,23.7,0,56.83,6.62,27.3,77,27.5
09-12-2019 21:40,5.2,48,0,27.57,8,2.93,0,28.57,0,68.98,6.42,27.3,76,27.5
09-12-2019 21:50,5.2,49,0,27.57,7.98,2.72,0,31.2,0,78.11,6.36,27.3,78,27.4
09-12-2019 22:00,4.6,54,0,27.56,8,2.85,0,34.18,0,81.54,6.51,27.31,77,27.4
09-12-2019 22:10,4.5,53,0,27.56,7.98,2.7,0,35.34,0,79.58,6.34,27.31,76,27.4
09-12-2019 22:20,4.4,53,0,27.56,7.96,2.85,0,31.54,0,58.9,6.08,27.31,78,27.4
09-12-2019 22:30,4.5,51,0,27.54,7.94,3.71,0,28.11,0,61.81,5.83,27.31,75,27.4
09-12-2019 22:40,4.3,51,0,27.53,7.93,3.18,0,24.41,0,39.18,5.62,27.31,77,27.4
09-12-2019 22:50,4.9,48,0,27.53,7.92,3.46,0,28.03,0,81.09,5.61,27.31,78,27.3
09-12-2019 23:00,5.1,52,0,27.53,7.92,3.76,0,39.65,0,67.21,5.58,27.31,76,27.3
09-12-2019 23:10,5,50,0,27.53,7.93,3.37,0,26.58,0,66.04,5.56,27.31,74,27.4
09-12-2019 23:20,4.6,53,0,27.53,7.92,3.36,0,32.47,0,57.2,5.54,27.32,76,27.3
09-12-2019 23:30,4.4,54,0,27.52,7.92,2.85,0,22.99,0,54.32,5.63,27.32,75,27.3
09-12-2019 23:40,4.2,59,0,27.52,7.91,3.2,0,18.19,0,39,5.5,27.32,74,27.3
09-12-2019 23:50,3.7,60,0,27.51,7.9,2.85,0,20.86,0,59.01,5.36,27.32,77,27.3
10-12-2019 00:00,3.7,63,0,27.49,7.89,3.35,0,28.55,0,74.8,5.3,27.31,76,27.2
10-12-2019 00:10,5.4,52,0,27.49,7.88,2.88,0,22.56,0,46.07,5.2,27.31,84,26
10-12-2019 00:20,4.3,62,0,27.47,7.92,3.08,0,24.99,0,68.76,5.34,27.29,82,26.4
10-12-2019 00:30,2.5,85,0,27.46,7.9,3.12,0,26.57,0,73.87,5.28,27.27,81,26.5
10-12-2019 00:40,3.8,56,0,27.48,7.89,3.03,0,17.93,0,39.37,5.1,27.29,79,26.9
10-12-2019 00:50,4.2,53,0,27.47,7.89,3.57,0,21.41,0,47.84,5.07,27.29,79,27
10-12-2019 01:00,3.9,56,0,27.47,7.88,3.01,0,18.06,0,34.49,4.95,27.29,79,27
10-12-2019 01:10,4.4,46,0,27.47,7.89,3.11,0,18.72,0,39.15,5.03,27.3,81,27.1
10-12-2019 01:20,5.3,51,0,27.48,7.89,3.16,0,24.96,0,62.24,5.16,27.31,79,27
10-12-2019 01:30,5.1,52,0,27.48,7.9,2.9,0,22.07,0,47.17,5.23,27.31,80,27
10-12-2019 01:40,5.4,47,0,27.48,7.89,2.72,0,22.51,0,43.01,5.3,27.32,79,26.9
10-12-2019 01:50,5.5,50,0,27.49,7.9,2.58,0,24.79,0,50.34,5.21,27.32,79,27.1
10-12-2019 02:00,5.1,53,0,27.49,7.89,2.74,0,24.3,0,89.47,5.2,27.33,81,27
10-12-2019 02:10,5.6,51,0,27.47,7.88,2.68,0,17.2,0,39.33,5.1,27.32,80,27
10-12-2019 02:20,5.2,48,0,27.45,7.87,2.73,0,25.43,0,56.08,4.97,27.32,80,27
10-12-2019 02:30,5.2,50,0,27.45,7.85,2.4,0,19.74,0,38.78,4.86,27.32,79,27
10-12-2019 02:40,5,53,0,27.44,7.85,2.47,0,12.31,0,24.24,4.77,27.32,77,26.9
10-12-2019 02:50,5,52,0,27.43,7.86,2.54,0,12.33,0,42.18,4.84,27.32,79,27
10-12-2019 03:00,5,57,0,27.42,7.86,2.6,0,16.77,0,31.56,4.96,27.31,77,27
10-12-2019 03:10,5.1,57,0,27.42,7.88,5.26,0,17.4,0,46.58,5.13,27.32,75,27
10-12-2019 03:20,4.5,57,0,27.41,7.87,2.5,0,23.23,0,37.08,5,27.32,74,27
10-12-2019 03:30,4.7,53,0,27.4,7.86,2.22,0,17.5,0,38.09,4.95,27.32,74,27
10-12-2019 03:40,4.5,57,0,27.39,7.89,2.57,0,20.2,0,44.45,5.22,27.32,76,27
10-12-2019 03:50,4.7,58,0,27.38,7.89,2.19,0,18.47,0,46.83,5.26,27.33,75,26.9
10-12-2019 04:00,4.6,53,0,27.37,7.9,2.19,0,21.79,0,51.4,5.29,27.33,77,27
10-12-2019 04:10,4.7,57,0,27.37,7.9,2.52,0,18.36,0,43.89,5.32,27.33,77,26.9
10-12-2019 04:20,4.3,60,0,27.37,7.9,2.21,0,20.75,0,42.42,5.35,27.33,75,26.9
10-12-2019 04:30,4.5,59,0,27.36,7.89,2.28,0,20.36,0,43.74,5.24,27.33,77,26.9
10-12-2019 04:40,4.5,55,0,27.37,7.89,2.85,0,21.17,0,38.8,5.19,27.33,74,26.8
10-12-2019 04:50,4.3,57,0,27.36,7.89,2.05,0,20.51,0,49.44,5.18,27.33,75,27
10-12-2019 05:00,3.9,58,0,27.35,7.88,2.16,0,22.03,0,36.28,5.16,27.33,73,26.8
10-12-2019 05:10,4.1,55,0,27.35,7.88,2.24,0,15.52,0,52.27,5.07,27.34,74,26.9
10-12-2019 05:20,4.2,56,0,27.36,7.88,2.6,0,21.49,0,44.26,5.2,27.34,74,26.9
10-12-2019 05:30,4.2,55,0,27.36,7.88,2.3,0,20.53,0,35.39,5.06,27.35,73,26.8
10-12-2019 05:40,4.3,68,0,27.35,7.87,2.75,0,18.74,0,33.62,5.09,27.35,76,26.9
10-12-2019 05:50,4.2,63,0,27.34,7.88,2.49,0,18.02,0,48.28,5.1,27.35,78,26.9
10-12-2019 06:00,4.5,61,0,27.39,7.93,2.36,0,24.15,0,50.3,5.54,27.36,77,26.9
10-12-2019 06:10,4.4,58,0,27.39,7.93,2.29,0,22.21,0,40.16,5.43,27.37,77,26.9
10-12-2019 06:20,4.5,58,0,27.39,7.92,2.53,0,16.5,0,34.59,5.28,27.36,77,26.8
10-12-2019 06:30,4.7,52,0,27.37,7.9,2.51,0,18.48,0,37.14,5.13,27.36,77,26.9
10-12-2019 06:40,4.6,52,0,27.36,7.91,2.78,0,23.46,0,56.45,5.19,27.36,73,26.8
10-12-2019 06:50,4.6,52,0,27.32,7.87,2.73,0,25.95,0,66.31,4.84,27.35,72,26.9
10-12-2019 07:00,4.7,52,0,27.31,7.86,2.8,0,21.85,0,49.73,4.83,27.35,74,26.9
10-12-2019 07:10,4.6,51,0,27.31,7.86,2.33,0,14.9,0,39.44,4.82,27.35,75,27
10-12-2019 07:20,4.6,44,0,27.29,7.85,2.44,0,14.46,0,26.78,4.79,27.35,72,27.1
10-12-2019 07:30,4.4,45,0,27.32,7.86,2.93,0,14.72,0,29.2,4.97,27.35,75,27
10-12-2019 07:40,4.6,47,0,27.36,7.91,3.84,0,13.04,0,24.08,5.24,27.36,76,27.1
10-12-2019 07:50,4.8,41,0,27.35,7.89,2.28,0,16.23,0,29.17,5.15,27.35,75,27.1
10-12-2019 08:00,4.4,46,0,27.34,7.88,2.2,0,12.57,0,26.72,5.11,27.35,77,27.1
10-12-2019 08:10,4.4,43,0,27.33,7.89,2.32,0,13.69,0,33.66,5.14,27.35,76,27.1
10-12-2019 08:20,4.6,40,0,27.35,7.89,3.17,0,9.26,0,16.64,5.23,27.35,76,27
10-12-2019 08:30,4.8,43,0,27.34,7.89,2.76,0,11.79,0,25.06,5.24,27.34,76,27.1
10-12-2019 08:40,5,42,0,27.37,7.91,2.35,0,20.69,0,33.22,5.48,27.35,76,27.2
10-12-2019 08:50,4.9,43,0,27.4,7.93,2.36,0,16.4,0,36.87,5.53,27.36,75,27.3
10-12-2019 09:00,4.6,46,0,27.42,7.93,2.35,0,12.54,0,23.45,5.63,27.35,77,27.4
10-12-2019 09:10,4.6,45,0,27.39,7.91,2.21,0,12.45,0,29.52,5.43,27.35,75,27.3
10-12-2019 09:20,4.5,44,0,27.4,7.94,2.28,0,13.1,0,24.97,5.75,27.35,77,27.4
10-12-2019 09:30,4.7,41,0,27.44,7.95,2.35,0,14.57,0,27.66,5.81,27.35,77,27.5
10-12-2019 09:40,4.8,43,0,27.44,7.93,2.48,0,12.58,0,27.31,5.82,27.35,77,27.4
10-12-2019 09:50,5.2,39,0,27.44,7.92,2.28,0,12.6,0,23.97,5.58,27.35,74,27.4
10-12-2019 10:00,5,43,0,27.46,7.92,2.69,0,10.78,0,22.29,5.72,27.35,75,27.4
10-12-2019 10:10,5.2,41,0,27.47,7.94,2.33,0,9.51,0,19.82,5.87,27.34,76,27.5
10-12-2019 10:20,5.2,42,0,27.49,7.94,2.23,0,9.83,0,17.43,5.85,27.34,75,27.4
10-12-2019 10:30,5.9,37,0,27.48,7.94,4.15,0,12.7,0,28.25,5.82,27.34,76,27.3
10-12-2019 10:40,5.9,37,0,27.49,7.94,2.59,0,12.21,0,26.08,5.89,27.34,76,27.3
10-12-2019 10:50,5.7,37,0,27.49,7.94,2.47,0,9.69,0,18.79,5.85,27.34,74,27.4
10-12-2019 11:00,5.9,38,0,27.5,7.94,2.49,0,11.42,0,29.67,5.79,27.34,76,27.5
10-12-2019 11:10,5.7,38,0,27.52,7.93,2.42,0,10.5,0,22.16,5.8,27.34,75,27.4
10-12-2019 11:20,5.4,42,0,27.55,7.92,2.77,0,12.09,0,25.07,5.8,27.34,76,27.5
10-12-2019 11:30,6,31,0,27.57,7.95,2.42,0,14.98,0,26.2,6.15,27.35,78,27.3
10-12-2019 11:40,5.5,30,0,27.6,7.97,2.54,0,12.85,0,30.48,6.28,27.35,80,27.3
10-12-2019 11:50,,,,,,,,,,,,,,
10-12-2019 12:00,,,,,,,,,,,,,,
10-12-2019 12:10,,,,,,,,,,,,,,
10-12-2019 12:20,,,,,,,,,,,,,,
10-12-2019 12:30,,,,,,,,,,,,,,
10-12-2019 12:40,,,,,,,,,,,,,,
10-12-2019 12:50,6.9,31,0,27.61,7.98,2.86,0,16.21,0,36.76,6.25,27.35,76,27.2
10-12-2019 13:00,,,,,,,,,,,,,,
10-12-2019 13:10,6.8,35,0,27.64,7.97,2.61,0,10.88,0,20.17,5.74,27.36,76,27.3
10-12-2019 13:20,7.3,29,0,27.65,7.96,2.63,0,8.75,0,17.35,5.8,27.35,76,27.4
10-12-2019 13:30,7.3,26,0,27.67,7.96,2.44,0,13.47,0,36.84,5.79,27.37,76,27.4
10-12-2019 13:40,6.8,29,0,27.66,7.96,2.85,0,11.86,0,16.79,5.76,27.37,76,27.3
10-12-2019 13:50,7.3,36,0,27.62,7.97,3.19,0,10.96,0,26,5.64,27.37,78,27.3
10-12-2019 14:00,7.1,31,0,27.63,7.97,2.84,0,11.1,0,27.07,5.9,27.38,77,27.2
10-12-2019 14:10,6.8,33,0,27.58,7.97,2.85,0,13.32,0,27.28,5.82,27.38,78,27.3
10-12-2019 14:20,6.8,35,0,27.6,7.98,2.57,0,11.65,0,23.61,5.93,27.39,75,27.4
10-12-2019 14:30,6.7,39,0,27.62,7.98,2.99,0,13.27,0,26.54,5.92,27.39,78,27.4
10-12-2019 14:40,6.7,34,0,27.62,7.98,3.14,0,11.06,0,20.93,5.86,27.39,77,27.4
10-12-2019 14:50,6.6,34,0,27.64,7.99,3.6,0,10.19,0,17.25,5.83,27.39,76,27.4
10-12-2019 15:00,5.8,41,0,27.64,8,3.19,0,10.99,0,23.79,6.02,27.38,75,27.4
10-12-2019 15:10,5.9,38,0,27.65,8.02,3.04,0,11.59,0,29.7,6.46,27.39,76,27.5
10-12-2019 15:20,5.9,35,0,27.67,8.03,2.82,0,12.13,0,37.77,6.48,27.39,77,27.4
10-12-2019 15:30,6.1,32,0,27.71,8.11,3.36,0,14.87,0,28.55,7.57,27.39,79,27.5
10-12-2019 15:40,6,39,0,27.71,8.12,3.08,0,24.54,0,50.08,7.6,27.39,75,27.4
10-12-2019 15:50,5.9,41,0,27.7,8.12,3,0,17.67,0,53.5,7.72,27.39,75,27.5
10-12-2019 16:00,6,39,0,27.69,8.11,3.78,0,17.46,0,41.37,7.54,27.39,75,27.5
10-12-2019 16:10,5.9,41,0,27.68,8.12,3.14,0,17.64,0,52.96,7.8,27.39,71,27.6
10-12-2019 16:20,5.8,45,0,27.67,8.12,3.02,0,19.25,0,30.47,7.67,27.39,72,27.5
10-12-2019 16:30,5.4,44,0,27.67,8.1,2.87,0,20.68,0,41.61,7.45,27.39,74,27.6
10-12-2019 16:40,5.5,44,0,27.64,8.09,3.05,0,17.81,0,40.82,7.26,27.39,71,27.5
10-12-2019 16:50,5.5,41,0,27.63,8.06,2.91,0,14.95,0,41.27,6.98,27.39,72,27.5
10-12-2019 17:00,5.3,43,0,27.61,8.06,3.07,0,15.8,0,26.84,6.89,27.39,71,27.5
10-12-2019 17:10,5.3,41,0,27.6,8.07,3.73,0,26.63,0,42.99,7.04,27.39,72,27.5
10-12-2019 17:20,5.1,46,0,27.59,8.04,3.28,0,14.04,0,24.59,6.53,27.38,70,27.5
10-12-2019 17:30,5.2,45,0,27.59,8.05,2.79,0,26,0,51.77,6.87,27.39,70,27.5
10-12-2019 17:40,5.5,44,0,27.58,8.04,2.8,0,24.41,0,54.76,6.68,27.39,69,27.4
10-12-2019 17:50,5.6,42,0,27.57,8.04,3.28,0,15.73,0,33.3,6.67,27.39,72,27.4
10-12-2019 18:00,5.4,44,0,27.56,8.03,3.39,0,15.85,0,49.14,6.63,27.39,71,27.3
10-12-2019 18:10,5.3,44,0,27.57,8.02,2.69,0,21.47,0,45.73,6.38,27.37,72,27.4
10-12-2019 18:20,5,48,0,27.58,8,3.16,0,15.21,0,39.99,6.27,27.37,70,27.4
10-12-2019 18:30,5.1,46,0,27.57,7.97,2.77,0,11.18,0,16.15,5.91,27.37,71,27.4
10-12-2019 18:40,5.2,48,0,27.55,7.97,3.04,0,14.17,0,24.55,5.9,27.37,73,27.4
10-12-2019 18:50,5.3,45,0,27.54,7.96,2.96,0,12.43,0,23.77,5.78,27.36,74,27.4
10-12-2019 19:00,5.2,46,0,27.54,7.95,2.82,0,12.16,0,26.13,5.61,27.36,72,27.4
10-12-2019 19:10,5,49,0,27.53,7.94,2.69,0,11.96,0,24.14,5.52,27.36,70,27.3
10-12-2019 19:20,5.2,53,0,27.53,7.95,2.6,0,11.74,0,23.24,5.59,27.37,71,27.3
10-12-2019 19:30,5.1,51,0,27.53,7.95,3.66,0,10.84,0,23.55,5.7,27.37,69,27.3
10-12-2019 19:40,4.8,51,0,27.53,7.96,3.28,0,11.92,0,23.42,5.89,27.37,71,27.3
10-12-2019 19:50,5,53,0,27.52,7.96,2.59,0,12.15,0,22.02,5.79,27.37,71,27.3
10-12-2019 20:00,4.7,55,0,27.51,7.95,2.85,0,12.58,0,23.84,5.84,27.36,71,27.3
10-12-2019 20:10,4.7,56,0,27.5,7.94,2.79,0,10.35,0,23.11,5.73,27.36,75,27.3
10-12-2019 20:20,4.7,56,0,27.5,7.93,3.06,0,14.64,0,37.7,5.67,27.36,73,27.2
10-12-2019 20:30,4.7,51,0,27.5,7.95,2.55,0,15.3,0,31.79,5.88,27.36,73,27.2
10-12-2019 20:40,4.9,55,0,27.5,7.95,2.73,0,13.03,0,34.35,5.88,27.36,73,27.2
10-12-2019 20:50,5.1,55,0,27.5,7.95,2.42,0,12.04,0,28.47,5.85,27.36,73,27.2
10-12-2019 21:00,4.6,50,0,27.51,7.95,2.73,0,11.24,0,35.31,5.78,27.37,74,27.2
10-12-2019 21:10,4.8,53,0,27.52,7.95,3.24,0,24.68,0,71.8,5.81,27.37,71,27.2
10-12-2019 21:20,4.7,56,0,27.49,7.93,3.06,0,17.53,0,36.53,5.7,27.37,73,27.2
10-12-2019 21:30,4.2,58,0,27.49,7.93,2.89,0,14.53,0,31.23,5.65,27.36,74,27.2
10-12-2019 21:40,4.5,62,0,27.49,7.92,3.13,0,19.33,0,37.96,5.72,27.37,74,27.2
10-12-2019 21:50,4.7,56,0,27.49,7.92,3.34,0,12.67,0,22.77,5.55,27.37,72,27.2
10-12-2019 22:00,4.3,59,0,27.49,7.91,2.87,0,12.12,0,23.94,5.56,27.37,73,27.2
10-12-2019 22:10,4.4,53,0,27.49,7.92,2.96,0,13.65,0,26.86,5.5,27.37,76,27.2
10-12-2019 22:20,4.6,57,0,27.49,7.91,3.66,0,11.2,0,22.27,5.44,27.37,74,27.1
10-12-2019 22:30,4.5,60,0,27.49,7.91,2.86,0,12.06,0,24.75,5.37,27.37,75,27.2
10-12-2019 22:40,4.3,59,0,27.49,7.92,2.93,0,10.33,0,15.42,5.47,27.37,75,27.1
10-12-2019 22:50,4.2,62,0,27.49,7.91,2.74,0,8.96,0,17.55,5.3,27.37,74,27.1
10-12-2019 23:00,4.3,61,0,27.48,7.91,2.85,0,11.35,0,27.17,5.29,27.37,73,27.1
10-12-2019 23:10,4.3,56,0,27.48,7.9,2.79,0,10.89,0,24.51,5.28,27.37,73,27
10-12-2019 23:20,4.2,51,0,27.47,7.9,2.89,0,11.78,0,18.55,5.31,27.37,74,27
10-12-2019 23:30,4.2,46,0,27.47,7.89,2.54,0,9.31,0,19.14,5.24,27.37,74,27
10-12-2019 23:40,4.1,53,0,27.46,7.89,3.08,0,7.71,0,13.54,5.2,27.37,75,27
10-12-2019 23:50,4.1,53,0,27.46,7.88,2.88,0,12.52,0,31.72,5.1,27.37,75,27
11-12-2019 00:00,4.5,46,0,27.45,7.88,2.69,0,12.88,0,21.28,4.97,27.37,76,27
11-12-2019 00:10,0,0,0,,,0,0,,0,0,,,,
11-12-2019 00:20,0,0,0,,,0,0,,0,0,,,,
11-12-2019 00:30,0,0,0,,,0,0,,0,0,,,,
11-12-2019 00:40,0,0,0,,,0,0,,0,0,,,,
11-12-2019 00:50,0,0,0,,,0,0,,0,0,,,,
11-12-2019 01:00,0,0,0,,,0,0,,0,0,,,,
11-12-2019 01:10,0,0,0,,,0,0,,0,0,,,,
11-12-2019 01:20,0,0,0,,,0,0,,0,0,,,,
11-12-2019 01:30,0,0,0,,,0,0,,0,0,,,,
11-12-2019 01:40,0,0,0,,,0,0,,0,0,,,,
11-12-2019 01:50,0,0,0,,,0,0,,0,0,,,,
11-12-2019 02:00,0,0,0,,,0,0,,0,0,,,,
11-12-2019 02:10,0,0,0,,,0,0,,0,0,,,,
11-12-2019 02:20,0,0,0,,,0,0,,0,0,,,,
11-12-2019 02:30,0,0,0,,,0,0,,0,0,,,,
11-12-2019 02:40,0,0,0,,,0,0,,0,0,,,,
11-12-2019 02:50,0,0,0,,,0,0,,0,0,,,,
11-12-2019 03:00,0,0,0,,,0,0,,0,0,,,,
11-12-2019 03:10,0,0,0,,,0,0,,0,0,,,,
11-12-2019 03:20,0,0,0,,,0,0,,0,0,,,,
11-12-2019 03:30,0,0,0,,,0,0,,0,0,,,,
11-12-2019 03:40,0,0,0,,,0,0,,0,0,,,,
11-12-2019 03:50,0,0,0,,,0,0,,0,0,,,,
11-12-2019 04:00,0,0,0,,,0,0,,0,0,,,,
11-12-2019 04:10,0,0,0,,,0,0,,0,0,,,,
11-12-2019 04:20,0,0,0,,,0,0,,0,0,,,,
11-12-2019 04:30,0,0,0,,,0,0,,0,0,,,,
11-12-2019 04:40,0,0,0,,,0,0,,0,0,,,,
11-12-2019 04:50,0,0,0,,,0,0,,0,0,,,,
11-12-2019 05:00,0,0,0,,,0,0,,0,0,,,,
11-12-2019 05:10,0,0,0,,,0,0,,0,0,,,,
11-12-2019 05:20,0,0,0,,,0,0,,0,0,,,,
11-12-2019 05:30,0,0,0,,,0,0,,0,0,,,,
11-12-2019 05:40,0,0,0,,,0,0,,0,0,,,,
11-12-2019 05:50,0,0,0,,,0,0,,0,0,,,,
11-12-2019 06:00,0,0,0,,,0,0,,0,0,,,,
11-12-2019 06:10,0,0,0,,,0,0,,0,0,,,,
11-12-2019 06:20,0,0,0,,,0,0,,0,0,,,,
11-12-2019 06:30,0,0,0,,,0,0,,0,0,,,,
11-12-2019 06:40,0,0,0,,,0,0,,0,0,,,,
11-12-2019 06:50,0,0,0,,,0,0,,0,0,,,,
11-12-2019 07:00,0,0,0,,,0,0,,0,0,,,,
11-12-2019 07:10,0,0,0,,,0,0,,0,0,,,,
11-12-2019 07:20,0,0,0,,,0,0,,0,0,,,,
11-12-2019 07:30,0,0,0,,,0,0,,0,0,,,,
11-12-2019 07:40,0,0,0,,,0,0,,0,0,,,,
11-12-2019 07:50,0,0,0,,,0,0,,0,0,,,,
11-12-2019 08:00,0,0,0,,,0,0,,0,0,,,,
11-12-2019 08:10,0,0,0,,,0,0,,0,0,,,,
11-12-2019 08:20,0,0,0,,,0,0,,0,0,,,,
11-12-2019 08:30,0,0,0,,,0,0,,0,0,,,,
11-12-2019 08:40,0,0,0,,,0,0,,0,0,,,,
11-12-2019 08:50,0,0,0,,,0,0,,0,0,,,,
11-12-2019 09:00,0,0,0,,,0,0,,0,0,,,,
11-12-2019 09:10,0,0,0,,,0,0,,0,0,,,,
11-12-2019 09:20,0,0,0,,,0,0,,0,0,,,,
11-12-2019 09:30,0,0,0,,,0,0,,0,0,,,,
11-12-2019 09:40,0,0,0,,,0,0,,0,0,,,,
11-12-2019 09:50,0,0,0,,,0,0,,0,0,,,,
11-12-2019 10:00,4.4,31,0,27.44,7.99,2.35,0,7.17,0,13.98,6.08,27.42,73,26.9
11-12-2019 10:10,4,29,0,27.45,7.99,2.42,0,7.24,0,6.72,6.08,27.42,74,27
11-12-2019 10:20,3.9,38,0,27.46,7.98,2.17,0,6.76,0,11.77,5.99,27.42,77,27
11-12-2019 10:30,4.7,37,0,27.5,7.97,2.29,0,4.89,0,7.44,5.8,27.42,75,27
11-12-2019 10:40,5,37,0,27.51,7.97,2.55,0,5.29,0,11.67,5.84,27.42,71,27
11-12-2019 10:50,5.3,34,0,27.5,7.96,2.55,0,10.46,0,9.58,5.7,27.42,73,27.1
11-12-2019 11:00,5.4,35,0,27.5,7.95,2.44,0,4.85,0,6.29,5.59,27.43,74,27
11-12-2019 11:10,5.6,36,0,27.52,7.96,2.96,0,5.58,0,9.88,5.7,27.44,74,27.3
11-12-2019 11:20,5.5,34,0,27.52,7.99,2.1,0,5.69,0,9.7,5.81,27.46,72,27.1
11-12-2019 11:30,5.4,37,0,27.52,7.97,2.09,0,6.26,0,16.67,5.67,27.45,73,27.1
11-12-2019 11:40,5.4,37,0,27.52,7.96,2.39,0,5.44,0,8.75,5.62,27.45,73,27.1
11-12-2019 11:50,5.7,38,0,27.55,7.97,2.45,0,5.7,0,5.16,5.72,27.46,75,27.2
11-12-2019 12:00,5.5,41,0,27.56,7.98,2.35,0,4.68,0,6.82,5.73,27.46,73,27.1
11-12-2019 12:10,6,37,0,27.58,7.98,2.6,0,6.15,0,9.21,5.83,27.47,75,27.1
11-12-2019 12:20,6,38,0,27.58,7.99,2.22,0,5.69,0,8.44,5.76,27.47,72,27.2
11-12-2019 12:30,6.2,41,0,27.57,7.99,2.87,0,5.25,0,7.87,5.62,27.46,74,27.3
11-12-2019 12:40,6.2,40,0,27.58,7.98,2.39,0,5.45,0,8.63,5.86,27.48,74,27.1
11-12-2019 12:50,6.3,34,0,27.59,8,2.47,0,5.52,0,7.29,5.82,27.48,74,27.1
11-12-2019 13:00,5.7,26,0,27.61,8,2.25,0,4.9,0,8,5.92,27.48,77,27
11-12-2019 13:10,5.4,25,0,27.64,7.99,2.6,0,4.48,0,5.91,5.73,27.47,78,27
11-12-2019 13:20,5.2,26,0,27.68,7.98,2.55,0,4.76,0,4.99,5.93,27.45,77,26.9
11-12-2019 13:30,5.2,23,0,27.71,8.01,2.33,0,4.83,0,7.49,6.21,27.44,77,26.9
11-12-2019 13:40,5,22,0,27.78,8.02,2.08,0,4.78,0,7.93,6.19,27.44,77,27.1
11-12-2019 13:50,5.3,26,0,27.85,8,2.34,0,3.84,0,4.33,5.99,27.45,75,27.1
11-12-2019 14:00,5.3,26,0,27.84,7.99,2.55,0,4.33,0,6.97,6.09,27.46,74,27.2
11-12-2019 14:10,5.3,24,0,27.9,7.99,2.32,0,5.13,0,7.19,6.1,27.46,76,27.1
11-12-2019 14:20,5.3,30,0,27.91,8.02,2.1,0,4.54,0,6.88,6.22,27.46,74,27.1
11-12-2019 14:30,5.4,24,0,27.89,8.01,2.61,0,5.33,0,9.84,6.35,27.46,75,27
11-12-2019 14:40,5.2,27,0,27.86,8.02,2.64,0,6.3,0,7.84,6.26,27.47,75,27.1
11-12-2019 14:50,5.6,24,0,27.83,8.08,2.58,0,10.46,0,25.91,7,27.48,78,27.1
11-12-2019 15:00,5.4,27,0,27.83,8.1,2.58,0,9.58,0,14.26,7.16,27.48,75,27
11-12-2019 15:10,5.8,29,0,27.8,8.09,2.76,0,8.84,0,13.73,6.89,27.49,76,27.1
11-12-2019 15:20,5.3,29,0,27.77,8.08,3.84,0,10.86,0,40.38,6.93,27.51,76,27
11-12-2019 15:30,5.9,26,0,27.77,8.09,3.08,0,13.21,0,25.38,6.97,27.51,77,27
11-12-2019 15:40,6,24,0,27.83,8.11,2.78,0,9.66,0,14.78,7.04,27.49,78,27.2
11-12-2019 15:50,6,23,0,27.84,8.12,2.5,0,8.95,0,17.42,7.06,27.49,76,27
11-12-2019 16:00,6.4,29,0,27.77,8.11,2.48,0,9,0,17.48,7.04,27.51,77,27
11-12-2019 16:10,6.2,25,0,27.76,8.11,2.6,0,16.19,0,34.47,6.95,27.5,79,27.1
11-12-2019 16:20,6.2,25,0,27.77,8.1,2.89,0,14.24,0,30.98,6.99,27.5,77,27.1
11-12-2019 16:30,6.4,30,0,27.78,8.1,2.56,0,11.2,0,29.36,6.91,27.49,75,27
11-12-2019 16:40,6.2,28,0,27.77,8.08,3.04,0,7.65,0,17.26,6.83,27.49,78,27
11-12-2019 16:50,6,30,0,27.71,8.07,2.76,0,9.39,0,16.99,6.54,27.5,78,27.1
11-12-2019 17:00,6.2,28,0,27.72,8.07,2.68,0,10.88,0,25.02,6.43,27.5,77,27
11-12-2019 17:10,6.1,26,0,27.73,8.07,2.74,0,10.49,0,18.1,6.42,27.49,78,27
11-12-2019 17:20,6.3,29,0,27.74,8.06,2.89,0,9.83,0,22.54,6.39,27.49,77,27.1
11-12-2019 17:30,,,,,,,,,,,,,,
11-12-2019 17:40,6.3,26,0,27.75,8.06,2.6,0,13.97,0,26.49,6.44,27.49,78,27.1
11-12-2019 17:50,6.3,29,0,27.75,8.08,2.67,0,11.03,0,23.83,6.7,27.49,77,27.1
11-12-2019 18:00,5.8,29,0,27.72,8.06,4.23,0,17.64,0,45.92,6.48,27.5,76,27
11-12-2019 18:10,6.3,28,0,27.7,8.03,2.54,0,7.94,0,18.54,6.12,27.5,78,27.1
11-12-2019 18:20,5.9,28,0,27.72,8.03,2.82,0,11.6,0,24.74,6.04,27.5,77,27.1
11-12-2019 18:30,5.8,32,0,27.73,8.03,2.89,0,11.97,0,23.67,6.06,27.5,77,27.1
11-12-2019 18:40,6.3,29,0,27.72,8.04,2.86,0,10.75,0,27.33,6.04,27.51,76,27.1
11-12-2019 18:50,6,34,0,27.7,8.04,2.67,0,9.83,0,24.25,6.16,27.52,79,27.3
11-12-2019 19:00,5.9,35,0,27.72,8.05,2.63,0,11.93,0,25.53,6.39,27.51,76,27.1
11-12-2019 19:10,6.1,31,0,27.7,8.05,2.65,0,9.55,0,19.39,6.28,27.51,77,27.2
11-12-2019 19:20,6.2,33,0,27.69,8.03,2.73,0,8.66,0,16.27,6.04,27.52,76,27.2
11-12-2019 19:30,6.2,34,0,27.67,8,2.86,0,9.03,0,17.06,5.71,27.52,76,27.2
11-12-2019 19:40,5.9,34,0,27.64,8.01,2.59,0,18.17,0,33.32,5.8,27.51,78,27.2
11-12-2019 19:50,6.2,36,0,27.62,7.99,2.54,0,10.88,0,17.96,5.65,27.52,79,27.3
11-12-2019 20:00,6.6,32,0,27.61,7.98,2.81,0,9.3,0,19.82,5.43,27.52,78,27.2
11-12-2019 20:10,6.8,36,0,27.59,7.98,2.54,0,10.88,0,15.75,5.43,27.52,77,27.2
11-12-2019 20:20,6.8,38,0,27.57,7.96,2.53,0,8.38,0,14.43,5.07,27.53,77,27.2
11-12-2019 20:30,6.7,39,0,27.58,7.98,2.57,0,8.94,0,10.59,5.45,27.53,76,27.2
11-12-2019 20:40,6.2,42,0,27.57,7.98,2.47,0,12.53,0,28.48,5.48,27.53,77,27.3
11-12-2019 20:50,6.1,39,0,27.56,7.99,3.07,0,10.14,0,17.98,5.43,27.53,78,27.2
11-12-2019 21:00,6.7,38,0,27.56,8,2.5,0,10.32,0,23.02,5.54,27.54,78,27.3
11-12-2019 21:10,5.8,44,0,27.56,7.99,2.34,0,9.28,0,16.14,5.5,27.55,77,27.4
11-12-2019 21:20,5.9,45,0,27.58,8,2.99,0,11.62,0,34.93,5.61,27.56,75,27.4
11-12-2019 21:30,5.4,48,0,27.57,8,3.11,0,10.56,0,26.35,5.6,27.56,76,27.4
11-12-2019 21:40,5.7,52,0,27.55,7.97,4.16,0,8.6,0,11.23,5.23,27.56,74,27.4
11-12-2019 21:50,5.6,53,0,27.56,7.99,2.46,0,14.88,0,19.72,5.43,27.57,74,27.4
11-12-2019 22:00,5.4,52,0,27.54,7.98,2.51,0,7.98,0,16.15,5.32,27.57,76,27.4
11-12-2019 22:10,5.5,50,0,27.54,7.97,2.71,0,7.27,0,14.39,5.15,27.58,76,27.3
11-12-2019 22:20,5.5,53,0,27.54,7.95,2.39,0,7.68,0,24.42,4.88,27.58,77,27.3
11-12-2019 22:30,5.4,51,0,27.54,7.96,2.65,0,7.89,0,15.8,4.92,27.58,76,27.3
11-12-2019 22:40,5.2,55,0,27.55,7.97,2.43,0,6.11,0,12.56,5.03,27.59,74,27.4
11-12-2019 22:50,5.1,60,0,27.56,7.96,2.55,0,6.32,0,10.58,5.16,27.59,76,27.3
11-12-2019 23:00,4.8,58,0,27.57,7.96,2.75,0,11.51,0,39.11,5.16,27.59,75,27.3
11-12-2019 23:10,4.8,61,0,27.57,7.94,2.53,0,10.32,0,11.93,4.92,27.59,76,27.2
11-12-2019 23:20,4.8,58,0,27.56,7.95,2.57,0,10.96,0,17.14,4.98,27.59,76,27.3
11-12-2019 23:30,4.8,54,0,27.56,7.94,2.63,0,7.6,0,16.57,4.91,27.59,75,27.2
11-12-2019 23:40,4.6,55,0,27.56,7.94,2.8,0,7.29,0,12.84,4.81,27.59,76,27.2
11-12-2019 23:50,4.5,55,0,27.55,7.94,2.56,0,5.2,0,5.72,4.63,27.59,76,27.1
12-12-2019 00:00,4.6,55,0,27.54,7.92,2.86,0,5.25,0,6.62,4.61,27.59,77,27.1
12-12-2019 00:10,4.8,62,0,27.54,7.91,2.84,0,3.75,0,5.76,4.44,27.6,76,27.2
12-12-2019 00:20,4.6,59,0,27.54,7.91,3.49,0,7.73,0,11.79,4.51,27.6,77,27.2
12-12-2019 00:30,4.6,65,0,27.54,7.92,2.43,0,4.55,0,5.79,4.46,27.6,77,27.1
12-12-2019 00:40,4.8,63,0,27.53,7.91,2.51,0,6.98,0,10.67,4.41,27.6,75,27.1
12-12-2019 00:50,4.6,62,0,27.5,7.88,2.69,0,6.08,0,10.33,4.3,27.59,75,27
12-12-2019 01:00,4.6,62,0,27.5,7.88,3.06,0,3.96,0,5.54,4.27,27.59,77,27
12-12-2019 01:10,4.7,59,0,27.48,7.91,3.23,0,13.18,0,31.53,4.7,27.6,77,27.1
12-12-2019 01:20,4.7,56,0,27.48,7.91,2.37,0,7.67,0,11.27,4.53,27.59,76,27
12-12-2019 01:30,4.6,62,0,27.47,7.91,2.34,0,8.8,0,14.77,4.62,27.6,76,27
12-12-2019 01:40,4.7,54,0,27.45,7.9,2.21,0,7.72,0,13.87,4.51,27.59,76,27
12-12-2019 01:50,4.7,56,0,27.45,7.89,2.87,0,4.73,0,5.4,4.33,27.6,77,27
12-12-2019 02:00,4.7,55,0,27.43,7.89,2.67,0,9.97,0,27.05,4.45,27.61,77,27
12-12-2019 02:10,4.6,58,0,27.42,7.9,2.41,0,12.43,0,18.52,4.47,27.61,77,27
12-12-2019 02:20,4.4,57,0,27.4,7.89,2.43,0,3.61,0,4.71,4.26,27.61,78,27
12-12-2019 02:30,4.4,58,0,27.38,7.85,2.52,0,5.14,0,8.09,4.03,27.61,76,27
12-12-2019 02:40,4.5,50,0,27.37,7.83,2.16,0,4.3,0,5.72,3.9,27.6,76,26.8
12-12-2019 02:50,4.5,52,0,27.35,7.84,2.43,0,10.08,0,11.24,4.04,27.6,76,26.9
12-12-2019 03:00,4.2,53,0,27.35,7.85,2.27,0,5.97,0,7.69,4.11,27.6,77,26.8
12-12-2019 03:10,4.2,53,0,27.33,7.89,2.97,0,9.02,0,17.46,4.31,27.59,77,26.8
12-12-2019 03:20,4.4,49,0,27.33,7.89,2.83,0,8.09,0,10.76,4.38,27.59,73,26.9
12-12-2019 03:30,4.4,47,0,27.31,7.9,2.69,0,8.09,0,28.02,4.5,27.59,73,26.9
12-12-2019 03:40,4.5,43,0,27.31,7.9,2.03,0,8.87,0,27.62,4.48,27.6,75,26.8
12-12-2019 03:50,4.4,43,0,27.3,7.9,2.33,0,6.84,0,8.72,4.44,27.61,75,26.8
12-12-2019 04:00,4.7,37,0,27.28,7.93,2.59,0,9.84,0,16.26,4.69,27.63,74,26.7
12-12-2019 04:10,4.8,41,0,27.28,7.92,2.05,0,9.32,0,31.2,4.65,27.62,73,26.8
12-12-2019 04:20,4.9,38,0,27.3,7.93,1.95,0,15.96,0,15.53,4.66,27.61,73,26.9
12-12-2019 04:30,4.7,39,0,27.29,7.91,1.85,0,8.15,0,14.93,4.55,27.61,71,26.7
12-12-2019 04:40,4.8,40,0,27.29,7.9,2.66,0,7.17,0,10.18,4.45,27.61,72,26.8
12-12-2019 04:50,4.6,43,0,27.28,7.89,2.05,0,7.3,0,7.74,4.37,27.61,73,26.8
12-12-2019 05:00,4.7,41,0,27.28,7.92,1.99,0,7.38,0,13.4,4.59,27.63,75,26.9
12-12-2019 05:10,4.9,44,0,27.27,7.91,1.93,0,7.75,0,14.08,4.49,27.62,73,26.8
12-12-2019 05:20,4.9,44,0,27.26,7.9,2.06,0,6.48,0,11.13,4.43,27.62,74,26.7
12-12-2019 05:30,4.8,42,0,27.25,7.9,1.98,0,5.56,0,8.51,4.4,27.61,76,26.8
12-12-2019 05:40,4.9,41,0,27.24,7.88,2.14,0,5.48,0,9.96,4.2,27.61,74,26.7
12-12-2019 05:50,5,43,0,27.24,7.9,1.94,0,7.47,0,12.1,4.38,27.62,72,26.7
12-12-2019 06:00,5,40,0,27.23,7.89,2.39,0,6.7,0,15.9,4.38,27.62,73,26.7
12-12-2019 06:10,5.1,39,0,27.22,7.89,2.02,0,7.78,0,17.42,4.34,27.62,74,26.7
12-12-2019 06:20,4.9,38,0,27.22,7.89,2.01,0,7.83,0,14.71,4.38,27.63,76,26.7
12-12-2019 06:30,5.2,33,0,27.22,7.9,2.07,0,8.13,0,12.29,4.44,27.62,75,26.7
12-12-2019 06:40,5.3,39,0,27.22,7.92,3.55,0,10.44,0,13.18,4.57,27.62,75,26.7
12-12-2019 06:50,5.4,36,0,27.22,7.9,2.63,0,7.06,0,11.3,4.4,27.62,74,26.7
12-12-2019 07:00,5.2,38,0,27.22,7.9,2.3,0,7.68,0,9.87,4.49,27.61,73,26.8
12-12-2019 07:10,4.8,41,0,27.24,7.92,2.34,0,8.12,0,16.23,4.66,27.63,74,26.8
12-12-2019 07:20,4.8,43,0,27.24,7.92,2.13,0,7.62,0,12.33,4.66,27.63,75,26.9
12-12-2019 07:30,4.8,44,0,27.25,7.92,2.05,0,5.15,0,6.86,4.64,27.63,73,27
12-12-2019 07:40,5,44,0,27.26,7.92,2.21,0,6.48,0,9.76,4.65,27.63,74,26.9
12-12-2019 07:50,5.1,42,0,27.26,7.94,2.07,0,6.77,0,10.6,4.96,27.63,74,27
12-12-2019 08:00,4.8,41,0,27.28,7.93,2.06,0,6.62,0,8.95,4.81,27.63,76,27
12-12-2019 08:10,5.1,38,0,27.3,7.95,2.1,0,5.92,0,9.83,4.9,27.64,75,27.1
12-12-2019 08:20,5,39,0,27.32,7.96,2.11,0,6.73,0,11.18,5.05,27.64,76,27.1
12-12-2019 08:30,5.1,41,0,27.35,7.97,2.18,0,6.57,0,10.64,5.13,27.65,75,27
12-12-2019 08:40,5.2,41,0,27.37,7.96,2.05,0,5.89,0,16.21,5.06,27.67,73,27
12-12-2019 08:50,4.6,44,0,27.38,7.95,2.07,0,5.62,0,8.58,4.96,27.68,74,27.1
12-12-2019 09:00,4.7,44,0,27.4,7.97,2.14,0,7.11,0,12.21,5.15,27.69,73,27.1
12-12-2019 09:10,4.8,40,0,27.44,7.98,2.06,0,5.95,0,9.82,5.15,27.69,75,27.2
12-12-2019 09:20,4.5,46,0,27.48,7.99,5.65,0,9.79,0,17.21,5.48,27.7,73,27.2
12-12-2019 09:30,4.8,43,0,27.53,8.01,6.72,0,6.59,0,12.19,5.59,27.73,73,27.1
12-12-2019 09:40,4.8,42,0,27.55,8.01,2.04,0,9.68,0,20.46,5.46,27.75,76,27.3
12-12-2019 09:50,4.9,40,0,27.58,8.02,2.16,0,6.05,0,10.61,5.57,27.73,73,27.1
12-12-2019 10:00,5,40,0,27.6,8.04,2.75,0,7.06,0,12.27,5.93,27.74,74,27.2
12-12-2019 10:10,4.7,43,0,27.62,8.05,2.71,0,6.49,0,11.13,5.93,27.73,73,27.2
12-12-2019 10:20,4.8,38,0,27.66,8.06,3.34,0,7.02,0,12.54,6.18,27.72,76,27.4
12-12-2019 10:30,4.5,42,0,27.68,8.06,2.26,0,6.3,0,9.68,6.15,27.73,75,27.4
12-12-2019 10:40,4.7,39,0,27.7,8.06,3.44,0,14.13,0,28.79,6.18,27.73,75,27.3
12-12-2019 10:50,4.6,37,0,27.72,8.06,2.86,0,5.8,0,11.11,6.09,27.73,75,27.3
12-12-2019 11:00,4.4,41,0,27.73,8.05,2.59,0,7.77,0,14.88,6.01,27.72,76,27.4
12-12-2019 11:10,4.4,48,0,27.72,8.02,2.54,0,4.96,0,7.57,5.69,27.71,76,27.5
12-12-2019 11:20,4.3,49,0,27.72,8.02,2.88,0,5.8,0,10.06,5.61,27.7,72,27.5
12-12-2019 11:30,4,55,0,27.72,8,4.1,0,7.22,0,20.39,5.69,27.68,74,27.6
12-12-2019 11:40,3.8,56,0,27.73,7.99,3.32,0,4.86,0,6.79,5.48,27.69,75,27.6
12-12-2019 11:50,3.5,57,0,27.79,8.01,8.81,0,6.32,0,11.93,5.75,27.69,71,27.5
12-12-2019 12:00,3.7,55,0,27.83,8.02,3.01,0,6.38,0,6.6,5.87,27.7,75,27.7
12-12-2019 12:10,4.2,45,0,27.87,8.03,2.99,0,6.01,0,10.92,5.87,27.7,75,27.5
12-12-2019 12:20,3.8,46,0,27.89,8.07,2.99,0,5.89,0,16.96,6.41,27.7,75,27.4
12-12-2019 12:30,4.1,43,0,27.9,8.05,3.05,0,4.43,0,5.57,6.22,27.71,76,27.5
12-12-2019 12:40,3.8,50,0,27.92,8.07,3.29,0,6.44,0,13.12,6.41,27.71,75,27.5
12-12-2019 12:50,3.7,48,0,27.92,8.04,2.88,0,4.37,0,7.27,6.12,27.71,76,27.5
12-12-2019 13:00,3.7,53,0,27.94,8.05,2.79,0,4.59,0,6.9,6.23,27.71,75,27.6
12-12-2019 13:10,3.7,51,0,27.96,8.08,3.3,0,4.78,0,7.16,6.53,27.72,75,27.6
12-12-2019 13:20,3.5,52,0,27.98,8.06,2.74,0,4.55,0,5.54,6.31,27.72,74,27.6
12-12-2019 13:30,3.4,56,0,28.01,8.07,2.8,0,4.3,0,4.94,6.44,27.71,73,27.6
12-12-2019 13:40,3.6,49,0,28.03,8.06,2.79,0,4.26,0,6.35,6.3,27.71,74,27.7
12-12-2019 13:50,3.7,43,0,28.04,8.07,2.64,0,4.67,0,9.18,6.52,27.7,74,27.5
12-12-2019 14:00,3.3,52,0,28.04,8.07,5.64,0,6.47,0,8.88,6.58,27.7,74,27.7
12-12-2019 14:10,3.4,47,0,28.05,8.12,6.74,0,6.81,0,11.83,7.14,27.7,73,27.6
12-12-2019 14:20,3.8,43,0,28.06,8.12,3.19,0,6.14,0,11.43,7.28,27.71,75,27.6
12-12-2019 14:30,3.8,40,0,28.06,8.13,2.87,0,7.6,0,12.05,7.31,27.71,74,27.6
12-12-2019 14:40,4,34,0,28.05,8.14,2.97,0,6.96,0,11.41,7.43,27.71,75,27.5
12-12-2019 14:50,3.9,33,0,28.06,8.14,2.77,0,8.76,0,16.62,7.43,27.71,75,27.4
12-12-2019 15:00,3.9,36,0,28.04,8.13,2.91,0,6.15,0,10,7.28,27.71,75,27.4
12-12-2019 15:10,4.2,33,0,28.03,8.15,3.75,0,8.48,0,15.15,7.57,27.72,75,27.4
12-12-2019 15:20,4.4,32,0,28.04,8.15,2.72,0,8.26,0,15.71,7.5,27.73,76,27.4
12-12-2019 15:30,4.4,32,0,28.04,8.16,3.25,0,14.95,0,41.32,7.76,27.74,75,27.4
12-12-2019 15:40,4.4,30,0,28.05,8.17,3.07,0,7.54,0,19.41,7.86,27.75,75,27.4
12-12-2019 15:50,4.2,29,0,28.03,8.18,2.83,0,12.71,0,31.7,7.91,27.73,75,27.4
12-12-2019 16:00,4.3,34,0,28.03,8.16,3.2,0,5.96,0,10.87,7.73,27.71,77,27.4
12-12-2019 16:10,4.3,37,0,28.05,8.14,2.51,0,9.71,0,14.3,7.43,27.71,75,27.4
12-12-2019 16:20,4.1,36,0,28.03,8.13,3.12,0,10.23,0,17.82,7.43,27.71,78,27.5
12-12-2019 16:30,4.1,37,0,27.99,8.13,2.88,0,11.64,0,25.79,7.45,27.69,76,27.4
12-12-2019 16:40,4.2,38,0,27.97,8.14,2.81,0,11.73,0,21.3,7.49,27.68,76,27.4
12-12-2019 16:50,4.3,39,0,27.95,8.15,3.28,0,7.35,0,14.74,7.73,27.68,78,27.5
12-12-2019 17:00,4.6,36,0,27.94,8.12,2.91,0,7.97,0,26.71,7.36,27.68,79,27.4
12-12-2019 17:10,4.5,37,0,27.91,8.11,2.96,0,11.27,0,19.91,7.12,27.69,77,27.3
12-12-2019 17:20,4.2,41,0,27.89,8.09,2.9,0,8.28,0,20.25,6.94,27.7,77,27.3
12-12-2019 17:30,4.9,37,0,27.87,8.09,2.81,0,11.33,0,33.27,6.92,27.7,78,27.2
12-12-2019 17:40,5.1,38,0,27.91,8.13,3.74,0,11.8,0,20.52,7.32,27.7,79,27.3
12-12-2019 17:50,4.9,41,0,27.91,8.12,3.08,0,10.02,0,24.34,7.32,27.71,78,27.2
12-12-2019 18:00,4.8,44,0,27.91,8.12,3.31,0,10.4,0,34.23,7.28,27.71,78,27.3
12-12-2019 18:10,4.4,46,0,27.89,8.1,3.75,0,13.75,0,28.11,6.99,27.71,80,27.4
12-12-2019 18:20,4.8,47,0,27.89,8.08,3.23,0,9.67,0,21.24,6.79,27.71,78,27.3
12-12-2019 18:30,4.2,52,0,27.87,8.06,3.37,0,8.14,0,14.87,6.47,27.71,79,27.3
12-12-2019 18:40,4.6,44,0,27.86,8.06,7.56,0,20.04,0,26.9,6.28,27.71,78,27.2
12-12-2019 18:50,4.5,45,0,27.86,8.06,2.93,0,15.33,0,29.68,6.37,27.71,79,27.2
12-12-2019 19:00,4.6,45,0,27.83,8.07,2.98,0,12.68,0,26.25,6.37,27.73,79,27.2
12-12-2019 19:10,4.8,48,0,27.84,8.08,2.91,0,11.16,0,25.45,6.55,27.72,80,27.3
12-12-2019 19:20,4.6,53,0,27.84,8.06,2.78,0,14.45,0,20.28,6.36,27.72,79,27.2
12-12-2019 19:30,4.6,49,0,27.82,8.05,3.3,0,7.71,0,21.9,6.19,27.72,79,27.2
12-12-2019 19:40,4.6,49,0,27.81,8.04,3.25,0,10.67,0,20.89,6.15,27.73,80,27.2
12-12-2019 19:50,4.6,53,0,27.8,8.03,3.39,0,8.89,0,19.55,5.98,27.74,80,27.2
12-12-2019 20:00,4.9,55,0,27.8,8.04,3.07,0,10.12,0,18.55,6.03,27.74,80,27.2
12-12-2019 20:10,4.7,51,0,27.8,8.04,3.06,0,9.66,0,16.23,6.09,27.74,80,27.2
12-12-2019 20:20,4.7,57,0,27.78,8.05,3.18,0,9.81,0,21.04,6.24,27.74,80,27.2
12-12-2019 20:30,4.6,58,0,27.76,8.04,2.97,0,11.63,0,35.11,6.16,27.75,79,27.2
12-12-2019 20:40,4.7,55,0,27.75,8.02,2.75,0,9.01,0,14.67,5.72,27.75,79,27.2
12-12-2019 20:50,4.6,53,0,27.75,8.02,3.06,0,9.8,0,23.56,5.8,27.74,79,27.2
12-12-2019 21:00,4.9,52,0,27.75,8.02,3.05,0,13.36,0,18.67,5.92,27.74,80,27.3
12-12-2019 21:10,4.4,53,0,27.75,8.02,3.73,0,8.43,0,25.77,5.85,27.74,81,27.3
12-12-2019 21:20,4.3,56,0,27.74,8.02,3.29,0,18.9,0,32.67,5.88,27.74,81,27.3
12-12-2019 21:30,4.3,59,0,27.74,8.02,3.08,0,13.14,0,29.69,5.92,27.74,81,27.4
12-12-2019 21:40,4.2,66,0,27.74,8.01,3.57,0,9.22,0,21.32,5.75,27.74,81,27.3
12-12-2019 21:50,4.4,67,0,27.73,8,2.92,0,12.89,0,19.09,5.53,27.74,81,27.3
12-12-2019 22:00,4.5,68,0,27.74,7.98,3.04,0,23.51,0,43.35,5.47,27.74,79,27.3
12-12-2019 22:10,4.7,73,0,27.73,7.99,2.94,0,10.29,0,32.13,5.56,27.75,81,27.4
12-12-2019 22:20,4.5,71,0,27.73,7.97,2.97,0,9.4,0,20.1,5.53,27.74,82,27.4
12-12-2019 22:30,4.2,72,0,27.72,7.98,2.96,0,12.48,0,72.2,5.58,27.75,80,27.3
12-12-2019 22:40,4.2,76,0,27.72,7.98,3.04,0,10.5,0,22.56,5.61,27.75,79,27.4
12-12-2019 22:50,3.8,76,0,27.71,7.98,3.05,0,10,0,23.23,5.52,27.75,80,27.4
12-12-2019 23:00,3.8,78,0,27.71,7.97,2.7,0,25.15,0,67.42,5.42,27.76,80,27.3
12-12-2019 23:10,3.9,81,0,27.71,7.97,2.95,0,8.64,0,8.96,5.29,27.76,80,27.3
12-12-2019 23:20,3.8,76,0,27.72,7.95,2.84,0,19.33,0,36.61,5.17,27.76,80,27.3
12-12-2019 23:30,3.6,76,0,27.72,7.95,2.92,0,7.77,0,14.59,5.09,27.76,80,27.3
12-12-2019 23:40,4.1,72,0,27.71,7.94,3.36,0,14.15,0,34.23,4.88,27.76,80,27.3
12-12-2019 23:50,3.8,70,0,27.71,7.93,2.79,0,7.46,0,11.46,4.76,27.76,80,27.4
13-12-2019 00:00,3.9,64,0,27.69,7.92,2.61,0,7.62,0,15.18,4.81,27.76,77,27.4
13-12-2019 00:10,4.1,62,0,27.69,7.91,2.96,0,7.06,0,15.34,4.81,27.76,77,27.4
13-12-2019 00:20,3.8,59,0,27.68,7.92,2.95,0,5.31,0,5.3,4.86,27.76,80,27.4
13-12-2019 00:30,3.8,53,0,27.67,7.94,2.99,0,8.58,0,16.73,5.06,27.76,79,27.3
13-12-2019 00:40,4.1,57,0,27.66,7.94,2.89,0,9.07,0,15.28,4.96,27.76,77,27.3
13-12-2019 00:50,3.8,58,0,27.65,7.92,3.02,0,7.22,0,15.21,4.92,27.76,77,27.3
13-12-2019 01:00,4,54,0,27.64,7.93,2.93,0,7.84,0,12.38,4.9,27.76,75,27.3
13-12-2019 01:10,3.7,58,0,27.64,7.94,2.86,0,7.47,0,12.09,5.07,27.77,74,27.2
13-12-2019 01:20,3.6,59,0,27.64,7.93,3.22,0,8.53,0,13.26,5,27.77,76,27.3
13-12-2019 01:30,3.5,59,0,27.62,7.95,2.97,0,6.31,0,11.44,5.12,27.77,75,27.2
13-12-2019 01:40,3.3,54,0,27.63,7.94,2.77,0,6.09,0,10.1,4.99,27.77,78,27.2
13-12-2019 01:50,3.4,57,0,27.61,7.96,2.97,0,8.47,0,15.92,5.15,27.77,77,27.2
13-12-2019 02:00,3.2,62,0,27.61,7.96,2.74,0,9.19,0,12.8,5.15,27.78,78,27.1
13-12-2019 02:10,3.1,67,0,27.61,7.94,2.63,0,5.1,0,9,4.92,27.78,80,27.1
13-12-2019 02:20,3.4,63,0,27.61,7.93,2.64,0,7.77,0,13.81,4.9,27.78,78,27.1
13-12-2019 02:30,3.5,68,0,27.6,7.94,3.18,0,10.16,0,20.97,4.94,27.78,78,27.1
13-12-2019 02:40,3.3,69,0,27.58,7.96,3.33,0,18.15,0,36.34,5.16,27.78,78,27.1
13-12-2019 02:50,3.3,74,0,27.58,7.94,2.36,0,14.08,0,35.45,4.96,27.78,78,27.1
13-12-2019 03:00,3.3,75,0,27.57,7.95,3.22,0,9.36,0,17.92,5,27.78,78,27.1
13-12-2019 03:10,3,71,0,27.56,7.94,2.22,0,6.15,0,11.01,4.92,27.78,79,27.1
13-12-2019 03:20,3.3,67,0,27.55,7.96,2.45,0,14.18,0,17,5.09,27.78,80,27.1
13-12-2019 03:30,3.6,69,0,27.55,7.97,2.77,0,8.72,0,19.77,5.17,27.78,79,27
13-12-2019 03:40,3.4,69,0,27.53,7.98,2.7,0,7.82,0,18.04,5.26,27.78,80,27
13-12-2019 03:50,3.2,72,0,27.53,7.97,2.43,0,11.51,0,25.23,5.16,27.79,79,27
13-12-2019 04:00,3.5,74,0,27.54,7.98,2.45,0,12.08,0,30.59,5.18,27.79,80,27
13-12-2019 04:10,3.2,71,0,27.53,7.96,6.53,0,23.25,0,59.01,5.04,27.79,79,27
13-12-2019 04:20,3.3,64,0,27.52,7.96,2.98,0,12.9,0,24.73,4.96,27.8,80,27
13-12-2019 04:30,3.2,69,0,27.56,7.92,2.61,0,10.67,0,27.12,4.46,27.81,79,27
13-12-2019 04:40,3,64,0,27.57,7.9,2.23,0,6.98,0,12.49,4.33,27.82,79,27
13-12-2019 04:50,2.7,63,0,27.55,7.89,2.17,0,7.07,0,14.82,4.2,27.82,80,27
13-12-2019 05:00,2.5,52,0,27.55,7.93,2.64,0,11.23,0,22.06,4.67,27.82,79,27
13-12-2019 05:10,2.7,53,0,27.54,8,2.22,0,10.97,0,19.22,5.31,27.82,79,26.9
13-12-2019 05:20,2.7,51,0,27.55,7.99,2.34,0,8.62,0,17.94,5.29,27.82,81,27
13-12-2019 05:30,3,46,0,27.55,7.98,2.83,0,8.49,0,14.45,5.1,27.82,80,26.9
13-12-2019 05:40,3.2,47,0,27.54,7.97,2.23,0,7.08,0,10.8,5.13,27.82,80,26.9
13-12-2019 05:50,3.5,46,0,27.54,7.96,2.27,0,6.4,0,10.86,4.98,27.82,80,26.8
13-12-2019 06:00,3.8,43,0,27.53,8.01,2.75,0,12.22,0,31.76,5.43,27.82,81,27
13-12-2019 06:10,3.6,43,0,27.54,8,3.04,0,10.57,0,21.23,5.31,27.82,82,26.9
13-12-2019 06:20,3.9,36,0,27.53,7.98,2.48,0,10.72,0,24.09,5.12,27.82,81,26.9
13-12-2019 06:30,3.2,26,0,27.52,7.98,2.43,0,13.1,0,24.55,5.13,27.82,83,26.4
13-12-2019 06:40,2.3,344,0,27.52,7.98,2.28,0,8.7,0,16.6,5.07,27.82,85,25.9
13-12-2019 06:50,2,330,0,27.52,7.97,2.59,0,6.88,0,12.97,4.94,27.82,87,25.6
13-12-2019 07:00,1.9,334,0,27.51,7.95,2.34,0,7.6,0,11.26,4.75,27.82,87,25.5
13-12-2019 07:10,2.2,327,0,27.51,7.93,2.2,0,8.59,0,14.92,4.56,27.82,88,25.2
13-12-2019 07:20,2.6,329,0,27.51,7.96,5.06,0,14.44,0,35.35,4.92,27.82,89,25.1
13-12-2019 07:30,2.8,334,0,27.5,7.97,2.69,0,10.66,0,23.34,4.94,27.83,90,25.2
13-12-2019 07:40,2.9,339,0,27.5,7.94,3.25,0,6.71,0,11,4.68,27.83,90,25.1
13-12-2019 07:50,3.2,336,0,27.5,7.91,2.76,0,6.95,0,10.8,4.37,27.83,90,25.2
13-12-2019 08:00,3.6,340,0,27.51,7.91,3.26,0,6.38,0,10.88,4.38,27.82,90,25.3
13-12-2019 08:10,3.3,338,0,27.51,7.92,2.88,0,6.93,0,10.72,4.4,27.83,89,25.6
13-12-2019 08:20,3,340,0,27.51,7.93,2.96,0,8.8,0,17.4,4.62,27.82,89,25.7
13-12-2019 08:30,2.5,344,0,27.54,7.98,2.93,0,5.74,0,8.89,4.98,27.83,87,26.1
13-12-2019 08:40,3.1,348,0,27.58,8,3.21,0,7.19,0,12.96,5.25,27.82,87,26.1
13-12-2019 08:50,3,350,0,27.58,8.01,2.69,0,7.54,0,14.63,5.33,27.83,88,26.2
13-12-2019 09:00,3,342,0,27.59,8.02,3.2,0,8.37,0,23.91,5.39,27.83,87,26.4
13-12-2019 09:10,2.7,353,0,27.6,8.03,2.63,0,8.96,0,9.52,5.54,27.82,86,26.4
13-12-2019 09:20,2.8,1,0,27.6,8.02,2.89,0,6.46,0,11.32,5.42,27.82,85,26.7
13-12-2019 09:30,3.8,6,0,27.62,8.02,4.18,0,5.95,0,12.11,5.53,27.82,85,27.1
13-12-2019 09:40,3.8,19,0,27.64,8.01,2.78,0,6.23,0,11.43,5.44,27.82,84,27.1
13-12-2019 09:50,4.7,24,0,27.63,8.03,2.7,0,8.7,0,21.09,5.68,27.82,84,27.1
13-12-2019 10:00,4.7,23,0,27.63,8.02,2.48,0,7.65,0,12.64,5.6,27.82,83,27.2
13-12-2019 10:10,5.1,26,0,27.62,8.03,2.62,0,9.38,0,18.39,5.61,27.82,83,27.2
13-12-2019 10:20,4.8,22,0,27.62,8.01,2.69,0,7.21,0,15.05,5.49,27.82,83,27.2
13-12-2019 10:30,5.1,22,0,27.62,8,2.67,0,7.37,0,12.71,5.43,27.82,84,27.3
13-12-2019 10:40,5,25,0,27.62,8.01,2.79,0,5.76,0,10.4,5.56,27.82,84,27.2
13-12-2019 10:50,4.9,25,0,27.61,8.02,3.2,0,11.18,0,27.51,5.71,27.82,84,27.2
13-12-2019 11:00,5.4,33,0,27.59,8.01,2.5,0,10.79,0,21.33,5.57,27.82,85,27.2
13-12-2019 11:10,5.8,28,0,27.59,8.02,4.67,0,9.24,0,32.39,5.72,27.82,85,27.3
13-12-2019 11:20,5.4,38,0,27.57,8.03,3.75,0,14.75,0,39.06,5.77,27.78,85,26.8
13-12-2019 11:30,5.1,31,0,27.56,8.02,2.57,0,15.55,0,28.39,5.69,27.79,86,26.9
13-12-2019 11:40,5.2,31,0,27.57,8,2.79,0,9.35,0,16.89,5.49,27.8,84,26.9
13-12-2019 11:50,5.4,29,0,27.57,7.98,2.93,0,7.72,0,15.12,5.28,27.81,86,27
13-12-2019 12:00,5.1,25,0,27.58,7.98,2.43,0,9.69,0,25.81,5.18,27.81,85,27.1
13-12-2019 12:10,5.1,31,0,27.59,7.98,2.95,0,8.12,0,8.56,5.22,27.81,84,27.2
13-12-2019 12:20,5.3,34,0,27.61,7.98,2.84,0,8.59,0,15.44,5.27,27.82,83,27.3
13-12-2019 12:30,5.2,35,0,27.62,7.99,3.27,0,9.76,0,22.95,5.29,27.82,83,27.3
13-12-2019 12:40,5.4,34,0,27.63,7.98,2.58,0,7.72,0,13.59,5.21,27.82,85,27.3
13-12-2019 12:50,5.5,35,0,27.63,7.94,3.71,0,10.49,0,23.74,5.24,27.83,84,27.3
13-12-2019 13:00,5.6,37,0,27.64,7.95,2.9,0,7.67,0,11.28,5.05,27.83,85,27.2
13-12-2019 13:10,5.5,35,0,27.66,7.96,2.8,0,8.79,0,12.9,5.01,27.83,85,27.3
13-12-2019 13:20,5.2,37,0,27.67,7.95,3.33,0,6.32,0,14.81,4.85,27.84,86,27.4
13-12-2019 13:30,4.8,38,0,27.67,7.96,3.12,0,8.32,0,20.71,5,27.84,84,27.3
13-12-2019 13:40,4.7,38,0,27.68,7.95,2.67,0,7.24,0,10.38,4.87,27.84,85,27.2
13-12-2019 13:50,5,38,0,27.69,7.96,3.3,0,7.01,0,12.78,4.96,27.84,87,27.3
13-12-2019 14:00,4.7,43,0,27.72,7.97,3.28,0,7.57,0,15.08,5.05,27.83,85,27.3
13-12-2019 14:10,5.1,40,0,27.73,7.97,2.57,0,7.4,0,12.69,5.01,27.84,84,27.3
13-12-2019 14:20,5.4,38,0,27.71,7.98,3.14,0,8.7,0,19.78,5.23,27.83,85,27.3
13-12-2019 14:30,5.4,38,0,27.7,8,3.28,0,9.03,0,18.46,5.45,27.83,84,27.4
13-12-2019 14:40,5.3,39,0,27.69,8.02,3.49,0,18.28,0,28.35,5.68,27.83,84,27.4
13-12-2019 14:50,5.4,36,0,27.69,8.01,3.15,0,26.93,0,45.27,5.53,27.83,84,27.3
13-12-2019 15:00,4.9,40,0,27.67,8.01,3.02,0,9.91,0,30.74,5.43,27.83,83,27.5
13-12-2019 15:10,5.2,40,0,27.67,8,2.83,0,7.6,0,15.2,5.3,27.83,84,27.4
13-12-2019 15:20,5.7,42,0,27.66,8.01,3.18,0,8.53,0,19.91,5.34,27.82,88,27
13-12-2019 15:30,5.5,44,0,27.65,7.99,2.85,0,9.87,0,22.32,5.18,27.82,84,27
13-12-2019 15:40,5.4,42,0,27.64,7.98,2.61,0,6.17,0,12.66,4.91,27.82,85,27.2
13-12-2019 15:50,5.9,43,0,27.63,8.02,2.9,0,8.79,0,14.23,4.98,27.83,84,27.2
13-12-2019 16:00,5.9,41,0,27.61,8.01,3.42,0,13.18,0,23.67,5.42,27.84,85,27.2
13-12-2019 16:10,5.5,41,0,27.61,7.99,3.19,0,8.68,0,22.71,5.25,27.84,87,27.1
13-12-2019 16:20,5.5,42,0,27.61,7.99,2.58,0,9.17,0,33.31,5.15,27.84,84,26.9
13-12-2019 16:30,5.2,45,0,27.6,7.99,6.1,0,9.86,0,27.58,5.18,27.85,81,27
13-12-2019 16:40,4.9,49,0,27.6,8.01,3.03,0,8.2,0,16.45,5.29,27.85,79,27.1
13-12-2019 16:50,4.9,51,0,27.59,8.03,2.89,0,16.31,0,29.76,5.48,27.85,83,27.2
13-12-2019 17:00,6.2,82,0,27.59,8.03,3.04,0,10.17,0,18.45,5.46,27.85,87,26.3
13-12-2019 17:10,6.3,86,0,27.58,8.05,3.44,0,17.13,0,31.48,5.66,27.85,89,25.7
13-12-2019 17:20,6.5,88,0,27.58,8.07,3.17,0,13.42,0,29.94,5.86,27.85,88,25.6
13-12-2019 17:30,5.8,91,0,27.58,8.07,5.45,0,14.12,0,29.35,5.81,27.85,85,25.6
13-12-2019 17:40,5,98,0,27.58,8.05,3.63,0,12.9,0,24.83,5.62,27.85,85,25.8
13-12-2019 17:50,4.4,92,0,27.56,8.03,3.21,0,15.78,0,27.2,5.47,27.85,83,26.4
13-12-2019 18:00,3.4,85,0,27.57,8.02,2.83,0,8.84,0,25.7,5.26,27.85,82,26.6
13-12-2019 18:10,3.6,59,0,27.57,8,2.63,0,8,0,24.02,5.08,27.85,82,26.9
13-12-2019 18:20,5.3,40,0,27.56,8,3.08,0,8.22,0,17.45,5.11,27.85,88,26.5
13-12-2019 18:30,7.7,34,0,27.56,8,2.82,0,9.25,0,20.39,5.19,27.85,93,25.8
13-12-2019 18:40,8.7,35,0,27.56,7.94,3.42,0,11.26,0,28.73,4.61,27.82,85,25.6
13-12-2019 18:50,8.3,31,0,27.55,7.97,3.25,0,10.82,0,29.94,4.87,27.83,88,25.7
13-12-2019 19:00,7.1,24,0,27.53,7.99,2.64,0,10.62,0,25.02,5.03,27.84,84,25.7
13-12-2019 19:10,5.5,33,0,27.51,8.01,3,0,8.85,0,17.92,5.22,27.85,88,26
13-12-2019 19:20,5.4,85,0,27.53,7.96,2.66,0,8.71,0,23.63,4.71,27.83,92,25.1
13-12-2019 19:30,7.2,83,0,27.53,7.97,2.79,0,11.99,0,30.07,4.85,27.82,92,24.5
13-12-2019 19:40,8.3,92,0,27.5,7.99,3.98,0,16.78,0,33.42,5.11,27.77,94,23.8
13-12-2019 19:50,5.9,84,0,27.46,8.04,3.61,0,12.51,0,39.97,5.51,27.74,94,24.3
13-12-2019 20:00,5.4,71,0,27.43,8.04,2.87,0,14.25,0,37.72,5.56,27.67,91,24.5
13-12-2019 20:10,3.6,48,0,27.38,8.02,2.55,0,13.6,0,28.35,5.32,27.58,91,24.6
13-12-2019 20:20,3.3,40,0,27.41,7.98,2.5,0,7.83,0,17.19,4.92,27.67,90,25
13-12-2019 20:30,2.6,42,0,27.44,7.94,2.56,0,7.42,0,12.73,4.6,27.71,90,25.9
13-12-2019 20:40,2.5,57,0,27.46,7.91,2.94,0,6.12,0,16.36,4.37,27.73,90,26.1
13-12-2019 20:50,2,56,0,27.5,7.88,3.06,0,7.27,0,9.6,4.1,27.76,90,26.4
13-12-2019 21:00,2.5,72,0,27.52,7.88,2.49,0,8.73,0,15.21,4.19,27.77,90,26.6
13-12-2019 21:10,2.8,89,0,27.54,7.87,2.48,0,7.39,0,15.43,4.1,27.78,88,27
13-12-2019 21:20,4.1,102,0,27.55,7.86,2.35,0,5.73,0,10.02,3.97,27.79,83,27.2
13-12-2019 21:30,3.8,100,0,27.55,7.84,2.49,0,4.16,0,6.94,3.93,27.79,86,27.2
13-12-2019 21:40,3.8,103,0,27.54,7.85,3.22,0,3.84,0,5.44,3.97,27.79,84,27.2
13-12-2019 21:50,3.6,108,0,27.53,7.85,2.5,0,5.57,0,10.23,4,27.8,84,27.2
13-12-2019 22:00,4,104,0,27.53,7.84,2.31,0,5.23,0,12.15,3.94,27.8,85,27.2
13-12-2019 22:10,4,108,0,27.53,7.85,2.67,0,6.6,0,9.5,4.05,27.79,85,27.3
13-12-2019 22:20,3.8,103,0,27.52,7.88,2.5,0,5.44,0,8.77,4.25,27.8,84,27.3
13-12-2019 22:30,4.2,103,0,27.49,7.88,2.84,0,6.06,0,10.74,4.25,27.79,84,27.4
13-12-2019 22:40,3.5,95,0,27.49,7.86,2.56,0,4.9,0,16.97,4.06,27.79,85,27.3
13-12-2019 22:50,3.5,103,0,27.48,7.85,2.29,0,5.87,0,8.23,3.94,27.79,82,27.3
13-12-2019 23:00,3.2,96,0,27.48,7.84,2.23,0,4.19,0,4.88,3.89,27.79,83,27.3
13-12-2019 23:10,3.3,98,0,27.48,7.82,2.31,0,3.66,0,6.93,3.73,27.79,82,27.4
13-12-2019 23:20,4,98,0,27.48,7.83,2.28,0,5.83,0,12.44,3.81,27.79,83,27.4
13-12-2019 23:30,3.8,98,0,27.48,7.83,2.53,0,4.21,0,7.28,3.79,27.8,83,27.4
13-12-2019 23:40,3.5,94,0,27.48,7.82,2.36,0,4.08,0,5.98,3.73,27.8,84,27.3
13-12-2019 23:50,3.4,99,0,27.48,7.82,2.16,0,3.12,0,0.31,3.71,27.8,84,27.3
14-12-2019 00:00,3,98,0,27.49,7.81,2.23,0,3.48,0,2.57,3.54,27.8,84,27.2
14-12-2019 00:10,2.9,101,0,27.48,7.8,2.83,0,2.7,0,3.36,3.52,27.8,86,27.2
14-12-2019 00:20,2.3,105,0,27.48,7.8,2.52,0,3.44,0,5.59,3.58,27.79,87,27.2
14-12-2019 00:30,2.2,106,0,27.48,7.8,2.17,0,2.15,0,3.67,3.49,27.79,87,27.1
14-12-2019 00:40,2.5,102,0,27.47,7.79,3.44,0,2.66,0,2.7,3.32,27.79,85,27.2
14-12-2019 00:50,2.4,96,0,27.47,7.78,2.46,0,2.65,0,1.55,3.28,27.79,85,27.2
14-12-2019 01:00,2.3,89,0,27.46,7.76,2.08,0,2.43,0,0.63,3.09,27.79,85,27.2
14-12-2019 01:10,2.5,86,0,27.46,7.77,2.68,0,3.17,0,4.17,3.14,27.78,84,27.2
14-12-2019 01:20,2.6,79,0,27.44,7.83,2.17,0,4.19,0,6.75,3.62,27.78,84,27.3
14-12-2019 01:30,2.8,76,0,27.44,7.82,2.2,0,4.73,0,6.83,3.62,27.78,83,27.2
14-12-2019 01:40,2.7,74,0,27.44,7.81,2.11,0,4.21,0,7.89,3.5,27.79,84,27.3
14-12-2019 01:50,2.7,69,0,27.44,7.8,2.13,0,3.32,0,4.34,3.34,27.78,84,27.4
14-12-2019 02:00,2.5,64,0,27.44,7.8,1.93,0,3.14,0,3.52,3.38,27.78,83,27.3
14-12-2019 02:10,2.5,63,0,27.43,7.78,2.1,0,2.07,0,1.53,3.17,27.79,85,27.3
14-12-2019 02:20,2.3,58,0,27.43,7.79,2.37,0,4.12,0,5.79,3.3,27.79,85,27.3
14-12-2019 02:30,2.4,53,0,27.43,7.81,2.01,0,4.91,0,8.2,3.5,27.79,87,27.3
14-12-2019 02:40,2.4,53,0,27.43,7.8,3.49,0,1.41,0,0.14,3.27,27.79,88,27.3
14-12-2019 02:50,2.8,65,0,27.43,7.82,2.03,0,3.19,0,5.19,3.46,27.79,85,27.4
14-12-2019 03:00,3.2,72,0,27.42,7.83,2.07,0,4.71,0,9,3.57,27.79,84,27.2
14-12-2019 03:10,3.1,76,0,27.42,7.86,2.14,0,5.91,0,12.58,3.85,27.79,85,27.4
14-12-2019 03:20,3.1,74,0,27.41,7.89,2.39,0,9.09,0,14.73,4.1,27.79,86,27.4
14-12-2019 03:30,3.4,75,0,27.41,7.91,2.35,0,9.14,0,18.25,4.22,27.79,86,27.4
14-12-2019 03:40,3.3,76,0,27.41,7.9,2.13,0,8.41,0,17.1,4.17,27.79,85,27.3
14-12-2019 03:50,3.3,70,0,27.41,7.89,1.99,0,7.44,0,15.15,4.11,27.8,86,27.4
14-12-2019 04:00,3.4,66,0,27.41,7.89,2.59,0,7.73,0,15.18,4.12,27.8,85,27.4
14-12-2019 04:10,3.3,65,0,27.4,7.9,2.78,0,8.34,0,19.64,4.21,27.8,85,27.4
14-12-2019 04:20,3.3,58,0,27.4,7.89,2.32,0,6.01,0,11.5,4.08,27.8,86,27.3
14-12-2019 04:30,3.4,55,0,27.4,7.86,1.96,0,5.24,0,8.68,3.86,27.8,87,27.3
14-12-2019 04:40,3.1,41,0,27.39,7.87,2.22,0,5.48,0,9.1,3.96,27.8,89,27.2
14-12-2019 04:50,3.4,44,0,27.39,7.88,2.02,0,5.66,0,9.96,4,27.8,88,27.2
14-12-2019 05:00,3.3,34,0,27.39,7.87,2.08,0,7.61,0,16.32,3.87,27.8,90,26.5
14-12-2019 05:10,2.7,35,0,27.39,7.88,2.16,0,7.62,0,12.61,3.92,27.8,89,27.2
14-12-2019 05:20,2.7,28,0,27.38,7.87,2.37,0,7.84,0,19.24,3.93,27.8,90,26.5
14-12-2019 05:30,2.3,30,0,27.38,7.89,2.08,0,8.19,0,17.86,4.13,27.8,89,27.1
14-12-2019 05:40,2.2,8,0,27.39,7.91,2.07,0,5.56,0,10.18,4.26,27.81,91,26.1
14-12-2019 05:50,1.2,307,0,27.4,7.9,2.24,0,5.61,0,10.63,4.01,27.81,93,26.2
14-12-2019 06:00,1.4,10,0,27.39,7.87,2.37,0,7.41,0,15.29,3.81,27.8,92,26.4
14-12-2019 06:10,1.8,355,0,27.38,7.86,3.69,0,5.48,0,12.82,3.74,27.8,92,26.4
14-12-2019 06:20,2.7,54,0,27.38,7.87,2.35,0,8.28,0,17.43,3.84,27.8,85,26.6
14-12-2019 06:30,4.5,104,0,27.38,7.88,2.58,0,6.87,0,12.63,3.96,27.8,86,26
14-12-2019 06:40,2.8,116,0,27.38,7.9,2.31,0,5.36,0,7.58,4.09,27.8,83,26.3
14-12-2019 06:50,1.8,109,0,27.38,7.86,2.18,0,6.66,0,12.53,3.75,27.8,80,26.6
14-12-2019 07:00,3.4,58,0,27.38,7.84,1.93,0,4.77,0,6.94,3.54,27.8,90,25.7
14-12-2019 07:10,4.7,53,0,27.35,7.87,2.08,0,5.25,0,10.5,3.92,27.77,89,25.8
14-12-2019 07:20,6.1,46,0,27.34,7.87,1.99,0,5.09,0,8.4,3.88,27.77,86,26.1
14-12-2019 07:30,5.4,102,0,27.32,7.93,2.48,0,8.12,0,15.39,4.21,27.65,91,24.5
14-12-2019 07:40,1.1,55,0,27.26,7.95,2.46,0,8.87,0,17.98,4.67,27.35,92,24.3
14-12-2019 07:50,1.5,277,0,27.31,7.88,2.23,0,5.75,0,10.09,4.07,27.56,91,24
14-12-2019 08:00,1.1,281,0,27.35,7.86,2.05,0,5.91,0,9.88,3.87,27.63,92,24.4
14-12-2019 08:10,0.6,161,0,27.37,7.89,2.11,0,6.53,0,11.35,4.04,27.71,92,24.5
14-12-2019 08:20,0.9,241,0,27.37,7.91,2.33,0,6.67,0,12.36,4.25,27.7,91,25.1
14-12-2019 08:30,1.6,297,0,27.39,7.95,2.76,0,6.93,0,12.62,4.53,27.71,91,25
14-12-2019 08:40,1.5,318,0,27.34,7.87,2.55,0,0.79,0,8.29,7.89,,90,25.6
14-12-2019 08:50,2,330,0,26.9,7.93,2.5,0,0.82,0,8.24,8.02,,91,26.4
14-12-2019 09:00,3.7,41,0,27.07,8,2.5,0,0.75,0,8.4,8.01,,86,27.4
14-12-2019 09:10,2.5,67,0,26.93,8.05,2.47,0,0.94,0,8.6,8.05,,85,27.7
14-12-2019 09:20,3.4,72,0,27.36,8.04,2.42,0,0.87,0,8.29,7.01,,87,26.9
14-12-2019 09:30,3.6,32,0,27.39,8.06,2.39,0,0.68,0,8.67,7.18,,89,26.9
14-12-2019 09:40,3.8,45,0,27.4,8.06,2.36,0,0.64,0,8.39,7.18,,89,26.9
14-12-2019 09:50,4.2,50,0,27.39,8.07,2.36,0,0.66,0,8.02,7.35,,85,27.1
14-12-2019 10:00,4.8,61,0,27.23,8.07,2.4,0,0.77,0,8.7,7.21,,84,27.3
14-12-2019 10:10,4.1,63,0,27.16,8.07,2.42,0,0.77,0,9.12,6.87,,84,27.1
14-12-2019 10:20,3.7,64,0,27.17,8.06,2.36,0,0.76,0,8.53,7.11,,82,27.4
14-12-2019 10:30,4,66,0,27.16,8.03,8.95,0,2.65,0,23.3,6.56,,83,27.3
14-12-2019 10:40,6.7,58,0,27.33,8.24,3.68,0,1.06,0,11.21,8.11,,82,27.1
14-12-2019 10:50,7.1,63,0,27.26,8.26,2.59,0,0.31,0,2.65,8.12,,79,27.1
14-12-2019 11:00,8.1,70,0,27.19,8.21,2.33,0,0.76,0,8.26,8.02,,79,27.2
14-12-2019 11:10,8,72,0,27.12,8.2,2.37,0,1,0,8.34,8.05,,81,27.2
14-12-2019 11:20,5.5,84,0,27.04,8.2,2.36,0,0.73,0,7.96,8.05,,83,26.9
14-12-2019 11:30,5.8,284,0,27.21,8.29,0.68,0,2.95,0,3.4,7.03,28.04,,
14-12-2019 11:40,6.8,292,0,27.22,8.29,0.59,0,3.13,0,4.77,7.03,28.05,,
14-12-2019 11:50,4.4,82,0,27.23,8.29,0.6,0,2.62,0,2.76,7.02,28.06,,
14-12-2019 12:00,7,81,0,27.23,8.29,0.5,0,2.44,0,3.03,6.97,28.08,,
14-12-2019 12:10,8.2,82,0,27.24,8.29,0.41,0,2.04,0,1.79,6.95,28.11,,
14-12-2019 12:20,8.6,83,0,27.25,8.29,0.61,0,2.09,0,2.09,6.94,28.12,,
14-12-2019 12:30,8,90,0,27.26,8.29,0.54,0,2.09,0,1.95,6.93,28.13,,
14-12-2019 12:40,6.6,83,0,27.25,8.29,0.53,0,2.22,0,1.42,6.91,28.16,,
14-12-2019 12:50,6.7,88,0,27.25,8.29,0.43,0,1.71,0,1.21,6.89,28.18,,
14-12-2019 13:00,6.1,103,0,27.26,8.29,0.43,0,1.81,0,1.92,6.91,28.16,,
14-12-2019 13:10,5.2,124,0,27.25,8.29,0.44,0,2.01,0,1.49,6.91,28.17,,
14-12-2019 13:20,4.1,108,0,27.27,8.29,0.55,0,2.17,0,1.4,6.9,28.18,,
14-12-2019 13:30,4.1,91,0,27.27,8.29,0.52,0,1.96,0,1.99,6.91,28.19,,
14-12-2019 13:40,3.6,87,0,27.26,8.3,0.46,0,3.09,0,3.94,7.05,28.14,,
14-12-2019 13:50,5.5,67,0,27.26,8.3,0.55,0,3.33,0,4.59,7.07,28.13,,
14-12-2019 14:00,6.2,65,0,27.26,8.3,0.57,0,3.31,0,3.99,7.07,28.13,,
14-12-2019 14:10,6,69,0,27.27,8.3,0.58,0,3.2,0,4.54,7.11,28.13,,
14-12-2019 14:20,6.3,67,0,27.27,8.3,0.58,0,3.14,0,4.51,7.11,28.13,,
14-12-2019 14:30,6.3,65,0,27.26,8.3,0.58,0,3.72,0,4.99,7.14,28.14,,
14-12-2019 14:40,6.2,64,0,27.26,8.3,0.56,0,3.53,0,5.07,7.15,28.13,,
14-12-2019 14:50,8,47,0,27.26,8.3,0.61,0,3.7,0,4.79,7.15,28.14,,
14-12-2019 15:00,4.8,56,0,27.26,8.3,0.56,0,3.9,0,5.15,7.14,28.15,,
14-12-2019 15:10,7.6,56,0,27.26,8.3,0.57,0,3.79,0,5.14,7.14,28.15,,
14-12-2019 15:20,7.2,56,0,27.26,8.3,1.03,0,3.88,0,5.96,7.14,28.16,,
14-12-2019 15:30,7.3,54,0,27.27,8.3,0.3,0,2.06,0,2.06,7.07,28.18,,
14-12-2019 15:40,7.1,54,0,27.27,8.3,0.29,0,1.69,0,1.42,7.05,28.19,,
14-12-2019 15:50,6.7,54,0,27.27,8.3,0.33,0,1.97,0,1.57,7.05,28.19,,
14-12-2019 16:00,6.9,54,0,27.27,8.3,0.32,0,2.11,0,1.44,7.04,28.2,,
14-12-2019 16:10,6.9,55,0,27.27,8.3,0.34,0,1.98,0,1.87,7.04,28.2,,
14-12-2019 16:20,6.8,57,0,27.27,8.3,0.34,0,2.14,0,1.52,7.04,28.21,,
14-12-2019 16:30,6.6,53,0,27.27,8.3,0.29,0,1.88,0,1.51,7.04,28.21,,
14-12-2019 16:40,7,50,0,27.24,8.3,0.25,0,1.73,0,0.82,7.07,28.13,,
14-12-2019 16:50,6.8,52,0,27.23,8.3,0.27,0,1.77,0,1.25,7.07,28.12,,
14-12-2019 17:00,6.8,47,0,27.24,8.3,0.28,0,1.69,0,1.12,7.08,28.13,,
14-12-2019 17:10,6.7,45,0,27.24,8.3,0.29,0,1.96,0,1.36,7.07,28.13,,
14-12-2019 17:20,6.7,46,0,27.24,8.3,0.34,0,1.96,0,1.12,7.08,28.13,,
14-12-2019 17:30,6.6,46,0,27.24,8.3,0.33,0,2.34,0,1.54,7.06,28.14,,
14-12-2019 17:40,6.6,47,0,27.24,8.3,0.4,0,2.27,0,1.63,7.06,28.15,,
14-12-2019 17:50,6.5,51,0,27.23,8.3,0.45,0,2.38,0,1.48,7.03,28.15,,
14-12-2019 18:00,6.5,53,0,27.25,8.3,0.54,0,2.37,0,1.25,7.03,28.16,,
14-12-2019 18:10,5.9,49,0,27.24,8.3,0.69,0,2.24,0,1.4,7,28.17,,
14-12-2019 18:20,5.9,50,0,27.25,8.3,0.73,0,2.47,0,1.02,7,28.16,,
14-12-2019 18:30,6,49,0,27.25,8.3,0.71,0,2.2,0,1.45,7.02,28.17,,
14-12-2019 18:40,6,45,0,27.25,8.3,0.54,0,2.45,0,1.9,7.04,28.17,,
14-12-2019 18:50,5.9,42,0,27.23,8.3,0.37,0,2.34,0,1.78,7.07,28.14,,
14-12-2019 19:00,5.9,48,0,27.24,8.3,0.44,0,2.56,0,2.49,7.09,28.13,,
14-12-2019 19:10,6.3,44,0,27.25,8.3,0.43,0,2.08,0,1.69,7.06,28.13,,
14-12-2019 19:20,6.6,47,0,27.25,8.3,0.45,0,2.22,0,1.43,7.06,28.14,,
14-12-2019 19:30,6.2,49,0,27.24,8.3,0.64,0,2.62,0,1.82,7.06,28.13,,
14-12-2019 19:40,6.2,47,0,27.24,8.3,0.52,0,2.37,0,1.91,7.05,28.14,,
14-12-2019 19:50,6.2,46,0,27.24,8.3,0.55,0,2.38,0,1.72,7.04,28.14,,
14-12-2019 20:00,6.1,47,0,27.24,8.3,0.6,0,2.27,0,1.44,7.04,28.14,,
14-12-2019 20:10,5.9,49,0,27.24,8.3,0.65,0,1.99,0,1.28,7.03,28.14,,
14-12-2019 20:20,5.8,50,0,27.22,8.3,0.58,0,2.18,0,0.97,7.02,28.14,,
14-12-2019 20:30,6,54,0,27.23,8.3,0.59,0,2.28,0,1,7.02,28.15,,
14-12-2019 20:40,5.8,55,0,27.23,8.3,0.59,0,1.92,0,0.95,7.02,28.14,,
14-12-2019 20:50,5.6,55,0,27.22,8.3,0.66,0,2.04,0,0.75,7.01,28.14,,
14-12-2019 21:00,5.7,54,0,27.23,8.3,0.63,0,2.26,0,1.15,7.01,28.14,,
14-12-2019 21:10,5.8,53,0,27.22,8.3,0.73,0,1.91,0,0.84,6.98,28.15,,
14-12-2019 21:20,5.6,51,0,27.21,8.3,0.78,0,1.7,0,0.57,6.98,28.15,,
14-12-2019 21:30,5.6,50,0,27.21,8.3,0.86,0,2.06,0,1.53,6.97,28.15,,
14-12-2019 21:40,5.9,49,0,27.2,8.3,0.9,0,1.85,0,1.37,6.95,28.15,,
14-12-2019 21:50,6,48,0,27.19,8.3,0.84,0,2.04,0,0.92,6.95,28.16,,
14-12-2019 22:00,5.8,50,0,27.19,8.3,0.94,0,2.37,0,1.51,6.94,28.16,,
14-12-2019 22:10,5.3,50,0,27.18,8.3,1.06,0,2.57,0,2.61,6.95,28.16,,
14-12-2019 22:20,5.9,58,0,27.18,8.3,0.74,0,2.5,0,2.54,6.99,28.14,,
14-12-2019 22:30,5.6,54,0,27.18,8.3,0.85,0,2.64,0,3.27,7,28.14,,
14-12-2019 22:40,5.7,54,0,27.2,8.3,0.59,0,3.07,0,3.63,7.04,28.07,,
14-12-2019 22:50,5.3,57,0,27.21,8.3,0.65,0,2.97,0,3.95,7.04,28.08,,
14-12-2019 23:00,5.7,56,0,27.21,8.3,0.71,0,2.97,0,3.28,7.03,28.09,,
14-12-2019 23:10,5.3,54,0,27.22,8.3,0.89,0,3.45,0,4.6,7.03,28.09,,
14-12-2019 23:20,5.3,55,0,27.18,8.3,0.74,0,3.9,0,2.82,7.03,28.07,,
14-12-2019 23:30,4.8,60,0,27.2,8.3,1,0,3.61,0,9.19,7.02,28.1,,
14-12-2019 23:40,5.1,54,0,27.19,8.3,0.56,0,3.51,0,4.53,7,28.01,,
14-12-2019 23:50,5.3,50,0,27.19,8.3,0.63,0,3.29,0,3.8,7.01,28.02,,
15-12-2019 00:00,5.4,55,0,27.2,8.3,0.59,0,3.22,0,3.93,7.02,28.01,,
15-12-2019 00:10,5.2,52,0,27.2,8.3,0.63,0,2.81,0,3.2,7.01,28,,
15-12-2019 00:20,5.1,51,0,27.2,8.3,0.65,0,3.33,0,4.03,6.99,28,,
15-12-2019 00:30,4.7,51,0,27.2,8.3,0.78,0,3.95,0,4.95,6.97,28,,
15-12-2019 00:40,4.5,49,0,27.21,8.3,0.75,0,3.2,0,3.07,6.96,28,,
15-12-2019 00:50,4.4,58,0,27.22,8.3,0.81,0,2.58,0,2.39,6.93,28.01,,
15-12-2019 01:00,4.6,62,0,27.22,8.3,0.86,0,2.12,0,1.15,6.9,28.01,,
15-12-2019 01:10,4.2,60,0,27.22,8.3,0.77,0,2.31,0,1.94,6.89,28.01,,
15-12-2019 01:20,5,59,0,27.22,8.3,0.78,0,2.33,0,1.83,6.9,28,,
15-12-2019 01:30,5,54,0,27.22,8.3,0.9,0,2.41,0,1.33,6.9,28,,
15-12-2019 01:40,5.3,54,0,27.22,8.3,0.98,0,2.66,0,2.93,6.9,28,,
15-12-2019 01:50,5.3,58,0,27.22,8.3,0.88,0,2.58,0,2.21,6.9,28,,
15-12-2019 02:00,5.4,57,0,27.22,8.3,1.09,0,2.88,0,2.14,6.91,27.99,,
15-12-2019 02:10,5.2,64,0,27.21,8.3,1.09,0,2.34,0,1.89,6.92,27.99,,
15-12-2019 02:20,4.9,58,0,27.19,8.3,1.18,0,2.8,0,2.29,6.91,27.99,,
15-12-2019 02:30,4.9,54,0,27.2,8.3,1.12,0,2.93,0,2.04,6.89,28,,
15-12-2019 02:40,4.9,51,0,27.19,8.3,0.87,0,2.38,0,2.32,6.9,27.99,,
15-12-2019 02:50,5.7,51,0,27.18,8.3,1.03,0,3.19,0,2.9,6.93,27.99,,
15-12-2019 03:00,5,51,0,27.17,8.3,0.83,0,3.08,0,3.54,6.94,27.99,,
15-12-2019 03:10,5.1,48,0,27.15,8.3,0.96,0,3.5,0,3.81,6.93,27.97,,
15-12-2019 03:20,5.1,48,0,27.16,8.3,1.11,0,3.73,0,4.43,6.92,27.98,,
15-12-2019 03:30,5.1,51,0,27.17,8.3,0.84,0,3.69,0,4.44,6.89,27.97,,
15-12-2019 03:40,5,50,0,27.17,8.3,0.76,0,2.8,0,2.87,6.88,27.98,,
15-12-2019 03:50,5.3,50,0,27.17,8.29,0.81,0,2.37,0,3.29,6.85,27.98,,
15-12-2019 04:00,5.9,48,0,27.17,8.29,0.93,0,2.56,0,2.72,6.86,27.98,,
15-12-2019 04:10,5.8,48,0,27.17,8.29,1.01,0,3.02,0,3.89,6.86,27.98,,
15-12-2019 04:20,6.1,48,0,27.15,8.29,1.17,0,3.48,0,3.62,6.85,27.98,,
15-12-2019 04:30,5.6,52,0,27.14,8.29,1.37,0,4.4,0,5.39,6.88,27.99,,
15-12-2019 04:40,5.5,50,0,27.13,8.29,1.38,0,3.65,0,4.34,6.86,27.98,,
15-12-2019 04:50,5.7,50,0,27.12,8.3,1.2,0,3.99,0,4.63,6.89,27.98,,
15-12-2019 05:00,5.8,48,0,27.11,8.3,1.26,0,4.31,0,4.84,6.9,27.98,,
15-12-2019 05:10,5.9,58,0,27.1,8.3,1.08,0,3.83,0,3.93,6.9,27.98,,
15-12-2019 05:20,5.8,50,0,27.1,8.3,1,0,4.02,0,4.56,6.89,27.98,,
15-12-2019 05:30,5.7,50,0,27.1,8.29,1.1,0,3.78,0,3.88,6.88,27.98,,
15-12-2019 05:40,6.3,42,0,27.1,8.3,1.15,0,3.72,0,4.87,6.89,27.98,,
15-12-2019 05:50,5.5,39,0,27.11,8.29,1.08,0,3.52,0,4.38,6.87,27.99,,
15-12-2019 06:00,5.3,51,0,27.1,8.29,1.02,0,4.44,0,4.18,6.87,27.99,,
15-12-2019 06:10,5.9,57,0,27.09,8.29,1.05,0,3.75,0,4.78,6.87,27.99,,
15-12-2019 06:20,6.8,58,0,27.08,8.29,0.97,0,3.66,0,4.04,6.86,28,,
15-12-2019 06:30,6,53,0,27.1,8.29,1.07,0,3.86,0,5.1,6.85,28.01,,
15-12-2019 06:40,5.8,58,0,27.1,8.29,1.06,0,3.14,0,3.52,6.83,28.01,,
15-12-2019 06:50,6.2,59,0,27.09,8.29,1.05,0,2.79,0,3.04,6.81,28.02,,
15-12-2019 07:00,6.2,62,0,27.09,8.29,1.18,0,2.87,0,2.93,6.83,28.02,,
15-12-2019 07:10,5.8,60,0,27.09,8.29,1.12,0,2.62,0,2.95,6.83,28.03,,
15-12-2019 07:20,5.8,61,0,27.1,8.29,1.06,0,2.72,0,2.45,6.82,28.05,,
15-12-2019 07:30,5.7,69,0,27.11,8.29,1.18,0,3.01,0,2.8,6.82,28.05,,
15-12-2019 07:40,5.7,66,0,27.11,8.29,1.1,0,3.31,0,3.63,6.82,28.06,,
15-12-2019 07:50,5.5,67,0,27.11,8.29,1.19,0,2.48,0,2.36,6.82,28.06,,
15-12-2019 08:00,5.4,69,0,27.12,8.29,1.07,0,2.53,0,2.68,6.83,28.07,,
15-12-2019 08:10,5.6,69,0,27.14,8.29,1.16,0,2.52,0,2.59,6.83,28.08,,
15-12-2019 08:20,5.3,66,0,27.15,8.29,1.07,0,2.17,0,1.91,6.85,28.09,,
15-12-2019 08:30,5.4,64,0,27.15,8.29,1.03,0,2.32,0,1.77,6.86,28.09,,
15-12-2019 08:40,5.7,64,0,27.16,8.29,0.88,0,2.06,0,1.64,6.87,28.1,,
15-12-2019 08:50,5.8,71,0,27.16,8.29,0.93,0,2.09,0,1.39,6.88,28.11,,
15-12-2019 09:00,5.7,64,0,27.16,8.29,0.89,0,2.75,0,2.08,6.92,28.11,,
15-12-2019 09:10,5.2,68,0,27.17,8.3,0.9,0,2.48,0,2.39,6.92,28.12,,
15-12-2019 09:20,5.2,70,0,27.18,8.3,0.83,0,2.03,0,1.44,6.98,28.11,,
15-12-2019 09:30,5.3,66,0,27.19,8.3,0.84,0,2.51,0,2.16,6.99,28.12,,
15-12-2019 09:40,5,66,0,27.19,8.3,0.9,0,2.77,0,2.69,7.02,28.12,,
15-12-2019 09:50,5,71,0,27.2,8.3,0.87,0,2.25,0,2.64,7.05,28.12,,
15-12-2019 10:00,5,71,0,27.21,8.3,0.84,0,2.91,0,2.64,7.08,28.12,,
15-12-2019 10:10,4.8,71,0,27.22,8.3,0.81,0,2.53,0,1.79,7.1,28.12,,
15-12-2019 10:20,4.9,64,0,27.23,8.31,0.77,0,2.47,0,2.42,7.12,28.12,,
15-12-2019 10:30,4.6,63,0,27.24,8.31,0.9,0,2.7,0,1.74,7.16,28.12,,
15-12-2019 10:40,4.8,63,0,27.23,8.31,0.88,0,2.76,0,2.32,7.18,28.12,,
15-12-2019 10:50,4.3,64,0,27.25,8.31,0.76,0,3.22,0,3.12,7.2,28.12,,
15-12-2019 11:00,5,72,0,27.26,8.31,0.75,0,2.63,0,1.89,7.25,28.12,,
15-12-2019 11:10,4.5,69,0,27.28,8.32,0.75,0,3.27,0,2.4,7.28,28.12,,
15-12-2019 11:20,4.1,59,0,27.3,8.32,0.78,0,2.57,0,2.49,7.31,28.12,,
15-12-2019 11:30,4.1,51,0,27.32,8.32,0.83,0,2.65,0,2.31,7.34,28.12,,
15-12-2019 11:40,4.3,54,0,27.34,8.32,0.81,0,2.57,0,2.61,7.38,28.13,,
15-12-2019 11:50,4.4,54,0,27.33,8.32,0.74,0,2.43,0,2.34,7.41,28.13,,
15-12-2019 12:00,4.1,47,0,27.33,8.32,0.83,0,2.61,0,2.76,7.44,28.13,,
15-12-2019 12:10,4,45,0,27.35,8.33,0.71,0,1.81,0,0.72,7.46,28.13,,
15-12-2019 12:20,4,37,0,27.43,8.33,0.64,0,1.8,0,0.78,7.47,28.15,,
15-12-2019 12:30,4,38,0,27.42,8.33,0.64,0,1.87,0,0.98,7.5,28.16,,
15-12-2019 12:40,4.4,30,0,27.42,8.33,0.65,0,1.84,0,0.74,7.55,28.16,,
15-12-2019 12:50,4.7,35,0,27.52,8.34,0.68,0,2.69,0,2.65,7.65,28.19,,
15-12-2019 13:00,4.9,41,0,27.5,8.34,0.62,0,2.13,0,0.83,7.72,28.18,,
15-12-2019 13:10,5.2,45,0,27.56,8.34,0.72,0,2.67,0,1.85,7.76,28.19,,
15-12-2019 13:20,5.2,49,0,27.53,8.35,0.61,0,2.9,0,2.78,7.79,28.18,,
15-12-2019 13:30,4.8,49,0,27.53,8.35,0.62,0,3.29,0,3.56,7.86,28.17,,
15-12-2019 13:40,4.8,51,0,27.53,8.35,0.74,0,3.41,0,3.21,7.89,28.17,,
15-12-2019 13:50,4.9,43,0,27.51,8.36,0.6,0,3.42,0,3.41,7.91,28.17,,
15-12-2019 14:00,4.7,48,0,27.52,8.36,0.65,0,3.58,0,3.4,7.96,28.17,,
15-12-2019 14:10,4.3,45,0,27.54,8.36,0.56,0,2.77,0,2.7,8.01,28.17,,
15-12-2019 14:20,4.6,46,0,27.56,8.36,0.64,0,2.92,0,3.4,8.06,28.17,,
15-12-2019 14:30,4.6,49,0,27.56,8.36,0.67,0,3.09,0,3.36,8.08,28.17,,
15-12-2019 14:40,4.7,48,0,27.55,8.37,0.67,0,3.42,0,3.45,8.12,28.17,,
15-12-2019 14:50,4.3,48,0,27.55,8.37,0.64,0,3.74,0,4.06,8.15,28.16,,
15-12-2019 15:00,4.2,45,0,27.54,8.37,0.63,0,4,0,4.88,8.17,28.16,,
15-12-2019 15:10,4.3,48,0,27.53,8.37,0.69,0,4.44,0,4.53,8.16,28.17,,
15-12-2019 15:20,4.4,41,0,27.53,8.37,0.6,0,4.37,0,5.11,8.19,28.17,,
15-12-2019 15:30,4.5,41,0,27.52,8.37,0.69,0,3.99,0,3.75,8.19,28.17,,
15-12-2019 15:40,4.8,36,0,27.51,8.37,0.65,0,3.82,0,4.38,8.22,28.16,,
15-12-2019 15:50,4.8,34,0,27.51,8.37,0.59,0,3.94,0,4.89,8.24,28.16,,
15-12-2019 16:00,5,33,0,27.5,8.37,0.65,0,4.02,0,4.99,8.22,28.16,,
15-12-2019 16:10,4.8,30,0,27.5,8.37,0.75,0,3.69,0,4.2,8.21,28.15,,
15-12-2019 16:20,5.2,27,0,27.49,8.37,0.6,0,4.04,0,4.72,8.21,28.15,,
15-12-2019 16:30,5.1,31,0,27.48,8.37,0.63,0,4.48,0,3.23,8.19,28.14,,
15-12-2019 16:40,5.3,28,0,27.47,8.37,0.64,0,4.54,0,5.18,8.2,28.14,,
15-12-2019 16:50,5.3,36,0,27.47,8.37,0.66,0,4.61,0,5.16,8.2,28.14,,
15-12-2019 17:00,5.8,32,0,27.48,8.37,0.56,0,4.42,0,3.69,8.17,28.14,,
15-12-2019 17:10,5.5,35,0,27.46,8.37,0.59,0,3.66,0,3.8,8.15,28.14,,
15-12-2019 17:20,5.5,33,0,27.46,8.37,0.61,0,4.27,0,4.62,8.14,28.14,,
15-12-2019 17:30,5.9,30,0,27.47,8.37,0.67,0,4.02,0,3.42,8.09,28.14,,
15-12-2019 17:40,6.1,36,0,27.48,8.37,0.62,0,4.38,0,4.76,8.1,28.14,,
15-12-2019 17:50,6,36,0,27.49,8.37,0.6,0,4.92,0,4.44,8.08,28.15,,
15-12-2019 18:00,5.8,33,0,27.49,8.37,1.05,0,4.79,0,5.17,8.07,28.15,,
15-12-2019 18:10,5.7,32,0,27.49,8.36,0.58,0,5.05,0,5.52,8,28.15,,
15-12-2019 18:20,5.7,28,0,27.46,8.36,0.64,0,5.31,0,5.33,7.98,28.15,,
15-12-2019 18:30,5.9,24,0,27.47,8.36,0.65,0,3.97,0,4.16,7.96,28.14,,
15-12-2019 18:40,6,27,0,27.47,8.36,0.58,0,3.79,0,1.49,7.9,28.15,,
15-12-2019 18:50,6.2,26,0,27.45,8.36,0.63,0,4.67,0,1.72,7.86,28.15,,
15-12-2019 19:00,5.8,23,0,27.45,8.35,0.69,0,4.01,0,4.93,7.86,28.15,,
15-12-2019 19:10,6.1,28,0,27.45,8.35,0.61,0,3.91,0,5.16,7.82,28.16,,
15-12-2019 19:20,6.2,24,0,27.45,8.35,0.6,0,4.01,0,4.98,7.81,28.16,,
15-12-2019 19:30,6.1,22,0,27.46,8.35,0.69,0,4.65,0,3.65,7.8,28.17,,
15-12-2019 19:40,6.3,21,0,27.47,8.35,0.6,0,3.96,0,4.39,7.76,28.17,,
15-12-2019 19:50,6.2,23,0,27.47,8.35,0.6,0,3.88,0,4.87,7.73,28.18,,
15-12-2019 20:00,6.2,25,0,27.46,8.35,0.55,0,3.85,0,4.74,7.73,28.18,,
15-12-2019 20:10,6.1,24,0,27.47,8.34,0.6,0,4.39,0,4.63,7.74,28.18,,
15-12-2019 20:20,5.9,25,0,27.46,8.34,0.86,0,4.2,0,4.4,7.68,28.18,,
15-12-2019 20:30,6.2,25,0,27.45,8.34,0.62,0,3.63,0,4.74,7.69,28.19,,
15-12-2019 20:40,6.1,25,0,27.47,8.34,0.69,0,3.76,0,4.42,7.69,28.19,,
15-12-2019 20:50,5.7,28,0,27.48,8.34,0.59,0,3.49,0,4.52,7.67,28.19,,
15-12-2019 21:00,5.7,28,0,27.47,8.34,0.74,0,3.65,0,3.46,7.68,28.19,,
15-12-2019 21:10,5.7,29,0,27.47,8.34,0.57,0,3.57,0,3.73,7.68,28.19,,
15-12-2019 21:20,5.4,28,0,27.45,8.34,0.47,0,3.59,0,3.73,7.67,28.19,,
15-12-2019 21:30,5.5,26,0,27.45,8.34,0.63,0,3.67,0,4.61,7.68,28.19,,
15-12-2019 21:40,5.1,26,0,27.45,8.34,0.69,0,3.5,0,4.17,7.68,28.19,,
15-12-2019 21:50,5.2,22,0,27.43,8.34,0.68,0,4.09,0,4.25,7.66,28.19,,
15-12-2019 22:00,5.4,29,0,27.42,8.34,0.58,0,3.75,0,4.58,7.66,28.18,,
15-12-2019 22:10,5.5,29,0,27.42,8.34,0.59,0,3.84,0,4.74,7.67,28.18,,
15-12-2019 22:20,5.4,33,0,27.44,8.34,0.72,0,3.92,0,4.02,7.7,28.18,,
15-12-2019 22:30,5.1,37,0,27.44,8.34,0.68,0,4.01,0,4.25,7.7,28.19,,
15-12-2019 22:40,4.9,33,0,27.45,8.34,0.78,0,3.97,0,4.35,7.68,28.19,,
15-12-2019 22:50,4.9,29,0,27.44,8.34,0.6,0,4.01,0,5.3,7.66,28.19,,
15-12-2019 23:00,5,32,0,27.43,8.34,0.79,0,3.96,0,4.51,7.63,28.19,,
15-12-2019 23:10,4.8,29,0,27.42,8.34,0.63,0,3.62,0,4.39,7.6,28.19,,
15-12-2019 23:20,4.8,27,0,27.43,8.33,0.63,0,3.48,0,3.86,7.54,28.19,,
15-12-2019 23:30,5.2,23,0,27.42,8.33,0.75,0,3.89,0,4.48,7.54,28.19,,
15-12-2019 23:40,5.1,23,0,27.43,8.33,0.7,0,3.74,0,4.13,7.51,28.19,,
15-12-2019 23:50,4.6,16,0,27.41,8.33,0.64,0,3.57,0,4.75,7.49,28.19,,
16-12-2019 00:00,5.1,19,0,27.4,8.32,0.75,0,2.8,0,3.64,7.38,28.19,,
16-12-2019 00:10,5.3,23,0,27.44,8.31,1.05,0,2.4,0,1.43,7.16,28.2,,
16-12-2019 00:20,4.7,15,0,27.43,8.31,1.06,0,3.58,0,4.48,7.19,28.19,,
16-12-2019 00:30,3.7,4,0,27.43,8.31,0.94,0,2.79,0,2.78,7.17,28.19,,
16-12-2019 00:40,2.8,1,0,27.44,8.31,0.92,0,2.19,0,1.58,7.12,28.2,,
16-12-2019 00:50,3.1,1,0,27.43,8.31,1.25,0,2.8,0,2.27,7.1,28.2,,
16-12-2019 01:00,2.7,339,0,27.42,8.31,0.96,0,2.26,0,1.84,7.1,28.19,,
16-12-2019 01:10,2.3,310,0,27.42,8.3,1,0,2.43,0,1.39,7.05,28.19,,
16-12-2019 01:20,2.3,301,0,27.42,8.3,1.09,0,2.23,0,1.16,7.04,28.19,,
16-12-2019 01:30,2.2,310,0,27.42,8.3,1.03,0,2.76,0,2.47,7.03,28.19,,
16-12-2019 01:40,2.3,311,0,27.41,8.3,0.85,0,1.91,0,1.28,7.05,28.18,,
16-12-2019 01:50,2.3,310,0,27.41,8.3,0.79,0,1.62,0,0.3,7.06,28.19,,
16-12-2019 02:00,2.3,313,0,27.41,8.3,0.74,0,2.02,0,0.51,7.07,28.19,,
16-12-2019 02:10,2.8,319,0,27.4,8.3,0.66,0,1.56,0,0.11,7.09,28.19,,
16-12-2019 02:20,2.8,317,0,27.41,8.3,0.71,0,1.89,0,0.53,7.08,28.19,,
16-12-2019 02:30,2.9,315,0,27.39,8.3,0.72,0,1.78,0,0.1,7.06,28.19,,
16-12-2019 02:40,2.9,306,0,27.4,8.3,0.69,0,1.59,0,0.34,7.05,28.19,,
16-12-2019 02:50,3.1,324,0,27.4,8.3,0.65,0,1.94,0,0.83,7.04,28.18,,
16-12-2019 03:00,4.2,328,0,27.39,8.3,0.69,0,1.92,0,0,7.01,28.17,,
16-12-2019 03:10,3.3,324,0,27.39,8.3,0.84,0,2.06,0,0.82,7.03,28.17,,
16-12-2019 03:20,2.6,316,0,27.42,8.3,1.28,0,2.43,0,1.36,7.02,28.18,,
16-12-2019 03:30,2.4,314,0,27.42,8.3,0.64,0,1.36,0,0,7.05,28.19,,
16-12-2019 03:40,1.7,347,0,27.41,8.3,0.71,0,1.46,0,0,7.05,28.17,,
16-12-2019 03:50,2.7,29,0,27.41,8.3,0.7,0,1.52,0,0,7.05,28.18,,
16-12-2019 04:00,2.5,18,0,27.41,8.3,0.56,0,1.96,0,0,7.05,28.19,,
16-12-2019 04:10,2.7,335,0,27.41,8.3,0.62,0,1.45,0,0,7.04,28.19,,
16-12-2019 04:20,2.7,310,0,27.4,8.3,0.63,0,1.79,0,0.48,7.06,28.19,,
16-12-2019 04:30,2.4,297,0,27.39,8.3,0.57,0,1.47,0,0,7.05,28.19,,
16-12-2019 04:40,2.5,302,0,27.38,8.3,0.53,0,1.69,0,0,7.04,28.19,,
16-12-2019 04:50,2.5,305,0,27.38,8.3,0.58,0,1.43,0,0,7.07,28.19,,
16-12-2019 05:00,2.7,308,0,27.38,8.3,0.45,0,1.59,0,0,7.08,28.19,,
16-12-2019 05:10,2.5,309,0,27.37,8.3,0.43,0,1.78,0,0.58,7.06,28.18,,
16-12-2019 05:20,1.8,324,0,27.38,8.3,0.53,0,1.37,0,0,7.05,28.18,,
16-12-2019 05:30,1.5,315,0,27.38,8.3,0.46,0,1.91,0,0.39,7.06,28.18,,
16-12-2019 05:40,2.5,311,0,27.38,8.3,0.48,0,1.51,0,0,7.04,28.19,,
16-12-2019 05:50,3.2,314,0,27.37,8.3,0.56,0,1.7,0,0.28,7.03,28.18,,
16-12-2019 06:00,3.7,319,0,27.36,8.3,0.51,0,1.39,0,0,7.04,28.18,,
16-12-2019 06:10,3.8,321,0,27.36,8.3,0.52,0,2.13,0,0.84,7.02,28.18,,
16-12-2019 06:20,3.8,320,0,27.36,8.3,0.53,0,1.89,0,1.15,6.98,28.18,,
16-12-2019 06:30,3.9,328,0,27.37,8.3,0.64,0,2.09,0,0.98,6.96,28.19,,
16-12-2019 06:40,3.9,344,0,27.38,8.3,0.77,0,1.87,0,0.82,6.94,28.19,,
16-12-2019 06:50,3.4,340,0,27.36,8.3,0.65,0,1.9,0,0.52,6.95,28.19,,
16-12-2019 07:00,3,338,0,27.37,8.3,0.63,0,2.29,0,2.08,6.95,28.18,,
16-12-2019 07:10,2.3,330,0,27.35,8.3,0.64,0,1.74,0,0.69,6.97,28.18,,
16-12-2019 07:20,2.8,325,0,27.34,8.3,0.68,0,1.75,0,0.84,6.99,28.18,,
16-12-2019 07:30,2.7,334,0,27.34,8.3,0.75,0,2,0,1.5,6.98,28.18,,
16-12-2019 07:40,2.1,336,0,27.35,8.3,0.82,0,2.33,0,1.95,6.99,28.18,,
16-12-2019 07:50,1.7,338,0,27.35,8.3,0.84,0,1.92,0,0.44,6.95,28.18,,
16-12-2019 08:00,1.8,320,0,27.32,8.3,0.8,0,2.38,0,1.87,6.96,28.15,,
16-12-2019 08:10,1.6,317,0,27.33,8.3,0.75,0,2.42,0,1.72,7.01,28.12,,
16-12-2019 08:20,1.3,341,0,27.34,8.3,0.65,0,2.5,0,1.53,7.02,28.13,,
16-12-2019 08:30,2.5,3,0,27.33,8.31,0.79,0,3.08,0,2.61,7.07,28.15,,
16-12-2019 08:40,2.7,354,0,27.27,8.31,0.85,0,3.16,0,4.09,7.14,28.13,,
16-12-2019 08:50,1.8,350,0,27.27,8.31,0.95,0,3.6,0,4.13,7.1,28.14,,
16-12-2019 09:00,1.4,305,0,27.33,8.31,0.84,0,3.73,0,4.48,7.09,28.11,,
16-12-2019 09:10,2.2,354,0,27.3,8.29,0.97,0,4.01,0,4.16,7,28,,
16-12-2019 09:20,2.9,17,0,27.3,8.29,1,0,2.27,0,2.51,6.98,27.87,,
16-12-2019 09:30,3.5,32,0,27.33,8.29,1.08,0,2.64,0,2.69,7.01,27.94,,
16-12-2019 09:40,4.9,81,0,27.39,8.28,1.15,0,2.08,0,1.5,6.97,27.98,,
16-12-2019 09:50,4.2,81,0,27.41,8.28,0.9,0,2.07,0,1.44,6.97,27.94,,
16-12-2019 10:00,4.3,79,0,27.41,8.29,0.9,0,2.19,0,1.74,7.04,27.98,,
16-12-2019 10:10,4.3,82,0,27.4,8.3,0.88,0,1.78,0,0.77,7.09,28.05,,
16-12-2019 10:20,4.9,78,0,27.4,8.3,0.79,0,2.22,0,1.89,7.09,28.11,,
16-12-2019 10:30,4.4,93,0,27.41,8.3,0.58,0,1.37,0,0,7.12,28.13,,
16-12-2019 10:40,5.7,79,0,27.43,8.31,0.49,0,1.05,0,0,7.16,28.11,,
16-12-2019 10:50,5.7,79,0,27.44,8.31,0.51,0,1.13,0,0,7.16,28.13,,
16-12-2019 11:00,5.9,75,0,27.45,8.31,0.67,0,1.44,0,0,7.18,28.14,,
16-12-2019 11:10,6.7,75,0,27.42,8.31,0.63,0,1.84,0,1.12,7.16,28.15,,
16-12-2019 11:20,6.8,76,0,27.43,8.31,0.7,0,1.89,0,1.01,7.2,28.14,,
16-12-2019 11:30,6.7,76,0,27.46,8.31,0.69,0,1.39,0,0,7.21,28.14,,
16-12-2019 11:40,6.4,78,0,27.48,8.31,0.68,0,1.58,0,0,7.24,28.13,,
16-12-2019 11:50,6.6,78,0,27.49,8.31,0.65,0,1.37,0,0.02,7.27,28.14,,
16-12-2019 12:00,5.8,75,0,27.5,8.31,0.74,0,1.68,0,1.36,7.29,28.14,,
16-12-2019 12:10,5.8,69,0,27.51,8.31,0.65,0,2.26,0,1.54,7.31,28.14,,
16-12-2019 12:20,6.2,70,0,27.55,8.31,0.64,0,1.52,0,0.15,7.33,28.14,,
16-12-2019 12:30,7,67,0,27.55,8.32,0.53,0,1.74,0,0.74,7.35,28.14,,
16-12-2019 12:40,7.5,59,0,27.56,8.32,0.49,0,1.85,0,1.27,7.36,28.15,,
16-12-2019 12:50,7.6,49,0,27.55,8.32,0.59,0,2.24,0,1.64,7.39,28.15,,
16-12-2019 13:00,7,52,0,27.56,8.32,0.58,0,2.18,0,1.78,7.42,28.15,,
16-12-2019 13:10,7,67,0,27.55,8.32,0.55,0,1.77,0,0.71,7.41,28.17,,
16-12-2019 13:20,6.9,68,0,27.5,8.34,0.76,0,4.07,0,5.82,7.76,28.14,,
16-12-2019 13:30,6.5,64,0,27.59,8.36,0.7,0,3.94,0,4.54,7.95,28.17,,
16-12-2019 13:40,6.9,65,0,27.61,8.35,0.64,0,4.42,0,5.7,7.84,28.18,,
16-12-2019 13:50,6.9,66,0,27.61,8.35,0.73,0,5.13,0,7.4,7.85,28.18,,
16-12-2019 14:00,6.9,68,0,27.6,8.34,0.81,0,3.41,0,4.64,7.72,28.19,,
16-12-2019 14:10,6.9,66,0,27.55,8.4,0.58,0,15.8,0,16.79,8.64,28.07,,
16-12-2019 14:20,6.9,67,0,27.55,8.41,0.69,0,9.21,0,11.65,9,28.02,,
16-12-2019 14:30,6.8,67,0,27.54,8.41,0.65,0,6.62,0,11.37,8.91,28.03,,
16-12-2019 14:40,7.2,65,0,27.57,8.42,0.73,0,13.04,0,38.21,8.4,28.01,,
16-12-2019 14:50,7.2,65,0,27.59,8.42,0.84,0,18.42,0,50.36,8.4,27.94,,
16-12-2019 15:00,7,62,0,27.59,8.41,0.79,0,13.94,0,37.71,8.4,27.93,,
16-12-2019 15:10,6.9,57,0,27.57,8.4,0.82,0,13.73,0,30.12,8.4,27.93,,
16-12-2019 15:20,6.8,58,0,27.57,8.39,0.77,0,15.63,0,55.53,8.8,27.91,,
16-12-2019 15:30,6.7,52,0,27.58,8.39,0.76,0,14.96,0,31.52,8.87,27.89,,
16-12-2019 15:40,6.3,48,0,27.54,8.37,0.98,0,15.96,0,35.31,8.57,27.9,,
16-12-2019 15:50,6,46,0,27.49,8.36,0.96,0,10.23,0,20.76,8.33,27.9,,
16-12-2019 16:00,5.9,48,0,27.56,8.39,0.85,0,24.31,0,45.39,8.76,27.87,,
16-12-2019 16:10,6.3,51,0,27.52,8.37,0.84,0,15.68,0,49.03,8.51,27.88,,
16-12-2019 16:20,6.7,51,0,27.53,8.37,0.85,0,13.48,0,33.46,8.57,27.87,,
16-12-2019 16:30,6.4,51,0,27.5,8.37,0.73,0,12.54,0,24.85,8.39,27.89,,
16-12-2019 16:40,6.6,54,0,27.53,8.38,0.81,0,13.9,0,26.19,8.68,27.88,,
16-12-2019 16:50,6.6,51,0,27.53,8.38,0.83,0,14.92,0,26.03,8.62,27.88,,
16-12-2019 17:00,6.2,47,0,27.55,8.38,0.88,0,13.41,0,24.53,8.69,27.89,,
16-12-2019 17:10,5.7,41,0,27.54,8.38,0.86,0,27.77,0,42.3,8.71,27.89,,
16-12-2019 17:20,6.1,40,0,27.53,8.38,0.91,0,11.68,0,27.78,8.66,27.89,,
16-12-2019 17:30,6.3,41,0,27.52,8.37,0.99,0,12.07,0,34.11,8.56,27.9,,
16-12-2019 17:40,6.5,40,0,27.52,8.38,0.96,0,24.87,0,21.55,8.56,27.89,,
16-12-2019 17:50,6.5,39,0,27.52,8.38,0.93,0,20.19,0,31.99,8.57,27.89,,
16-12-2019 18:00,6.4,40,0,27.51,8.37,0.88,0,22.65,0,47.27,8.43,27.9,,
16-12-2019 18:10,6.3,40,0,27.49,8.37,0.9,0,10.51,0,65.4,8.41,27.91,,
16-12-2019 18:20,6.4,39,0,27.48,8.36,0.88,0,28,0,34.43,8.27,27.91,,
16-12-2019 18:30,6.3,41,0,27.45,8.36,0.94,0,15.16,0,27.07,8.19,27.91,,
16-12-2019 18:40,6.6,40,0,27.45,8.35,0.89,0,14.28,0,18.9,8.08,27.92,,
16-12-2019 18:50,6.3,41,0,27.44,8.35,0.96,0,22.01,0,38.36,8,27.92,,
16-12-2019 19:00,6.2,42,0,27.44,8.35,0.95,0,16.8,0,35.36,8.03,27.92,,
16-12-2019 19:10,6.3,40,0,27.44,8.35,0.93,0,9.9,0,18.16,8,27.92,,
16-12-2019 19:20,6.1,40,0,27.43,8.34,0.98,0,32.26,0,33.61,7.94,27.93,,
16-12-2019 19:30,6.2,43,0,27.44,8.34,1.02,0,14.2,0,23.54,7.94,27.93,,
16-12-2019 19:40,6.4,37,0,27.44,8.34,1.14,0,12.64,0,17.52,7.92,27.94,,
16-12-2019 19:50,6.1,41,0,27.44,8.34,0.97,0,11.98,0,16.28,7.9,27.93,,
16-12-2019 20:00,6.1,38,0,27.45,8.34,0.95,0,11.8,0,16.9,7.86,27.93,,
16-12-2019 20:10,6.4,36,0,27.44,8.33,1.05,0,19.73,0,51.99,7.75,27.95,,
16-12-2019 20:20,6.4,38,0,27.42,8.32,0.92,0,6.55,0,11.27,7.59,27.97,,
16-12-2019 20:30,6.7,38,0,27.41,8.32,0.92,0,9.71,0,10.02,7.46,27.99,,
16-12-2019 20:40,6.8,39,0,27.4,8.32,0.87,0,6.22,0,4.83,7.42,27.99,,
16-12-2019 20:50,6.6,36,0,27.4,8.31,0.97,0,5.06,0,11.13,7.38,28,,
16-12-2019 21:00,6.9,34,0,27.39,8.31,0.94,0,5.8,0,12.91,7.3,28.01,,
16-12-2019 21:10,7,34,0,27.39,8.31,0.88,0,5.33,0,11.81,7.32,28.01,,
16-12-2019 21:20,6.9,33,0,27.37,8.31,0.76,0,4.21,0,1.33,7.26,28,,
16-12-2019 21:30,6.9,33,0,27.38,8.31,0.85,0,5.16,0,1.01,7.24,28,,
16-12-2019 21:40,6.8,32,0,27.38,8.31,0.77,0,4.41,0,5.15,7.22,28.01,,
16-12-2019 21:50,7.1,34,0,27.38,8.31,0.81,0,4.77,0,3.66,7.18,28,,
16-12-2019 22:00,7,37,0,27.38,8.31,0.82,0,3.88,0,5.5,7.19,28.01,,
16-12-2019 22:10,7.4,39,0,27.38,8.31,0.85,0,5.05,0,5.65,7.26,28.01,,
16-12-2019 22:20,7.4,41,0,27.38,8.32,0.84,0,5.01,0,11,7.3,28.02,,
16-12-2019 22:30,7.7,41,0,27.39,8.31,0.78,0,4.73,0,9.86,7.21,28.04,,
16-12-2019 22:40,7.6,40,0,27.38,8.31,0.89,0,5.92,0,7,7.22,28.05,,
16-12-2019 22:50,7.6,43,0,27.37,8.32,0.89,0,5.61,0,12.66,7.31,28.04,,
16-12-2019 23:00,7.5,45,0,27.37,8.32,0.96,0,6.63,0,21.94,7.33,28.04,,
16-12-2019 23:10,7.3,44,0,27.37,8.32,0.91,0,5.14,0,11.31,7.33,28.04,,
16-12-2019 23:20,7.4,44,0,27.36,8.32,0.92,0,9.74,0,15.18,7.34,28.04,,
16-12-2019 23:30,7.1,46,0,27.36,8.32,0.88,0,7.87,0,9.07,7.32,28.04,,
16-12-2019 23:40,6.9,47,0,27.36,8.31,0.97,0,6.4,0,27.99,7.29,28.04,,
16-12-2019 23:50,6.9,52,0,27.36,8.32,0.92,0,9.14,0,19.66,7.31,28.04,,
17-12-2019 00:00,6.4,49,0,27.36,8.31,0.87,0,5.92,0,8.92,7.29,28.05,,
17-12-2019 00:10,6.5,57,0,27.35,8.31,0.88,0,6.54,0,19.61,7.28,28.05,,
17-12-2019 00:20,6.2,59,0,27.35,8.31,0.96,0,6.14,0,10.2,7.3,28.04,,
17-12-2019 00:30,6,58,0,27.35,8.31,1.15,0,5.92,0,11.8,7.32,28.03,,
17-12-2019 00:40,6,54,0,27.34,8.31,1,0,4.18,0,12.19,7.29,28.03,,
17-12-2019 00:50,5.9,53,0,27.34,8.31,1.03,0,4.22,0,6.75,7.31,28.03,,
17-12-2019 01:00,5.7,51,0,27.32,8.31,1,0,6.34,0,29.83,7.29,28.03,,
17-12-2019 01:10,5.9,48,0,27.34,8.31,0.99,0,5.87,0,65.77,7.27,28.04,,
17-12-2019 01:20,6,43,0,27.32,8.31,0.96,0,3.78,0,3.07,7.27,28.03,,
17-12-2019 01:30,5.7,40,0,27.33,8.31,1.05,0,7.38,0,12.91,7.26,28.04,,
17-12-2019 01:40,6.1,38,0,27.33,8.31,1.06,0,5.45,0,9.66,7.21,28.05,,
17-12-2019 01:50,5.7,44,0,27.33,8.31,0.97,0,5.48,0,8.18,7.2,28.05,,
17-12-2019 02:00,6.2,44,0,27.32,8.31,0.92,0,6.51,0,5.9,7.18,28.05,,
17-12-2019 02:10,6,43,0,27.3,8.31,0.98,0,5.82,0,19.02,7.18,28.05,,
17-12-2019 02:20,6.1,46,0,27.33,8.31,1.01,0,5.44,0,7.78,7.14,28.06,,
17-12-2019 02:30,5.9,42,0,27.32,8.31,0.98,0,5.06,0,6.03,7.15,28.06,,
17-12-2019 02:40,5.9,48,0,27.32,8.31,0.98,0,5.09,0,11.41,7.13,28.07,,
17-12-2019 02:50,6.4,44,0,27.3,8.3,0.96,0,5.17,0,10.86,7.13,28.07,,
17-12-2019 03:00,6.6,47,0,27.31,8.3,0.94,0,5.39,0,6.24,7.13,28.07,,
17-12-2019 03:10,6.2,41,0,27.32,8.3,0.96,0,5.68,0,26.27,7.11,28.08,,
17-12-2019 03:20,6.5,41,0,27.31,8.3,1.08,0,4.36,0,5.94,7.1,28.08,,
17-12-2019 03:30,6.7,42,0,27.31,8.3,1.04,0,4.36,0,5.23,7.1,28.08,,
17-12-2019 03:40,7,43,0,27.29,8.3,0.97,0,5.65,0,9.59,7.1,28.08,,
17-12-2019 03:50,7.3,40,0,27.29,8.3,0.94,0,4.92,0,8.08,7.1,28.08,,
17-12-2019 04:00,7.4,43,0,27.3,8.3,0.87,0,4.74,0,6.6,7.09,28.08,,
17-12-2019 04:10,7.3,39,0,27.28,8.3,0.96,0,4.27,0,7.04,7.07,28.09,,
17-12-2019 04:20,7.3,43,0,27.29,8.3,0.87,0,4.71,0,10.89,7.06,28.1,,
17-12-2019 04:30,7.2,44,0,27.29,8.3,0.8,0,3.83,0,5.18,7.06,28.1,,
17-12-2019 04:40,7.6,41,0,27.29,8.3,0.75,0,4.41,0,2.96,7.06,28.1,,
17-12-2019 04:50,7.7,44,0,27.29,8.3,0.8,0,4.22,0,4.63,7.03,28.11,,
17-12-2019 05:00,7.8,46,0,27.29,8.3,0.86,0,3.9,0,5.97,7.03,28.11,,
17-12-2019 05:10,7.8,39,0,27.28,8.3,0.76,0,3.95,0,4.89,7.01,28.12,,
17-12-2019 05:20,7.7,41,0,27.27,8.3,0.76,0,3.54,0,7.47,7.02,28.11,,
17-12-2019 05:30,7.5,43,0,27.27,8.3,0.88,0,3.83,0,4.87,7.01,28.12,,
17-12-2019 05:40,7.7,42,0,27.27,8.3,0.84,0,3.73,0,7.73,7.01,28.11,,
17-12-2019 05:50,7.5,44,0,27.26,8.3,0.82,0,4.5,0,2.67,7,28.12,,
17-12-2019 06:00,7.9,45,0,27.26,8.3,1.03,0,4.12,0,4.22,6.99,28.13,,
17-12-2019 06:10,7.8,47,0,27.25,8.3,0.91,0,3.81,0,5.17,6.98,28.12,,
17-12-2019 06:20,7.6,45,0,27.25,8.3,0.94,0,3.57,0,5.49,6.96,28.13,,
17-12-2019 06:30,7.5,52,0,27.25,8.3,0.94,0,3.65,0,4.86,6.96,28.13,,
17-12-2019 06:40,7.8,48,0,27.25,8.3,0.93,0,2.99,0,4.27,6.95,28.14,,
17-12-2019 06:50,7.8,50,0,27.24,8.3,0.93,0,3.37,0,4.4,6.94,28.15,,
17-12-2019 07:00,7.4,53,0,27.24,8.3,1.04,0,2.88,0,3.39,6.93,28.15,,
17-12-2019 07:10,7.9,51,0,27.24,8.29,1.01,0,2.53,0,4.29,6.93,28.16,,
17-12-2019 07:20,7.2,52,0,27.24,8.29,1.02,0,2.52,0,3.09,6.9,28.17,,
17-12-2019 07:30,7.7,56,0,27.24,8.29,0.97,0,2.27,0,2.51,6.9,28.18,,
17-12-2019 07:40,7.2,57,0,27.25,8.29,1.04,0,2.7,0,3.35,6.9,28.17,,
17-12-2019 07:50,7.4,55,0,27.26,8.29,1.09,0,2.01,0,2.8,6.88,28.18,,
17-12-2019 08:00,7.1,57,0,27.25,8.29,1.03,0,2.26,0,2.71,6.9,28.18,,
17-12-2019 08:10,6.5,55,0,27.25,8.29,0.94,0,2.01,0,2.4,6.92,28.18,,
17-12-2019 08:20,6.9,62,0,27.25,8.29,1,0,2.26,0,2.1,6.91,28.18,,
17-12-2019 08:30,7.3,63,0,27.25,8.29,0.99,0,2.17,0,2.54,6.93,28.18,,
17-12-2019 08:40,7.6,57,0,27.26,8.29,1.12,0,1.93,0,2.5,6.9,28.19,,
17-12-2019 08:50,7.4,53,0,27.26,8.29,1.18,0,2.46,0,2.74,6.9,28.18,,
17-12-2019 09:00,7.3,50,0,27.26,8.29,1.07,0,2.58,0,2.77,6.92,28.18,,
17-12-2019 09:10,6.8,56,0,27.27,8.29,1.1,0,1.83,0,2.29,6.93,28.19,,
17-12-2019 09:20,7.2,57,0,27.27,8.3,1.22,0,2.04,0,2.53,6.95,28.19,,
17-12-2019 09:30,6.9,56,0,27.28,8.3,1.04,0,2.12,0,2.51,6.97,28.19,,
17-12-2019 09:40,6.9,53,0,27.28,8.3,1.08,0,2.08,0,1.61,6.97,28.19,,
17-12-2019 09:50,6.6,53,0,27.29,8.3,1.14,0,2.49,0,2.8,6.98,28.19,,
17-12-2019 10:00,6.5,47,0,27.3,8.3,1.15,0,2.38,0,2.53,7,28.19,,
17-12-2019 10:10,6.5,44,0,27.3,8.3,1.13,0,2.07,0,2.33,7.01,28.19,,
17-12-2019 10:20,6.7,51,0,27.31,8.3,1.12,0,2.04,0,2.14,7.02,28.19,,
17-12-2019 10:30,6.9,49,0,27.33,8.3,1.01,0,2.16,0,2.66,7.05,28.19,,
17-12-2019 10:40,7.2,47,0,27.32,8.3,1.11,0,2.15,0,1.64,7.07,28.19,,
17-12-2019 10:50,7.3,47,0,27.32,8.3,0.98,0,2.43,0,2.64,7.08,28.19,,
17-12-2019 11:00,7.1,50,0,27.33,8.3,0.99,0,2.45,0,3.06,7.12,28.19,,
17-12-2019 11:10,7.4,47,0,27.33,8.3,1.07,0,3.03,0,4.44,7.12,28.19,,
17-12-2019 11:20,7.5,46,0,27.34,8.31,0.95,0,2.46,0,2.57,7.15,28.19,,
17-12-2019 11:30,7.3,49,0,27.35,8.31,0.9,0,2.73,0,3.2,7.17,28.19,,
17-12-2019 11:40,6.9,48,0,27.35,8.31,0.91,0,2.03,0,2.14,7.18,28.19,,
17-12-2019 11:50,6.9,46,0,27.35,8.31,1.05,0,2.59,0,3.47,7.19,28.19,,
17-12-2019 12:00,6.9,45,0,27.36,8.31,0.94,0,2.45,0,4.07,7.23,28.19,,
17-12-2019 12:10,6.9,45,0,27.37,8.31,0.89,0,2.24,0,3.41,7.24,28.19,,
17-12-2019 12:20,6.8,43,0,27.37,8.31,0.99,0,2.63,0,4.28,7.27,28.19,,
17-12-2019 12:30,6.6,43,0,27.39,8.32,0.83,0,2.35,0,3.37,7.29,28.19,,
17-12-2019 12:40,6.4,44,0,27.4,8.32,0.8,0,2.61,0,2.96,7.31,28.19,,
17-12-2019 12:50,6.7,41,0,27.4,8.32,0.83,0,2.16,0,2.83,7.33,28.19,,
17-12-2019 13:00,6.5,44,0,27.41,8.32,0.8,0,2.25,0,3.2,7.35,28.19,,
17-12-2019 13:10,6.5,43,0,27.42,8.32,0.87,0,2.47,0,3.45,7.37,28.19,,
17-12-2019 13:20,6.1,42,0,27.45,8.32,0.85,0,2.48,0,2.95,7.4,28.19,,
17-12-2019 13:30,6.4,40,0,27.44,8.32,0.81,0,2.5,0,3.11,7.42,28.19,,
17-12-2019 13:40,6.6,44,0,27.46,8.33,0.85,0,2.12,0,2.46,7.44,28.19,,
17-12-2019 13:50,6.9,40,0,27.44,8.33,0.85,0,2.65,0,3.93,7.45,28.19,,
17-12-2019 14:00,6.7,40,0,27.45,8.33,0.86,0,2.44,0,3.06,7.45,28.19,,
17-12-2019 14:10,6.9,41,0,27.47,8.33,0.86,0,2.27,0,3.66,7.47,28.2,,
17-12-2019 14:20,6.9,43,0,27.46,8.33,0.79,0,2.51,0,3.73,7.48,28.19,,
17-12-2019 14:30,6.8,46,0,27.48,8.33,0.89,0,2.65,0,3.51,7.54,28.19,,
17-12-2019 14:40,6.8,44,0,27.48,8.33,0.77,0,2.69,0,4.01,7.53,28.19,,
17-12-2019 14:50,6.9,46,0,27.48,8.33,1.1,0,3.66,0,7.33,7.58,28.19,,
17-12-2019 15:00,6.6,42,0,27.48,8.34,0.89,0,3.38,0,11.57,7.58,28.19,,
17-12-2019 15:10,6.8,42,0,27.49,8.34,0.87,0,3.59,0,8.59,7.63,28.19,,
17-12-2019 15:20,7.2,38,0,27.48,8.34,0.85,0,3.65,0,6.78,7.63,28.19,,
17-12-2019 15:30,6.7,42,0,27.46,8.34,0.88,0,3.86,0,9.15,7.62,28.19,,
17-12-2019 15:40,6.9,33,0,27.45,8.33,1.14,0,4.77,0,5.84,7.54,28.18,,
17-12-2019 15:50,6.8,37,0,27.42,8.33,1.18,0,4.46,0,9.4,7.47,28.17,,
17-12-2019 16:00,6.9,36,0,27.42,8.33,1.2,0,4.97,0,10.75,7.57,28.17,,
17-12-2019 16:10,6.9,32,0,27.41,8.33,1.14,0,5.46,0,8.85,7.54,28.17,,
17-12-2019 16:20,6.9,30,0,27.41,8.33,1.22,0,6.33,0,35.22,7.57,28.17,,
17-12-2019 16:30,7.6,34,0,27.42,8.34,1.1,0,12.2,0,16.51,7.67,28.17,,
17-12-2019 16:40,7.2,31,0,27.42,8.34,1.23,0,5.36,0,14.04,7.69,28.18,,
17-12-2019 16:50,7.3,32,0,27.43,8.34,1.1,0,4.02,0,17.34,7.71,28.18,,
17-12-2019 17:00,7.3,40,0,27.43,8.34,1.07,0,5.85,0,11.88,7.67,28.18,,
17-12-2019 17:10,7,42,0,27.43,8.34,1.09,0,5.56,0,15.16,7.69,28.19,,
17-12-2019 17:20,7.4,36,0,27.45,8.34,0.98,0,5.68,0,12.1,7.7,28.19,,
17-12-2019 17:30,7.2,36,0,27.45,8.34,1.05,0,6.47,0,11.73,7.69,28.19,,
17-12-2019 17:40,7.1,30,0,27.45,8.35,1.07,0,5.91,0,11.03,7.74,28.2,,
17-12-2019 17:50,7.7,30,0,27.47,8.35,0.96,0,6.22,0,9.24,7.82,28.21,,
17-12-2019 18:00,8,32,0,27.47,8.35,1.1,0,5.2,0,12.63,7.8,28.21,,
17-12-2019 18:10,7.6,32,0,27.47,8.35,1.17,0,11.18,0,12.97,7.79,28.21,,
17-12-2019 18:20,7.4,34,0,27.47,8.35,1.17,0,5.04,0,13.04,7.8,28.21,,
17-12-2019 18:30,7.2,31,0,27.47,8.35,1.49,0,10.43,0,16.43,7.77,28.21,,
17-12-2019 18:40,7.1,31,0,27.48,8.35,1.71,0,16.77,0,15.02,7.74,28.21,,
17-12-2019 18:50,7.6,33,0,27.44,8.35,1.34,0,3.65,0,11.69,7.72,28.21,,
17-12-2019 19:00,7.7,28,0,27.45,8.35,1.33,0,7.01,0,12.23,7.71,28.21,,
17-12-2019 19:10,7.9,31,0,27.46,8.35,1.51,0,5.04,0,18.93,7.71,28.21,,
17-12-2019 19:20,7.7,35,0,27.44,8.34,1.49,0,5.34,0,16.85,7.65,28.21,,
17-12-2019 19:30,7.4,33,0,27.44,8.34,1.75,0,7.01,0,13.08,7.63,28.21,,
17-12-2019 19:40,7.6,32,0,27.43,8.34,1.74,0,5,0,13.19,7.62,28.21,,
17-12-2019 19:50,7.3,37,0,27.42,8.34,2.33,0,7.1,0,13.47,7.61,28.21,,
17-12-2019 20:00,7.5,35,0,27.38,8.33,1.21,0,5.45,0,7.5,7.49,28.19,,
17-12-2019 20:10,6.9,35,0,27.38,8.33,1.21,0,4.72,0,6.26,7.43,28.2,,
17-12-2019 20:20,6.9,38,0,27.38,8.33,1.42,0,5.11,0,11.92,7.45,28.2,,
17-12-2019 20:30,6.9,38,0,27.4,8.33,1.13,0,4.2,0,6.22,7.43,28.21,,
17-12-2019 20:40,7.1,39,0,27.39,8.33,1.13,0,4.32,0,7.55,7.42,28.21,,
17-12-2019 20:50,7.2,37,0,27.38,8.33,1.04,0,4.75,0,5.42,7.4,28.21,,
17-12-2019 21:00,6.5,40,0,27.38,8.33,1.05,0,3.67,0,9.28,7.39,28.21,,
17-12-2019 21:10,6.6,37,0,27.37,8.33,0.98,0,3.47,0,8.02,7.39,28.22,,
17-12-2019 21:20,6.6,39,0,27.37,8.33,0.98,0,3.65,0,3.86,7.38,28.22,,
17-12-2019 21:30,6.5,37,0,27.37,8.33,0.91,0,3.58,0,5.43,7.37,28.22,,
17-12-2019 21:40,6.8,35,0,27.38,8.33,0.93,0,3.52,0,2.73,7.37,28.22,,
17-12-2019 21:50,6.5,37,0,27.36,8.33,0.94,0,3.74,0,5.35,7.35,28.22,,
17-12-2019 22:00,6.7,38,0,27.36,8.33,0.94,0,3.33,0,3.54,7.34,28.22,,
17-12-2019 22:10,6.6,37,0,27.36,8.33,0.97,0,3.69,0,8.47,7.32,28.22,,
17-12-2019 22:20,6.4,38,0,27.35,8.32,0.87,0,3.31,0,4.83,7.3,28.22,,
17-12-2019 22:30,6.3,39,0,27.35,8.32,0.89,0,3.37,0,4.85,7.28,28.23,,
17-12-2019 22:40,6.6,43,0,27.34,8.32,0.94,0,3.25,0,4.41,7.27,28.23,,
17-12-2019 22:50,6.8,55,0,27.34,8.32,0.95,0,3.2,0,4.07,7.25,28.23,,
17-12-2019 23:00,6.5,55,0,27.34,8.32,0.86,0,2.81,0,3.98,7.24,28.23,,
17-12-2019 23:10,6.2,52,0,27.33,8.32,0.82,0,3.17,0,4.87,7.25,28.24,,
17-12-2019 23:20,5.6,46,0,27.35,8.33,0.8,0,4,0,5.63,7.41,28.23,,
17-12-2019 23:30,6.1,43,0,27.35,8.33,0.85,0,3.95,0,6.14,7.38,28.23,,
17-12-2019 23:40,6.3,46,0,27.35,8.33,0.78,0,3.72,0,5.3,7.37,28.24,,
17-12-2019 23:50,6.4,44,0,27.35,8.33,1.42,0,4.93,0,8.48,7.38,28.24,,
18-12-2019 00:00,5.8,38,0,27.35,8.33,0.92,0,3.68,0,6.79,7.37,28.24,,
18-12-2019 00:10,5.6,42,0,27.34,8.33,0.91,0,3.96,0,5.52,7.37,28.23,,
18-12-2019 00:20,4,88,0,27.3,8.33,0.91,0,3.74,0,4.33,7.34,28.05,,
18-12-2019 00:30,6.6,39,0,27.3,8.33,0.81,0,3.46,0,14.06,7.32,28.12,,
18-12-2019 00:40,6.1,28,0,27.33,8.33,0.75,0,3.59,0,1.45,7.33,28.19,,
18-12-2019 00:50,5.2,51,0,27.33,8.33,0.75,0,3.55,0,0,7.33,28.2,,
18-12-2019 01:00,5.6,75,0,27.32,8.33,0.78,0,3.25,0,4.55,7.31,28.2,,
18-12-2019 01:10,6.3,74,0,27.31,8.33,0.73,0,3.48,0,3.68,7.3,28.2,,
18-12-2019 01:20,6.9,72,0,27.32,8.33,0.82,0,3.82,0,5.24,7.3,28.2,,
18-12-2019 01:30,6.5,72,0,27.33,8.33,0.79,0,3.32,0,4.17,7.31,28.22,,
18-12-2019 01:40,6.5,76,0,27.32,8.33,0.75,0,3.76,0,4.07,7.3,28.21,,
18-12-2019 01:50,6.3,77,0,27.31,8.33,0.77,0,3.14,0,4.35,7.29,28.21,,
18-12-2019 02:00,6.2,72,0,27.31,8.33,0.9,0,3.31,0,3.9,7.29,28.21,,
18-12-2019 02:10,6.2,73,0,27.31,8.33,0.83,0,3.7,0,1.46,7.29,28.21,,
18-12-2019 02:20,6,77,0,27.31,8.33,0.85,0,3.49,0,4.88,7.29,28.21,,
18-12-2019 02:30,5.8,72,0,27.32,8.33,0.87,0,3.85,0,1.99,7.28,28.21,,
18-12-2019 02:40,5.7,72,0,27.32,8.33,0.96,0,3.08,0,4.5,7.27,28.21,,
18-12-2019 02:50,6.1,70,0,27.3,8.33,0.86,0,3.31,0,4.68,7.27,28.21,,
18-12-2019 03:00,5.6,66,0,27.3,8.33,0.9,0,4.15,0,5.01,7.26,28.22,,
18-12-2019 03:10,5.8,73,0,27.31,8.32,1.12,0,3.12,0,4.95,7.24,28.22,,
18-12-2019 03:20,6.1,68,0,27.3,8.32,1.06,0,3.22,0,4.23,7.23,28.22,,
18-12-2019 03:30,5.9,66,0,27.3,8.32,1.02,0,3.16,0,5.11,7.23,28.22,,
18-12-2019 03:40,5.9,70,0,27.3,8.33,1.07,0,3.73,0,3.9,7.25,28.21,,
18-12-2019 03:50,5.8,69,0,27.3,8.33,1.11,0,3.22,0,4.5,7.25,28.21,,
18-12-2019 04:00,5.9,63,0,27.3,8.33,1.03,0,3.57,0,5.15,7.26,28.21,,
18-12-2019 04:10,6.2,60,0,27.3,8.33,1.24,0,3.98,0,3.94,7.24,28.21,,
18-12-2019 04:20,5.8,62,0,27.29,8.32,1.48,0,4.17,0,2.76,7.22,28.21,,
18-12-2019 04:30,6,59,0,27.28,8.33,1.14,0,3.79,0,7.95,7.24,28.21,,
18-12-2019 04:40,5.7,58,0,27.29,8.33,1.34,0,3.71,0,4.64,7.23,28.22,,
18-12-2019 04:50,5.9,53,0,27.29,8.32,1.32,0,3.26,0,4.51,7.22,28.21,,
18-12-2019 05:00,6,56,0,27.29,8.32,1.67,0,3.96,0,5.97,7.2,28.21,,
18-12-2019 05:10,5.8,59,0,27.29,8.32,1.7,0,3.54,0,4.94,7.19,28.21,,
18-12-2019 05:20,5.7,59,0,27.29,8.32,1.41,0,3.46,0,4.8,7.18,28.21,,
18-12-2019 05:30,5.9,59,0,27.28,8.32,1.53,0,3.81,0,9.27,7.17,28.22,,
18-12-2019 05:40,5.7,60,0,27.28,8.32,1.59,0,3.62,0,4.69,7.15,28.22,,
18-12-2019 05:50,5.7,57,0,27.27,8.32,1.61,0,3.71,0,4.39,7.12,28.22,,
18-12-2019 06:00,5.6,54,0,27.27,8.32,1.45,0,3.15,0,3.95,7.09,28.22,,
18-12-2019 06:10,5.5,56,0,27.28,8.31,1.89,0,3.3,0,4.48,7.04,28.22,,
18-12-2019 06:20,5.3,59,0,27.27,8.31,1.58,0,2.86,0,3.89,7.04,28.22,,
18-12-2019 06:30,4.9,61,0,27.27,8.31,1.46,0,3.33,0,3.33,7.03,28.22,,
18-12-2019 06:40,5,58,0,27.26,8.31,1.56,0,2.63,0,3.15,7.01,28.22,,
18-12-2019 06:50,5,57,0,27.26,8.31,1.52,0,2.88,0,3.32,7.01,28.22,,
18-12-2019 07:00,5.4,65,0,27.25,8.31,1.41,0,2.64,0,2.65,7,28.22,,
18-12-2019 07:10,5,64,0,27.24,8.31,1.5,0,2.84,0,3.15,6.98,28.22,,
18-12-2019 07:20,5,57,0,27.26,8.31,1.62,0,2.67,0,2.75,6.98,28.22,,
18-12-2019 07:30,4.7,58,0,27.25,8.31,1.42,0,2.28,0,2.4,6.99,28.22,,
18-12-2019 07:40,4.9,69,0,27.25,8.31,1.42,0,2.53,0,3.08,7.02,28.22,,
18-12-2019 07:50,4.9,68,0,27.25,8.31,1.27,0,1.85,0,2.8,7.01,28.22,,
18-12-2019 08:00,4.6,64,0,27.25,8.31,1.53,0,2.12,0,2.68,6.99,28.23,,
18-12-2019 08:10,4.6,66,0,27.25,8.31,1.98,0,2.89,0,3.5,6.98,28.23,,
18-12-2019 08:20,4.8,59,0,27.27,8.31,1.65,0,2.68,0,3.47,7.01,28.23,,
18-12-2019 08:30,5,63,0,27.29,8.31,1.8,0,3.06,0,3.93,6.97,28.24,,
18-12-2019 08:40,4.6,66,0,27.29,8.31,1.97,0,3.21,0,4.4,6.94,28.24,,
18-12-2019 08:50,5,54,0,27.29,8.31,1.48,0,2.68,0,4.15,7.04,28.23,,
18-12-2019 09:00,5.2,57,0,27.29,8.31,1.38,0,2.21,0,2.16,7.04,28.23,,
18-12-2019 09:10,5,59,0,27.29,8.32,1.28,0,2.31,0,2.35,7.11,28.23,,
18-12-2019 09:20,5.5,57,0,27.31,8.32,1.44,0,2.33,0,2.11,7.1,28.24,,
18-12-2019 09:30,5.4,54,0,27.31,8.32,2.2,0,2.97,0,3.75,7.08,28.24,,
18-12-2019 09:40,5.3,54,0,27.33,8.32,1.51,0,1.91,0,1.43,7.11,28.24,,
18-12-2019 09:50,5.6,58,0,27.32,8.32,1.61,0,2.25,0,2.34,7.13,28.24,,
18-12-2019 10:00,5.7,57,0,27.33,8.32,1.52,0,2.83,0,3.84,7.18,28.24,,
18-12-2019 10:10,5.3,56,0,27.33,8.32,1.59,0,2.18,0,2.46,7.11,28.24,,
18-12-2019 10:20,5.5,55,0,27.35,8.32,1.45,0,1.95,0,1.56,7.14,28.24,,
18-12-2019 10:30,5.5,57,0,27.36,8.32,1.47,0,1.8,0,1.3,7.11,28.24,,
18-12-2019 10:40,5.4,59,0,27.38,8.32,1.44,0,2.19,0,1.09,7.14,28.24,,
18-12-2019 10:50,5.3,56,0,27.39,8.32,1.3,0,1.95,0,2.12,7.18,28.24,,
18-12-2019 11:00,5.2,57,0,27.39,8.33,1.34,0,2.17,0,1.53,7.25,28.23,,
18-12-2019 11:10,5.4,58,0,27.42,8.33,1.09,0,2.03,0,2.35,7.39,28.24,,
18-12-2019 11:20,5.6,62,0,27.42,8.34,1.2,0,1.88,0,1.67,7.41,28.24,,
18-12-2019 11:30,5.8,58,0,27.42,8.34,1.06,0,2.55,0,2.6,7.46,28.24,,
18-12-2019 11:40,5.8,60,0,27.43,8.34,1.13,0,1.96,0,1.89,7.5,28.24,,
18-12-2019 11:50,5.8,58,0,27.41,8.34,1.13,0,2.33,0,2.61,7.42,28.25,,
18-12-2019 12:00,6.1,52,0,27.47,8.34,0.86,0,1.51,0,0.61,7.52,28.25,,
18-12-2019 12:10,6,55,0,27.47,8.34,0.91,0,1.45,0,1.14,7.48,28.26,,
18-12-2019 12:20,5.7,55,0,27.5,8.34,0.9,0,1.63,0,0.82,7.49,28.26,,
18-12-2019 12:30,5.9,56,0,27.51,8.34,0.95,0,2.04,0,1.88,7.49,28.27,,
18-12-2019 12:40,6.3,50,0,27.53,8.34,0.87,0,1.37,0,0.16,7.5,28.27,,
18-12-2019 12:50,6.2,54,0,27.53,8.34,0.94,0,2.03,0,1.16,7.51,28.27,,
18-12-2019 13:00,5.8,53,0,27.55,8.34,0.84,0,1.99,0,1.15,7.51,28.27,,
18-12-2019 13:10,5.9,50,0,27.55,8.34,0.94,0,1.67,0,1.83,7.5,28.27,,
18-12-2019 13:20,6.1,49,0,27.57,8.34,0.85,0,1.39,0,1.15,7.5,28.28,,
18-12-2019 13:30,6.3,47,0,27.57,8.34,1.22,0,1.52,0,0.74,7.49,28.28,,
18-12-2019 13:40,6.2,48,0,27.56,8.34,0.95,0,1.64,0,1.43,7.49,28.28,,
18-12-2019 13:50,5.9,49,0,27.57,8.34,0.9,0,1.4,0,0.74,7.5,28.28,,
18-12-2019 14:00,6.1,45,0,27.57,8.34,0.85,0,1.94,0,1.77,7.52,28.28,,
18-12-2019 14:10,6.2,41,0,27.59,8.34,0.89,0,1.63,0,0.77,7.53,28.28,,
18-12-2019 14:20,6.4,46,0,27.6,8.34,0.8,0,1.97,0,1.21,7.54,28.28,,
18-12-2019 14:30,6.4,43,0,27.6,8.34,0.83,0,1.68,0,1.15,7.56,28.28,,
18-12-2019 14:40,6.2,45,0,27.62,8.35,0.87,0,2.24,0,2.36,7.57,28.28,,
18-12-2019 14:50,6.6,46,0,27.6,8.35,0.78,0,1.92,0,2,7.59,28.28,,
18-12-2019 15:00,6.5,45,0,27.6,8.35,0.82,0,2.22,0,2.45,7.59,28.28,,
18-12-2019 15:10,6.3,44,0,27.6,8.35,0.89,0,1.96,0,2.19,7.6,28.28,,
18-12-2019 15:20,6.5,39,0,27.62,8.35,0.76,0,1.96,0,1.34,7.63,28.29,,
18-12-2019 15:30,6.6,40,0,27.62,8.35,0.78,0,2.18,0,2.36,7.65,28.28,,
18-12-2019 15:40,6.8,41,0,27.61,8.35,0.83,0,2.6,0,2.68,7.65,28.29,,
18-12-2019 15:50,6.8,39,0,27.61,8.35,0.83,0,2.02,0,2.32,7.64,28.29,,
18-12-2019 16:00,6.7,40,0,27.6,8.35,0.82,0,2.16,0,2.01,7.65,28.29,,
18-12-2019 16:10,7.1,40,0,27.6,8.36,0.86,0,2.07,0,2.02,7.67,28.29,,
18-12-2019 16:20,6.8,39,0,27.6,8.36,0.93,0,2.03,0,1.91,7.67,28.29,,
18-12-2019 16:30,7.1,40,0,27.59,8.35,0.95,0,2.58,0,3.58,7.64,28.29,,
18-12-2019 16:40,7.2,39,0,27.59,8.35,0.86,0,2.68,0,3.01,7.64,28.29,,
18-12-2019 16:50,6.9,38,0,27.59,8.35,1.03,0,2.26,0,3.27,7.66,28.29,,
18-12-2019 17:00,7.1,31,0,27.58,8.35,0.86,0,2.84,0,3.36,7.64,28.29,,
18-12-2019 17:10,6.8,34,0,27.57,8.35,1.08,0,3.17,0,3.94,7.63,28.29,,
18-12-2019 17:20,7.1,34,0,27.57,8.35,0.82,0,2.56,0,3.71,7.59,28.29,,
18-12-2019 17:30,6.7,32,0,27.56,8.35,1.04,0,2.63,0,4.16,7.57,28.29,,
18-12-2019 17:40,6.9,31,0,27.55,8.35,0.92,0,2.81,0,3.69,7.58,28.29,,
18-12-2019 17:50,6.6,30,0,27.54,8.35,0.98,0,3.55,0,4.18,7.54,28.3,,
18-12-2019 18:00,6.8,27,0,27.55,8.35,0.99,0,3.31,0,4.69,7.53,28.3,,
18-12-2019 18:10,6.7,26,0,27.54,8.35,0.94,0,3.68,0,5.23,7.52,28.3,,
18-12-2019 18:20,6.8,24,0,27.54,8.35,1.02,0,3.49,0,4.99,7.51,28.31,,
18-12-2019 18:30,6.8,25,0,27.53,8.35,1.1,0,3.04,0,3.27,7.5,28.31,,
18-12-2019 18:40,7.1,29,0,27.53,8.35,0.89,0,3.21,0,3.54,7.5,28.31,,
18-12-2019 18:50,6.9,32,0,27.53,8.35,0.84,0,2.74,0,2.94,7.51,28.31,,
18-12-2019 19:00,7.1,35,0,27.52,8.35,0.81,0,2.52,0,2.16,7.52,28.31,,
18-12-2019 19:10,6.7,34,0,27.53,8.35,0.75,0,2.36,0,3.21,7.51,28.31,,
18-12-2019 19:20,6.8,34,0,27.53,8.35,0.73,0,2.4,0,1.88,7.51,28.31,,
18-12-2019 19:30,6.9,32,0,27.52,8.35,0.73,0,2.33,0,2.6,7.5,28.31,,
18-12-2019 19:40,7.4,29,0,27.52,8.35,0.84,0,2.36,0,2.84,7.47,28.32,,
18-12-2019 19:50,7.3,35,0,27.51,8.35,0.79,0,2.15,0,2.02,7.45,28.32,,
18-12-2019 20:00,7.1,34,0,27.5,8.35,0.79,0,2.46,0,2.47,7.44,28.32,,
18-12-2019 20:10,7.3,33,0,27.5,8.35,0.82,0,2.57,0,2.55,7.45,28.32,,
18-12-2019 20:20,7.8,38,0,27.5,8.35,0.75,0,2.36,0,2.21,7.44,28.32,,
18-12-2019 20:30,7.4,37,0,27.49,8.34,0.82,0,2.29,0,1.98,7.42,28.33,,
18-12-2019 20:40,7.6,36,0,27.48,8.34,0.86,0,2.19,0,2.13,7.39,28.33,,
18-12-2019 20:50,7.7,40,0,27.48,8.34,0.74,0,2.57,0,2.52,7.36,28.34,,
18-12-2019 21:00,7.2,37,0,27.48,8.34,2.74,0,2.7,0,4.2,7.34,28.34,,
18-12-2019 21:10,7.8,43,0,27.48,8.34,0.82,0,2.61,0,2.67,7.35,28.35,,
18-12-2019 21:20,7.3,42,0,27.47,8.34,0.81,0,2.38,0,2.42,7.34,28.35,,
18-12-2019 21:30,8,47,0,27.46,8.34,0.82,0,2.32,0,1.87,7.34,28.34,,
18-12-2019 21:40,7.6,45,0,27.46,8.34,0.8,0,2.13,0,2.08,7.34,28.34,,
18-12-2019 21:50,7.7,39,0,27.47,8.34,0.77,0,2.57,0,2.8,7.35,28.34,,
18-12-2019 22:00,7.8,47,0,27.45,8.34,0.71,0,2.37,0,2.39,7.33,28.35,,
18-12-2019 22:10,7.6,48,0,27.46,8.34,0.79,0,2.29,0,1.92,7.32,28.35,,
18-12-2019 22:20,7.8,49,0,27.46,8.34,0.91,0,2.18,0,2.21,7.35,28.34,,
18-12-2019 22:30,7.8,52,0,27.45,8.34,0.74,0,2.24,0,2.12,7.35,28.35,,
18-12-2019 22:40,7.8,51,0,27.46,8.34,0.95,0,2.42,0,2.54,7.34,28.34,,
18-12-2019 22:50,8.1,50,0,27.45,8.34,0.73,0,2.62,0,2.65,7.35,28.33,,
18-12-2019 23:00,8.1,51,0,27.44,8.34,0.71,0,2.13,0,1.47,7.35,28.34,,
18-12-2019 23:10,7.8,54,0,27.44,8.34,0.69,0,2.04,0,1.78,7.33,28.34,,
18-12-2019 23:20,7.9,52,0,27.43,8.34,0.77,0,2.01,0,1.91,7.31,28.34,,
18-12-2019 23:30,8,50,0,27.43,8.34,0.84,0,2.27,0,2.27,7.3,28.35,,
18-12-2019 23:40,8.1,54,0,27.44,8.34,0.68,0,2.23,0,1.97,7.31,28.34,,
18-12-2019 23:50,7.6,56,0,27.43,8.34,0.72,0,2.33,0,2.22,7.29,28.35,,
19-12-2019 00:00,7.6,53,0,27.43,8.34,0.76,0,2.23,0,2.09,7.32,28.34,,
19-12-2019 00:10,8.1,55,0,27.43,8.34,0.71,0,2.47,0,2.17,7.31,28.34,,
19-12-2019 00:20,8,53,0,27.43,8.34,0.81,0,2.12,0,1.35,7.3,28.34,,
19-12-2019 00:30,8.1,56,0,27.42,8.34,0.8,0,2.49,0,1.32,7.27,28.35,,
19-12-2019 00:40,7.9,54,0,27.42,8.34,0.75,0,2.29,0,1.88,7.28,28.35,,
19-12-2019 00:50,8,55,0,27.42,8.34,0.67,0,1.93,0,2.5,7.28,28.35,,
19-12-2019 01:00,8.2,52,0,27.42,8.34,0.78,0,2.43,0,2.3,7.27,28.35,,
19-12-2019 01:10,7.8,60,0,27.42,8.34,0.8,0,2.28,0,2.53,7.28,28.35,,
19-12-2019 01:20,8,55,0,27.41,8.34,0.79,0,2.48,0,2.45,7.25,28.36,,
19-12-2019 01:30,7.6,59,0,27.41,8.34,0.86,0,2.45,0,2.45,7.25,28.36,,
19-12-2019 01:40,7.6,57,0,27.41,8.34,0.88,0,2.12,0,1.68,7.23,28.36,,
19-12-2019 01:50,7.8,53,0,27.41,8.34,2.22,0,2.56,0,3.14,7.22,28.36,,
19-12-2019 02:00,8,57,0,27.4,8.34,0.88,0,2.77,0,2.8,7.2,28.37,,
19-12-2019 02:10,7.8,53,0,27.4,8.34,0.88,0,3.06,0,3.39,7.21,28.36,,
19-12-2019 02:20,8.1,54,0,27.41,8.34,0.88,0,2.62,0,3.41,7.25,28.37,,
19-12-2019 02:30,8.1,53,0,27.41,8.34,0.83,0,2.62,0,2.64,7.25,28.37,,
19-12-2019 02:40,7.8,52,0,27.4,8.34,0.82,0,2.85,0,2.79,7.24,28.37,,
19-12-2019 02:50,8,52,0,27.4,8.34,0.85,0,2.7,0,2.97,7.23,28.37,,
19-12-2019 03:00,7.8,50,0,27.41,8.34,0.92,0,2.84,0,2.91,7.21,28.37,,
19-12-2019 03:10,7.9,50,0,27.41,8.35,1.01,0,3.21,0,3.08,7.24,28.38,,
19-12-2019 03:20,7.5,55,0,27.41,8.35,0.95,0,3.1,0,3.47,7.23,28.39,,
19-12-2019 03:30,7.4,50,0,27.39,8.35,0.84,0,2.97,0,4.45,7.34,28.4,,
19-12-2019 03:40,8.2,46,0,27.36,8.35,0.76,0,3.02,0,4.17,7.36,28.39,,
19-12-2019 03:50,7.4,49,0,27.36,8.35,0.84,0,2.9,0,3.68,7.36,28.39,,
19-12-2019 04:00,7.7,52,0,27.36,8.35,0.74,0,2.91,0,3.91,7.38,28.38,,
19-12-2019 04:10,7.5,48,0,27.36,8.36,0.75,0,3.66,0,4.48,7.38,28.37,,
19-12-2019 04:20,7.3,48,0,27.37,8.36,0.88,0,3.33,0,4.56,7.42,28.36,,
19-12-2019 04:30,7.5,47,0,27.36,8.37,0.76,0,4.66,0,17.24,7.5,28.31,,
19-12-2019 04:40,7.3,48,0,27.38,8.37,0.8,0,4.58,0,3.54,7.5,28.31,,
19-12-2019 04:50,7.4,50,0,27.38,8.36,0.9,0,4.69,0,2.73,7.45,28.31,,
19-12-2019 05:00,7,51,0,27.38,8.36,0.87,0,5.47,0,4.95,7.43,28.31,,
19-12-2019 05:10,7.1,53,0,27.37,8.36,0.99,0,5.47,0,9.42,7.41,28.31,,
19-12-2019 05:20,7.3,60,0,27.38,8.36,0.86,0,5.36,0,17.4,7.4,28.32,,
19-12-2019 05:30,6.8,57,0,27.38,8.36,0.88,0,5.29,0,4.89,7.4,28.32,,
19-12-2019 05:40,7.4,61,0,27.37,8.36,0.98,0,5.43,0,7.31,7.37,28.32,,
19-12-2019 05:50,6.7,62,0,27.38,8.35,1.01,0,4.45,0,9.97,7.37,28.32,,
19-12-2019 06:00,6.6,59,0,27.38,8.35,0.94,0,5.68,0,12.26,7.37,28.33,,
19-12-2019 06:10,6.6,60,0,27.37,8.35,0.97,0,5.43,0,9.47,7.34,28.33,,
19-12-2019 06:20,6.7,59,0,27.37,8.35,0.95,0,4.69,0,10.02,7.34,28.32,,
19-12-2019 06:30,6.4,54,0,27.38,8.35,0.94,0,4.05,0,2.45,7.32,28.32,,
19-12-2019 06:40,6.2,57,0,27.37,8.35,1.05,0,8.84,0,8.36,7.31,28.32,,
19-12-2019 06:50,6.4,52,0,27.36,8.35,1.03,0,8.91,0,10.88,7.31,28.33,,
19-12-2019 07:00,6.3,55,0,27.36,8.35,0.94,0,3.28,0,13.83,7.29,28.33,,
19-12-2019 07:10,6.7,48,0,27.36,8.35,1.19,0,5.33,0,7.93,7.29,28.34,,
19-12-2019 07:20,6.5,48,0,27.37,8.35,1.09,0,5.03,0,5.39,7.31,28.34,,
19-12-2019 07:30,6.9,44,0,27.36,8.35,1.02,0,5.24,0,9.52,7.28,28.34,,
19-12-2019 07:40,7.1,47,0,27.35,8.35,0.97,0,5.5,0,3.67,7.3,28.34,,
19-12-2019 07:50,6.6,49,0,27.36,8.35,0.98,0,5.73,0,9.62,7.3,28.34,,
19-12-2019 08:00,6.3,49,0,27.36,8.35,1.03,0,5.72,0,13.49,7.32,28.35,,
19-12-2019 08:10,6.9,48,0,27.36,8.35,1,0,5.15,0,15.74,7.35,28.35,,
19-12-2019 08:20,6.9,47,0,27.36,8.35,0.89,0,5.49,0,8.63,7.37,28.35,,
19-12-2019 08:30,6.7,50,0,27.36,8.35,2.99,0,4.8,0,5.4,7.37,28.35,,
19-12-2019 08:40,6.2,48,0,27.37,8.35,1.13,0,5.37,0,7.78,7.38,28.36,,
19-12-2019 08:50,6.1,53,0,27.38,8.36,0.94,0,5.04,0,20.89,7.47,28.35,,
19-12-2019 09:00,6,52,0,27.38,8.36,1.02,0,5.29,0,7.73,7.49,28.35,,
19-12-2019 09:10,6.2,50,0,27.39,8.36,1.01,0,5.18,0,10.58,7.54,28.36,,
19-12-2019 09:20,6.3,51,0,27.39,8.36,1.06,0,4.66,0,19.05,7.54,28.36,,
19-12-2019 09:30,6.1,50,0,27.4,8.36,1.14,0,5.63,0,6.02,7.59,28.37,,
19-12-2019 09:40,6.2,51,0,27.41,8.34,1.08,0,5.39,0,5.31,7.41,28.39,,
19-12-2019 09:50,6.2,51,0,27.42,8.36,1.12,0,4.46,0,8.2,7.55,28.38,,
19-12-2019 10:00,6.4,53,0,27.43,8.35,1.28,0,4.65,0,8.8,7.53,28.39,,
19-12-2019 10:10,6.1,49,0,27.44,8.36,1.1,0,4.95,0,10.09,7.64,28.39,,
19-12-2019 10:20,6,54,0,27.45,8.37,1.09,0,4.69,0,14.07,7.71,28.39,,
19-12-2019 10:30,6,48,0,27.46,8.36,1.18,0,4.94,0,5.53,7.7,28.41,,
19-12-2019 10:40,6,48,0,27.48,8.33,1.34,0,4.94,0,3.64,7.35,28.4,,
19-12-2019 10:50,5.9,48,0,27.5,8.33,1.4,0,4.41,0,6.31,7.31,28.38,,
19-12-2019 11:00,6.3,50,0,27.48,8.33,1.45,0,4.31,0,9.31,7.34,28.35,,
19-12-2019 11:10,6.1,52,0,27.49,8.33,1.6,0,3.89,0,8.86,7.38,28.36,,
19-12-2019 11:20,5.9,51,0,27.49,8.33,1.36,0,5.49,0,17.3,7.37,28.37,,
19-12-2019 11:30,6,54,0,27.52,8.33,1.41,0,4.95,0,12.03,7.41,28.37,,
19-12-2019 11:40,5.8,51,0,27.52,8.33,1.34,0,5.34,0,6.71,7.44,28.37,,
19-12-2019 11:50,5.9,49,0,27.53,8.33,1.47,0,5.12,0,10.25,7.44,28.37,,
19-12-2019 12:00,5.8,46,0,27.53,8.34,1.46,0,4.75,0,7.15,7.48,28.38,,
19-12-2019 12:10,5.9,45,0,27.57,8.34,1.54,0,5.6,0,11.03,7.61,28.37,,
19-12-2019 12:20,6.1,45,0,27.58,8.34,1.35,0,4.99,0,5.86,7.63,28.39,,
19-12-2019 12:30,6.1,41,0,27.6,8.35,1.45,0,4.42,0,12.6,7.73,28.39,,
19-12-2019 12:40,6,45,0,27.61,8.35,1.52,0,3.16,0,5.75,7.76,28.39,,
19-12-2019 12:50,5.8,47,0,27.6,8.35,1.37,0,5.98,0,11.59,7.72,28.39,,
19-12-2019 13:00,5.6,47,0,27.61,8.35,1.41,0,6.26,0,8.27,7.8,28.4,,
19-12-2019 13:10,5.6,48,0,27.65,8.35,1.42,0,5.06,0,5.05,7.77,28.4,,
19-12-2019 13:20,5.4,44,0,27.65,8.36,1.47,0,7.21,0,35.3,7.87,28.4,,
19-12-2019 13:30,5.1,47,0,27.67,8.37,1.39,0,10.1,0,19.67,8.11,28.39,,
19-12-2019 13:40,5.2,43,0,27.7,8.38,1.32,0,8.83,0,15.78,8.2,28.38,,
19-12-2019 13:50,4.8,48,0,27.7,8.38,1.36,0,6.29,0,12.71,8.22,28.38,,
19-12-2019 14:00,4.9,45,0,27.72,8.38,1.31,0,6.8,0,6.93,8.24,28.38,,
19-12-2019 14:10,4.8,43,0,27.73,8.39,1.22,0,6.72,0,18.79,8.37,28.38,,
19-12-2019 14:20,5.2,45,0,27.79,8.39,1.2,0,8.14,0,15.81,8.48,28.35,,
19-12-2019 14:30,5.3,46,0,27.76,8.39,1.32,0,5.76,0,9.37,8.39,28.37,,
19-12-2019 14:40,5.3,48,0,27.76,8.39,1.27,0,19.8,0,18.91,8.48,28.37,,
19-12-2019 14:50,5.3,44,0,27.74,8.39,1.5,0,5.8,0,12,8.5,28.37,,
19-12-2019 15:00,5.7,47,0,27.73,8.4,1.3,0,11.2,0,30.44,8.5,28.37,,
19-12-2019 15:10,5.9,50,0,27.71,8.39,1.29,0,7.23,0,10.95,8.42,28.38,,
19-12-2019 15:20,5.7,45,0,27.69,8.39,1.38,0,5.78,0,31.31,8.42,28.38,,
19-12-2019 15:30,5.8,48,0,27.68,8.39,1.24,0,5.43,0,14.08,8.34,28.38,,
19-12-2019 15:40,5.6,49,0,27.68,8.39,1.37,0,7.94,0,15.76,8.35,28.39,,
19-12-2019 15:50,5.6,41,0,27.67,8.39,1.23,0,6.78,0,21.87,8.33,28.39,,
19-12-2019 16:00,5.8,42,0,27.66,8.4,1.39,0,7.07,0,17.14,8.41,28.39,,
19-12-2019 16:10,6.1,41,0,27.64,8.39,1.36,0,10.54,0,17.79,8.33,28.39,,
19-12-2019 16:20,6,45,0,27.64,8.39,1.31,0,9.36,0,24.5,8.35,28.39,,
19-12-2019 16:30,5.9,42,0,27.64,8.39,1.47,0,8.96,0,18.09,8.34,28.39,,
19-12-2019 16:40,5.9,39,0,27.64,8.39,1.38,0,7.89,0,7.39,8.35,28.39,,
19-12-2019 16:50,6.1,39,0,27.63,8.39,1.45,0,9.82,0,27.99,8.31,28.4,,
19-12-2019 17:00,6,38,0,27.61,8.39,1.42,0,8.78,0,17.55,8.25,28.41,,
19-12-2019 17:10,5.7,37,0,27.61,8.39,1.44,0,6.5,0,8.65,8.23,28.41,,
19-12-2019 17:20,5.9,41,0,27.6,8.39,1.38,0,7.37,0,16.62,8.23,28.41,,
19-12-2019 17:30,5.8,41,0,27.6,8.38,1.44,0,9.93,0,13,8.15,28.41,,
19-12-2019 17:40,6.4,44,0,27.58,8.38,1.48,0,9.75,0,29.3,8.05,28.42,,
19-12-2019 17:50,6.1,49,0,27.58,8.38,1.25,0,6.93,0,24.27,8.09,28.42,,
19-12-2019 18:00,6.3,43,0,27.57,8.38,2.88,0,12.53,0,18,8.08,28.42,,
19-12-2019 18:10,6.4,42,0,27.57,8.38,1.39,0,11.77,0,17.38,8.08,28.42,,
19-12-2019 18:20,6.1,39,0,27.55,8.38,1.27,0,5.77,0,31.31,8.02,28.43,,
19-12-2019 18:30,6.3,36,0,27.54,8.38,1.44,0,6.07,0,13.33,7.97,28.43,,
19-12-2019 18:40,5.9,36,0,27.53,8.37,1.38,0,12.72,0,15.92,7.95,28.43,,
19-12-2019 18:50,6.1,37,0,27.53,8.37,1.35,0,11.48,0,43.5,7.92,28.43,,
19-12-2019 19:00,5.8,39,0,27.51,8.37,1.44,0,17.29,0,16.62,7.89,28.44,,
19-12-2019 19:10,6.1,36,0,27.5,8.37,1.35,0,8.47,0,25.62,7.85,28.44,,
19-12-2019 19:20,6,36,0,27.5,8.37,1.4,0,7.39,0,16.86,7.8,28.45,,
19-12-2019 19:30,6.1,41,0,27.48,8.37,1.32,0,8.38,0,15.64,7.76,28.45,,
19-12-2019 19:40,5.7,40,0,27.48,8.36,1.19,0,8.41,0,31.45,7.72,28.46,,
19-12-2019 19:50,5.8,38,0,27.47,8.36,1.27,0,20.55,0,18,7.67,28.47,,
19-12-2019 20:00,5.8,36,0,27.44,8.36,1.29,0,29.69,0,20.67,7.62,28.48,,
19-12-2019 20:10,5.9,39,0,27.42,8.36,1.16,0,6.26,0,13.16,7.59,28.48,,
19-12-2019 20:20,5.9,47,0,27.41,8.35,1.17,0,5.48,0,11.23,7.56,28.48,,
19-12-2019 20:30,5.9,52,0,27.4,8.35,1.28,0,8.2,0,18.5,7.53,28.5,,
19-12-2019 20:40,5.6,53,0,27.4,8.35,1.25,0,5.91,0,12.6,7.49,28.51,,
19-12-2019 20:50,6.2,48,0,27.38,8.35,1.22,0,7.25,0,11.1,7.49,28.51,,
19-12-2019 21:00,6.2,47,0,27.37,8.35,1.17,0,5.92,0,10.65,7.48,28.52,,
19-12-2019 21:10,6.3,52,0,27.37,8.35,1.14,0,8.97,0,9.26,7.44,28.53,,
19-12-2019 21:20,6.1,52,0,27.36,8.35,1.05,0,3.47,0,20.11,7.41,28.55,,
19-12-2019 21:30,6,51,0,27.37,8.34,1.18,0,4.26,0,9.61,7.38,28.56,,
19-12-2019 21:40,6.2,56,0,27.36,8.34,1.1,0,5.91,0,9.25,7.35,28.57,,
19-12-2019 21:50,6.6,57,0,27.36,8.34,1.08,0,5.84,0,9.42,7.33,28.58,,
19-12-2019 22:00,6.8,50,0,27.35,8.34,1.06,0,5.31,0,12.09,7.32,28.59,,
19-12-2019 22:10,6.7,55,0,27.35,8.34,1.01,0,5.04,0,4.96,7.31,28.59,,
19-12-2019 22:20,6.2,58,0,27.35,8.34,1.01,0,5.66,0,1.71,7.29,28.6,,
19-12-2019 22:30,6.2,54,0,27.34,8.34,1,0,5.34,0,15.13,7.28,28.6,,
19-12-2019 22:40,6.2,56,0,27.34,8.34,0.98,0,4.75,0,9.7,7.27,28.6,,
19-12-2019 22:50,5.8,56,0,27.33,8.34,5.59,0,3.43,0,8.54,7.24,28.61,,
19-12-2019 23:00,5.7,54,0,27.33,8.34,1.16,0,5.32,0,6.7,7.25,28.61,,
19-12-2019 23:10,5.7,51,0,27.33,8.34,1.06,0,4.51,0,6.16,7.24,28.62,,
19-12-2019 23:20,5.7,51,0,27.34,8.34,0.95,0,5.47,0,9.38,7.22,28.62,,
19-12-2019 23:30,5.2,52,0,27.34,8.34,0.93,0,4.47,0,6.53,7.22,28.63,,
19-12-2019 23:40,5.2,52,0,27.33,8.34,0.98,0,4.66,0,6.64,7.2,28.63,,
19-12-2019 23:50,5.5,49,0,27.33,8.33,1.07,0,4.41,0,5.41,7.2,28.63,,
20-12-2019 00:00,5.6,56,0,27.33,8.33,0.93,0,5.32,0,8.32,7.19,28.63,,
20-12-2019 00:10,4.9,51,0,27.33,8.33,0.98,0,4.99,0,4.99,7.18,28.64,,
20-12-2019 00:20,5,52,0,27.33,8.33,0.89,0,4.66,0,2.44,7.17,28.63,,
20-12-2019 00:30,5.3,54,0,27.32,8.33,0.83,0,5,0,16.66,7.17,28.63,,
20-12-2019 00:40,5.4,49,0,27.31,8.33,0.91,0,4.7,0,1.34,7.15,28.63,,
20-12-2019 00:50,5.2,55,0,27.32,8.33,0.93,0,4.68,0,8.34,7.15,28.63,,
20-12-2019 01:00,5,54,0,27.32,8.33,0.83,0,4.56,0,4.23,7.13,28.63,,
20-12-2019 01:10,5.2,55,0,27.31,8.33,0.94,0,4.6,0,5.59,7.14,28.63,,
20-12-2019 01:20,5.1,49,0,27.31,8.33,0.94,0,4.51,0,4.52,7.13,28.63,,
20-12-2019 01:30,5,48,0,27.29,8.33,0.89,0,5.01,0,10.59,7.11,28.63,,
20-12-2019 01:40,5.1,53,0,27.27,8.34,0.88,0,3.56,0,8.01,7.22,28.54,,
20-12-2019 01:50,4.9,56,0,27.27,8.33,0.96,0,5.41,0,20.71,7.19,28.55,,
20-12-2019 02:00,5,55,0,27.27,8.33,0.87,0,6.06,0,15.18,7.2,28.55,,
20-12-2019 02:10,5,54,0,27.26,8.33,0.87,0,4.97,0,8.79,7.17,28.56,,
20-12-2019 02:20,5,55,0,27.27,8.33,0.82,0,5.49,0,10.9,7.16,28.57,,
20-12-2019 02:30,5.5,53,0,27.24,8.34,0.85,0,4.2,0,8.4,7.26,28.52,,
20-12-2019 02:40,5.5,51,0,27.24,8.34,0.87,0,4.51,0,10.61,7.26,28.51,,
20-12-2019 02:50,5.7,56,0,27.25,8.34,0.81,0,4.12,0,7.3,7.3,28.5,,
20-12-2019 03:00,5.7,62,0,27.26,8.34,0.92,0,5.58,0,14.35,7.29,28.49,,
20-12-2019 03:10,6,68,0,27.27,8.34,0.85,0,4.58,0,10.21,7.26,28.49,,
20-12-2019 03:20,5.9,63,0,27.26,8.34,0.96,0,11.82,0,19.6,7.25,28.5,,
20-12-2019 03:30,6.1,66,0,27.25,8.34,0.87,0,5.98,0,15.69,7.28,28.5,,
20-12-2019 03:40,5.7,65,0,27.26,8.34,0.88,0,4.05,0,17.12,7.18,28.51,,
20-12-2019 03:50,6,62,0,27.25,8.34,0.8,0,5.63,0,1.42,7.2,28.51,,
20-12-2019 04:00,5.8,64,0,27.25,8.34,0.81,0,4.53,0,4.62,7.19,28.51,,
20-12-2019 04:10,6.1,59,0,27.24,8.34,0.82,0,5.63,0,16.33,7.24,28.48,,
20-12-2019 04:20,6.1,59,0,27.25,8.34,0.88,0,5.28,0,18.19,7.21,28.49,,
20-12-2019 04:30,5.7,59,0,27.23,8.34,0.83,0,7.26,0,23.73,7.24,28.49,,
20-12-2019 04:40,5.9,50,0,27.24,8.34,0.82,0,3.22,0,11.8,7.23,28.5,,
20-12-2019 04:50,5.9,48,0,27.24,8.33,0.85,0,6.25,0,9.23,7.2,28.51,,
20-12-2019 05:00,5.5,53,0,27.23,8.33,0.96,0,5.52,0,7.04,7.18,28.51,,
20-12-2019 05:10,5.9,50,0,27.21,8.33,0.84,0,3.94,0,2.72,7.16,28.51,,
20-12-2019 05:20,6,50,0,27.21,8.33,0.85,0,5.28,0,4.92,7.12,28.51,,
20-12-2019 05:30,6.3,49,0,27.22,8.33,0.96,0,5.26,0,10.08,7.1,28.51,,
20-12-2019 05:40,6.1,55,0,27.2,8.33,0.77,0,4.95,0,3.95,7.15,28.52,,
20-12-2019 05:50,5.9,56,0,27.19,8.33,0.82,0,4.99,0,2.74,7.15,28.52,,
20-12-2019 06:00,6.2,52,0,27.2,8.33,0.85,0,4.7,0,16.09,7.14,28.53,,
20-12-2019 06:10,6.9,58,0,27.19,8.33,0.8,0,4.99,0,2,7.15,28.53,,
20-12-2019 06:20,6.6,57,0,27.19,8.33,0.73,0,4.72,0,3.42,7.15,28.52,,
20-12-2019 06:30,6.9,50,0,27.19,8.33,0.78,0,5.18,0,3.34,7.14,28.52,,
20-12-2019 06:40,7,51,0,27.19,8.33,0.73,0,4.77,0,16.09,7.14,28.52,,
20-12-2019 06:50,7.2,51,0,27.2,8.33,0.8,0,4.99,0,6.13,7.12,28.53,,
20-12-2019 07:00,6.8,53,0,27.18,8.33,0.78,0,4.91,0,7.56,7.14,28.53,,
20-12-2019 07:10,6.9,53,0,27.19,8.33,0.78,0,4.82,0,19.09,7.14,28.53,,
20-12-2019 07:20,6.5,50,0,27.18,8.33,0.79,0,4.83,0,5.65,7.14,28.53,,
20-12-2019 07:30,6.1,57,0,27.19,8.33,0.69,0,4.99,0,9.82,7.14,28.54,,
20-12-2019 07:40,6.3,54,0,27.19,8.33,0.82,0,4.73,0,3.09,7.15,28.54,,
20-12-2019 07:50,6.3,55,0,27.19,8.33,0.8,0,5.23,0,29.55,7.14,28.55,,
20-12-2019 08:00,6.1,58,0,27.2,8.33,0.84,0,5.26,0,7.78,7.17,28.55,,
20-12-2019 08:10,6.2,54,0,27.19,8.34,1.02,0,4.33,0,6.14,7.19,28.55,,
20-12-2019 08:20,6.2,52,0,27.2,8.34,0.78,0,4.83,0,10.43,7.17,28.55,,
20-12-2019 08:30,6.1,53,0,27.21,8.33,0.82,0,5.04,0,7.29,7.17,28.55,,
20-12-2019 08:40,6.8,47,0,27.21,8.34,0.8,0,5.19,0,1.27,7.2,28.56,,
20-12-2019 08:50,6.4,44,0,27.21,8.34,0.97,0,4.11,0,5.54,7.25,28.56,,
20-12-2019 09:00,6.1,54,0,27.22,8.34,0.82,0,4.43,0,5.82,7.26,28.57,,
20-12-2019 09:10,6.5,47,0,27.23,8.34,0.81,0,4.09,0,5.44,7.34,28.56,,
20-12-2019 09:20,6.5,48,0,27.24,8.35,0.84,0,3.62,0,5.33,7.38,28.56,,
20-12-2019 09:30,6.5,48,0,27.24,8.34,0.8,0,4.29,0,7.3,7.26,28.58,,
20-12-2019 09:40,6.4,49,0,27.25,8.34,0.72,0,2.77,0,3.67,7.22,28.58,,
20-12-2019 09:50,6.2,48,0,27.25,8.35,0.84,0,4.76,0,11.03,7.38,28.58,,
20-12-2019 10:00,6.7,45,0,27.26,8.35,0.8,0,3.87,0,4.99,7.43,28.58,,
20-12-2019 10:10,6.5,45,0,27.26,8.34,0.75,0,2.89,0,3.78,7.31,28.58,,
20-12-2019 10:20,6.8,40,0,27.27,8.35,0.76,0,3.01,0,3.96,7.35,28.59,,
20-12-2019 10:30,6.4,39,0,27.28,8.35,0.77,0,3.12,0,4.24,7.43,28.59,,
20-12-2019 10:40,6.6,39,0,27.29,8.35,0.77,0,3.26,0,4.46,7.42,28.6,,
20-12-2019 10:50,6.1,44,0,27.29,8.35,0.82,0,2.86,0,4.08,7.44,28.61,,
20-12-2019 11:00,5.8,38,0,27.3,8.35,0.74,0,3,0,3.97,7.41,28.62,,
20-12-2019 11:10,6.6,47,0,27.31,8.35,0.76,0,2.41,0,2.7,7.42,28.63,,
20-12-2019 11:20,6.4,46,0,27.33,8.35,0.72,0,1.98,0,1.89,7.47,28.62,,
20-12-2019 11:30,6.1,42,0,27.33,8.36,0.7,0,1.99,0,2.16,7.49,28.63,,
20-12-2019 11:40,6.3,47,0,27.34,8.36,0.73,0,2.09,0,2.16,7.51,28.63,,
20-12-2019 11:50,6.2,50,0,27.35,8.36,0.72,0,2.45,0,2.68,7.53,28.63,,
20-12-2019 12:00,5.9,47,0,27.37,8.36,0.77,0,2.2,0,2.25,7.58,28.63,,
20-12-2019 12:10,6,48,0,27.37,8.36,0.73,0,2.02,0,1.95,7.54,28.62,,
20-12-2019 12:20,5.7,44,0,27.39,8.37,0.73,0,2.5,0,2.97,7.65,28.63,,
20-12-2019 12:30,5.5,47,0,27.43,8.37,0.8,0,2.52,0,3.43,7.72,28.62,,
20-12-2019 12:40,5.1,47,0,27.43,8.37,0.73,0,2.99,0,4.07,7.77,28.61,,
20-12-2019 12:50,5.6,49,0,27.45,8.37,0.69,0,2.57,0,3.38,7.8,28.62,,
20-12-2019 13:00,5.8,50,0,27.46,8.37,0.76,0,2.39,0,2.73,7.8,28.61,,
20-12-2019 13:10,5.4,60,0,27.48,8.38,0.73,0,2.3,0,3.26,7.82,28.61,,
20-12-2019 13:20,5.3,56,0,27.48,8.38,0.72,0,3,0,4.04,7.86,28.61,,
20-12-2019 13:30,5,60,0,27.49,8.38,0.73,0,2.96,0,4.01,7.94,28.61,,
20-12-2019 13:40,5.3,59,0,27.48,8.39,0.76,0,3.57,0,5.44,7.99,28.61,,
20-12-2019 13:50,5.1,59,0,27.49,8.39,0.7,0,3.07,0,4.08,8.05,28.6,,
20-12-2019 14:00,5.1,59,0,27.5,8.39,0.78,0,3.17,0,4.7,8.1,28.61,,
20-12-2019 14:10,5.4,50,0,27.51,8.39,0.75,0,2.95,0,4.64,8.12,28.61,,
20-12-2019 14:20,5.3,51,0,27.52,8.39,0.71,0,3.4,0,4.58,8.11,28.61,,
20-12-2019 14:30,5,56,0,27.54,8.39,0.73,0,3.22,0,4.24,8.11,28.61,,
20-12-2019 14:40,5.4,55,0,27.54,8.4,0.74,0,3.46,0,0.49,8.16,28.62,,
20-12-2019 14:50,5.3,56,0,27.56,8.4,0.86,0,3.82,0,5.54,8.24,28.61,,
20-12-2019 15:00,5.5,51,0,27.55,8.4,0.76,0,4.19,0,4.66,8.26,28.61,,
20-12-2019 15:10,6.1,54,0,27.55,8.4,0.68,0,3.55,0,4.08,8.29,28.61,,
20-12-2019 15:20,5.7,58,0,27.56,8.41,0.74,0,4.29,0,6.5,8.31,28.62,,
20-12-2019 15:30,5.2,56,0,27.57,8.41,0.74,0,3.75,0,5.62,8.39,28.62,,
20-12-2019 15:40,5.2,52,0,27.57,8.41,0.73,0,4.9,0,8.34,8.43,28.62,,
20-12-2019 15:50,5.4,52,0,27.56,8.41,0.72,0,4.75,0,6.59,8.44,28.61,,
20-12-2019 16:00,5.1,53,0,27.55,8.41,0.68,0,5.38,0,12.14,8.42,28.61,,
20-12-2019 16:10,5.4,50,0,27.54,8.41,0.79,0,5.34,0,3.95,8.4,28.61,,
20-12-2019 16:20,5.2,46,0,27.52,8.41,0.7,0,4.65,0,8.7,8.39,28.61,,
20-12-2019 16:30,5.1,55,0,27.58,8.43,0.77,0,5.46,0,6.62,8.73,28.59,,
20-12-2019 16:40,4.9,58,0,27.59,8.44,0.79,0,6.34,0,48.14,8.87,28.59,,
20-12-2019 16:50,4.8,59,0,27.6,8.44,0.79,0,5.06,0,8.21,8.92,28.57,,
20-12-2019 17:00,4.5,67,0,27.6,8.44,0.87,0,8.15,0,13.59,8.96,28.56,,
20-12-2019 17:10,4.9,66,0,27.58,8.44,0.89,0,6.94,0,10.17,8.9,28.56,,
20-12-2019 17:20,4.7,62,0,27.57,8.44,0.87,0,4.33,0,12.62,8.89,28.56,,
20-12-2019 17:30,4.6,67,0,27.57,8.44,0.8,0,5.97,0,16.28,8.88,28.56,,
20-12-2019 17:40,4.5,60,0,27.59,8.45,0.81,0,5.31,0,28.15,8.4,28.49,,
20-12-2019 17:50,4.4,62,0,27.61,8.45,0.85,0,9.67,0,16.72,8.4,28.5,,
20-12-2019 18:00,4.6,61,0,27.58,8.44,0.87,0,9.35,0,22.77,8.96,28.5,,
20-12-2019 18:10,5.1,61,0,27.58,8.44,0.88,0,33.29,0,25.32,8.94,28.5,,
20-12-2019 18:20,5.3,58,0,27.57,8.43,0.93,0,19.12,0,19.42,8.9,28.51,,
20-12-2019 18:30,4.9,59,0,27.56,8.43,0.91,0,11.2,0,18.56,8.84,28.51,,
20-12-2019 18:40,4.7,57,0,27.54,8.43,0.89,0,27.86,0,99.58,8.77,28.51,,
20-12-2019 18:50,4.6,55,0,27.52,8.42,0.9,0,8.61,0,14.62,8.72,28.51,,
20-12-2019 19:00,4.5,62,0,27.54,8.42,0.89,0,13.26,0,44.17,8.69,28.52,,
20-12-2019 19:10,4.9,60,0,27.52,8.42,0.96,0,6.57,0,13.16,8.67,28.52,,
20-12-2019 19:20,5.1,64,0,27.51,8.42,0.98,0,7.06,0,14.36,8.63,28.52,,
20-12-2019 19:30,4.9,64,0,27.49,8.42,1.02,0,6.35,0,12.39,8.55,28.53,,
20-12-2019 19:40,4.8,65,0,27.48,8.41,0.81,0,6.18,0,14.02,8.51,28.53,,
20-12-2019 19:50,5.1,69,0,27.45,8.41,0.94,0,12.46,0,14.83,8.53,28.48,,
20-12-2019 20:00,5.1,72,0,27.47,8.41,0.95,0,16.85,0,19.95,8.52,28.49,,
20-12-2019 20:10,4.8,76,0,27.46,8.41,1,0,5.78,0,10.02,8.47,28.49,,
20-12-2019 20:20,4.2,75,0,27.42,8.41,0.85,0,7.32,0,20.72,8.43,28.49,,
20-12-2019 20:30,4.8,72,0,27.43,8.41,0.91,0,6.35,0,17.46,8.42,28.49,,
20-12-2019 20:40,4.6,73,0,27.43,8.4,0.86,0,8.35,0,23.17,8.38,28.49,,
20-12-2019 20:50,4.3,73,0,27.43,8.4,0.97,0,6.73,0,6.29,8.36,28.48,,
20-12-2019 21:00,4.3,76,0,27.42,8.4,0.92,0,13.94,0,19.08,8.35,28.48,,
20-12-2019 21:10,3.8,71,0,27.42,8.4,0.93,0,9.31,0,13.04,8.28,28.48,,
20-12-2019 21:20,4.2,76,0,27.42,8.4,0.97,0,12.13,0,17.11,8.28,28.49,,
20-12-2019 21:30,5.2,76,0,27.42,8.4,0.99,0,5.48,0,32.79,8.26,28.49,,
20-12-2019 21:40,5.1,73,0,27.41,8.39,0.96,0,8.93,0,18.06,8.19,28.49,,
20-12-2019 21:50,5.4,77,0,27.4,8.4,0.96,0,5.59,0,15.2,8.22,28.49,,
20-12-2019 22:00,4.8,75,0,27.42,8.39,0.92,0,10.12,0,9.14,8.21,28.5,,
20-12-2019 22:10,5.1,81,0,27.41,8.39,0.97,0,5.61,0,16.59,8.18,28.5,,
20-12-2019 22:20,5,78,0,27.41,8.39,0.87,0,5.87,0,13.03,8.17,28.51,,
20-12-2019 22:30,5.2,78,0,27.4,8.39,0.91,0,7.22,0,9.75,8.18,28.51,,
20-12-2019 22:40,5.5,83,0,27.39,8.39,0.9,0,10.25,0,20.91,8.16,28.52,,
20-12-2019 22:50,5,78,0,27.38,8.39,0.93,0,8,0,11.39,8.16,28.52,,
20-12-2019 23:00,5.1,83,0,27.4,8.39,0.97,0,9.45,0,15.08,8.14,28.53,,
20-12-2019 23:10,4.9,80,0,27.39,8.39,0.91,0,5.45,0,13.07,8.12,28.53,,
20-12-2019 23:20,5.1,76,0,27.38,8.39,0.88,0,5.3,0,27.05,8.1,28.53,,
20-12-2019 23:30,5,78,0,27.38,8.39,0.85,0,6.14,0,22.26,8.08,28.54,,
20-12-2019 23:40,5,80,0,27.38,8.39,0.87,0,5.12,0,6.62,8.07,28.54,,
20-12-2019 23:50,5.3,78,0,27.38,8.39,0.93,0,5.28,0,12.48,8.02,28.55,,
21-12-2019 00:00,5.2,83,0,27.38,8.38,0.93,0,6.88,0,7.79,8.02,28.56,,
21-12-2019 00:10,4.8,86,0,27.37,8.38,0.89,0,10.03,0,10.05,7.99,28.56,,
21-12-2019 00:20,4.9,87,0,27.36,8.38,0.89,0,6.98,0,13.18,7.95,28.56,,
21-12-2019 00:30,4.7,84,0,27.33,8.38,0.97,0,5.48,0,11.47,7.92,28.55,,
21-12-2019 00:40,4.6,80,0,27.34,8.38,0.85,0,13.84,0,7.25,7.87,28.56,,
21-12-2019 00:50,4.3,81,0,27.33,8.37,0.83,0,6.45,0,8.85,7.83,28.56,,
21-12-2019 01:00,4.2,81,0,27.33,8.37,0.82,0,7.43,0,11.87,7.83,28.56,,
21-12-2019 01:10,4.2,78,0,27.33,8.37,0.85,0,6.24,0,22.38,7.82,28.57,,
21-12-2019 01:20,4.1,90,0,27.33,8.37,0.93,0,5.76,0,8.61,7.79,28.57,,
21-12-2019 01:30,3.7,84,0,27.34,8.37,0.81,0,5.43,0,6.81,7.79,28.57,,
21-12-2019 01:40,4.2,87,0,27.34,8.37,0.83,0,5.98,0,4.14,7.77,28.58,,
21-12-2019 01:50,3.6,81,0,27.33,8.37,0.8,0,5.99,0,11.65,7.75,28.58,,
21-12-2019 02:00,3.4,79,0,27.33,8.37,0.88,0,5.76,0,11.68,7.74,28.59,,
21-12-2019 02:10,3.5,81,0,27.31,8.37,0.87,0,5.4,0,9.79,7.73,28.59,,
21-12-2019 02:20,3,74,0,27.32,8.37,0.8,0,5.55,0,5.26,7.72,28.59,,
21-12-2019 02:30,3.4,62,0,27.32,8.37,0.83,0,5.53,0,6.79,7.68,28.59,,
21-12-2019 02:40,3.5,62,0,27.31,8.37,0.81,0,5.12,0,7.4,7.65,28.59,,
21-12-2019 02:50,3.2,61,0,27.3,8.37,0.89,0,4.78,0,6.86,7.64,28.59,,
21-12-2019 03:00,3.9,73,0,27.29,8.36,0.79,0,5.36,0,16.12,7.62,28.59,,
21-12-2019 03:10,3.8,68,0,27.3,8.36,0.82,0,5.17,0,5.28,7.62,28.59,,
21-12-2019 03:20,3.7,69,0,27.29,8.36,0.75,0,5.46,0,9.42,7.59,28.6,,
21-12-2019 03:30,3.5,76,0,27.3,8.36,0.83,0,5.48,0,11.76,7.58,28.6,,
21-12-2019 03:40,3.4,75,0,27.29,8.36,0.84,0,5.14,0,11.52,7.55,28.6,,
21-12-2019 03:50,3.1,71,0,27.29,8.36,0.88,0,5.59,0,7.48,7.55,28.6,,
21-12-2019 04:00,3.5,78,0,27.29,8.36,0.78,0,4.69,0,8.54,7.52,28.6,,
21-12-2019 04:10,3.8,69,0,27.27,8.36,0.8,0,5.09,0,4.53,7.52,28.6,,
21-12-2019 04:20,3.9,74,0,27.26,8.36,0.84,0,5.27,0,7.76,7.52,28.6,,
21-12-2019 04:30,3.9,71,0,27.27,8.36,0.78,0,5.6,0,9.73,7.53,28.6,,
21-12-2019 04:40,3.8,68,0,27.26,8.36,0.85,0,5.22,0,26.06,7.52,28.6,,
21-12-2019 04:50,3.7,66,0,27.28,8.36,0.8,0,5.45,0,17.88,7.49,28.61,,
21-12-2019 05:00,4.2,70,0,27.26,8.35,0.81,0,5.15,0,8.45,7.47,28.61,,
21-12-2019 05:10,4.1,66,0,27.27,8.35,0.8,0,4.28,0,7.75,7.48,28.61,,
21-12-2019 05:20,4.6,66,0,27.26,8.35,0.78,0,5.23,0,8.3,7.45,28.6,,
21-12-2019 05:30,4.4,60,0,27.28,8.35,0.79,0,4.63,0,5.94,7.46,28.61,,
21-12-2019 05:40,4.1,57,0,27.26,8.35,0.81,0,5.27,0,5.77,7.45,28.61,,
21-12-2019 05:50,4.1,58,0,27.26,8.35,0.84,0,4.95,0,5.16,7.44,28.61,,
21-12-2019 06:00,4.1,51,0,27.26,8.35,0.81,0,5.4,0,8.64,7.46,28.6,,
21-12-2019 06:10,3.3,56,0,27.26,8.35,0.84,0,4.92,0,7.75,7.45,28.6,,
21-12-2019 06:20,3.6,50,0,27.26,8.36,0.82,0,5.32,0,9.8,7.46,28.6,,
21-12-2019 06:30,3.2,54,0,27.26,8.36,0.86,0,5.16,0,6.08,7.47,28.6,,
21-12-2019 06:40,3.7,56,0,27.25,8.36,0.87,0,5.13,0,3.8,7.47,28.6,,
21-12-2019 06:50,4.2,58,0,27.27,8.35,0.85,0,4.91,0,5.92,7.46,28.6,,
21-12-2019 07:00,4.3,64,0,27.27,8.36,0.83,0,5.09,0,4.55,7.47,28.6,,
21-12-2019 07:10,4,53,0,27.25,8.36,4.71,0,6,0,11.68,7.51,28.61,,
21-12-2019 07:20,4,56,0,27.28,8.36,0.89,0,4.66,0,17.77,7.51,28.61,,
21-12-2019 07:30,4,53,0,27.28,8.36,0.84,0,4.99,0,9.8,7.52,28.62,,
21-12-2019 07:40,3.9,42,0,27.28,8.36,0.82,0,4.54,0,3.83,7.54,28.61,,
21-12-2019 07:50,4.2,37,0,27.29,8.36,0.85,0,5.06,0,9.73,7.53,28.62,,
21-12-2019 08:00,4,40,0,27.28,8.36,0.88,0,4.66,0,6.89,7.55,28.62,,
21-12-2019 08:10,2.9,20,0,27.29,8.36,0.86,0,4.87,0,3.72,7.57,28.62,,
21-12-2019 08:20,0.5,344,0,27.31,8.37,0.86,0,4.29,0,6.21,7.6,28.62,,
21-12-2019 08:30,1.7,304,0,27.3,8.37,0.79,0,4.35,0,4.73,7.62,28.62,,
21-12-2019 08:40,2.2,301,0,27.28,8.37,0.85,0,5.08,0,14.01,7.6,28.63,,
21-12-2019 08:50,2,297,0,27.28,8.37,0.95,0,4.9,0,9.82,7.64,28.62,,
21-12-2019 09:00,1.6,328,0,27.29,8.37,0.98,0,4.7,0,1.67,7.67,28.62,,
21-12-2019 09:10,2.4,19,0,27.3,8.37,1,0,4.07,0,3.99,7.67,28.61,,
21-12-2019 09:20,4.3,36,0,27.31,8.37,1.04,0,5.21,0,7.06,7.69,28.61,,
21-12-2019 09:30,4.5,41,0,27.31,8.37,1.15,0,5.11,0,13.21,7.72,28.6,,
21-12-2019 09:40,4.4,41,0,27.31,8.37,1.09,0,4.68,0,7.84,7.71,28.6,,
21-12-2019 09:50,4.7,45,0,27.31,8.37,1.13,0,5.79,0,5.87,7.69,28.6,,
21-12-2019 10:00,4.7,46,0,27.32,8.37,1.26,0,5.31,0,8.5,7.73,28.6,,
21-12-2019 10:10,4.7,39,0,27.33,8.38,1.21,0,5.4,0,8.59,7.76,28.6,,
21-12-2019 10:20,4.8,38,0,27.34,8.38,1.32,0,4.98,0,9.32,7.77,28.6,,
21-12-2019 10:30,5.4,44,0,27.35,8.38,1.44,0,5.21,0,8.35,7.79,28.6,,
21-12-2019 10:40,5.4,42,0,27.37,8.38,1.29,0,4.46,0,15.01,7.84,28.61,,
21-12-2019 10:50,5.7,44,0,27.38,8.38,1.16,0,4.66,0,6.62,7.87,28.6,,
21-12-2019 11:00,5.4,41,0,27.39,8.38,1.16,0,4.79,0,18.06,7.88,28.6,,
21-12-2019 11:10,5.3,37,0,27.39,8.39,1.21,0,5.3,0,9.36,7.93,28.6,,
21-12-2019 11:20,4.8,45,0,27.4,8.39,1.27,0,5.12,0,10.31,7.95,28.61,,
21-12-2019 11:30,4.4,48,0,27.4,8.39,1.22,0,5.79,0,6.59,7.98,28.6,,
21-12-2019 11:40,4.9,46,0,27.42,8.39,1.2,0,4.72,0,6.52,8,28.61,,
21-12-2019 11:50,5.2,37,0,27.43,8.39,1.2,0,5.42,0,8.87,8.04,28.61,,
21-12-2019 12:00,5.1,41,0,27.48,8.39,1.3,0,4.57,0,5.97,8.07,28.6,,
21-12-2019 12:10,4.8,33,0,27.5,8.4,1.19,0,3.79,0,6.35,8.14,28.6,,
21-12-2019 12:20,5.2,37,0,27.5,8.4,1.18,0,4.02,0,3.92,8.2,28.61,,
21-12-2019 12:30,5.4,44,0,27.53,8.4,1.11,0,4.1,0,1.98,8.22,28.6,,
21-12-2019 12:40,5.5,45,0,27.5,8.4,1.2,0,4.88,0,6.06,8.24,28.6,,
21-12-2019 12:50,6,40,0,27.49,8.4,1.19,0,5.17,0,8.06,8.25,28.61,,
21-12-2019 13:00,5.8,38,0,27.54,8.41,1.11,0,4.76,0,7.83,8.3,28.61,,
21-12-2019 13:10,5.8,40,0,27.54,8.41,1.1,0,4.63,0,7.15,8.34,28.61,,
21-12-2019 13:20,5.7,40,0,27.55,8.42,1.08,0,5.16,0,8.43,8.4,28.61,,
21-12-2019 13:30,5.9,41,0,27.57,8.42,1.03,0,4.43,0,6.29,8.43,28.62,,
21-12-2019 13:40,5.9,45,0,27.57,8.42,0.97,0,4.11,0,5.14,8.47,28.62,,
21-12-2019 13:50,5.8,43,0,27.55,8.42,0.97,0,4.24,0,6.24,8.44,28.62,,
21-12-2019 14:00,6,40,0,27.54,8.42,1.04,0,4.34,0,1.45,8.41,28.63,,
21-12-2019 14:10,5.8,45,0,27.54,8.42,0.99,0,5.08,0,5.43,8.43,28.63,,
21-12-2019 14:20,5.9,47,0,27.55,8.42,1.04,0,4.63,0,5.87,8.52,28.62,,
21-12-2019 14:30,5.8,47,0,27.53,8.42,1.05,0,5.11,0,9.11,8.49,28.63,,
21-12-2019 14:40,5.6,48,0,27.54,8.43,0.97,0,5.25,0,6.74,8.56,28.62,,
21-12-2019 14:50,5.8,48,0,27.52,8.42,0.93,0,4.61,0,6.97,8.47,28.63,,
21-12-2019 15:00,5.8,46,0,27.54,8.43,0.98,0,5.19,0,4.78,8.59,28.61,,
21-12-2019 15:10,5.9,48,0,27.55,8.43,0.96,0,5.08,0,8.32,8.62,28.61,,
21-12-2019 15:20,5.8,55,0,27.53,8.43,1.02,0,5.31,0,6.95,8.56,28.63,,
21-12-2019 15:30,5.3,57,0,27.53,8.43,0.96,0,5.03,0,6.53,8.67,28.61,,
21-12-2019 15:40,5.5,63,0,27.53,8.43,0.89,0,5.11,0,4.47,8.67,28.61,,
21-12-2019 15:50,5.7,62,0,27.52,8.43,0.85,0,4.64,0,4.46,8.64,28.61,,
21-12-2019 16:00,5.6,60,0,27.52,8.43,0.96,0,5.22,0,8.83,8.6,28.63,,
21-12-2019 16:10,5.7,66,0,27.51,8.42,1.01,0,5.17,0,9.64,8.54,28.63,,
21-12-2019 16:20,5.8,62,0,27.49,8.43,0.85,0,5.16,0,9.55,8.63,28.62,,
21-12-2019 16:30,5.7,63,0,27.49,8.43,1.04,0,5.57,0,6.46,8.59,28.63,,
21-12-2019 16:40,5.6,59,0,27.48,8.43,0.85,0,5.19,0,6.14,8.59,28.62,,
21-12-2019 16:50,5.7,59,0,27.48,8.42,0.91,0,4.73,0,4.96,8.53,28.63,,
21-12-2019 17:00,5.5,56,0,27.47,8.43,0.85,0,5.52,0,8.71,8.55,28.63,,
21-12-2019 17:10,5.7,62,0,27.46,8.42,0.89,0,5.01,0,4.92,8.52,28.63,,
21-12-2019 17:20,5.7,70,0,27.45,8.42,0.86,0,5.22,0,6.42,8.48,28.64,,
21-12-2019 17:30,5.4,70,0,27.45,8.42,0.87,0,3.01,0,14.15,8.46,28.64,,
21-12-2019 17:40,5.5,72,0,27.45,8.42,0.86,0,5.56,0,8.6,8.43,28.64,,
21-12-2019 17:50,5.2,75,0,27.45,8.42,0.91,0,5.77,0,14.29,8.43,28.64,,
21-12-2019 18:00,5.1,75,0,27.44,8.42,0.88,0,5.63,0,4.32,8.39,28.64,,
21-12-2019 18:10,5.4,75,0,27.43,8.42,0.88,0,6.83,0,15.78,8.39,28.64,,
21-12-2019 18:20,5.2,72,0,27.41,8.42,0.85,0,5.89,0,5.62,8.36,28.64,,
21-12-2019 18:30,5.3,76,0,27.42,8.41,0.86,0,4.76,0,7.86,8.34,28.65,,
21-12-2019 18:40,4.9,73,0,27.41,8.42,0.84,0,5.65,0,58.23,8.35,28.65,,
21-12-2019 18:50,4.8,69,0,27.41,8.42,0.86,0,5.5,0,6.51,8.34,28.65,,
21-12-2019 19:00,4.6,72,0,27.42,8.41,0.91,0,4.44,0,9.18,8.33,28.65,,
21-12-2019 19:10,4.9,76,0,27.41,8.41,0.82,0,5.52,0,10.92,8.31,28.65,,
21-12-2019 19:20,5.4,73,0,27.4,8.42,0.87,0,5.2,0,2.53,8.33,28.64,,
21-12-2019 19:30,5.9,79,0,27.4,8.41,0.89,0,4.91,0,6.25,8.3,28.64,,
21-12-2019 19:40,6.6,76,0,27.39,8.42,0.84,0,4.59,0,6.5,8.31,28.65,,
21-12-2019 19:50,6,79,0,27.38,8.42,0.89,0,4.72,0,8.3,8.29,28.65,,
21-12-2019 20:00,6.3,76,0,27.36,8.42,1.42,0,5.77,0,12.36,8.38,28.63,,
21-12-2019 20:10,6.4,73,0,27.38,8.42,0.9,0,5.37,0,5.27,8.4,28.62,,
21-12-2019 20:20,5.7,72,0,27.37,8.42,0.85,0,5.25,0,10.09,8.36,28.63,,
21-12-2019 20:30,6.1,75,0,27.36,8.42,0.88,0,5.13,0,13.63,8.27,28.63,,
21-12-2019 20:40,6.3,68,0,27.39,8.41,0.9,0,5.13,0,8.23,8.19,28.65,,
21-12-2019 20:50,6.2,70,0,27.38,8.41,0.9,0,5.29,0,8.1,8.15,28.65,,
21-12-2019 21:00,5.9,76,0,27.39,8.41,0.89,0,4.82,0,7.38,8.14,28.65,,
21-12-2019 21:10,6.1,77,0,27.39,8.41,0.87,0,5.15,0,8.1,8.15,28.65,,
21-12-2019 21:20,6,79,0,27.39,8.41,0.89,0,4.93,0,5.46,8.13,28.65,,
21-12-2019 21:30,6.4,80,0,27.38,8.41,0.9,0,4.82,0,7.1,8.11,28.64,,
21-12-2019 21:40,6.3,79,0,27.39,8.41,0.95,0,4.84,0,18.43,8.1,28.65,,
21-12-2019 21:50,6.2,80,0,27.35,8.41,1.75,0,5.03,0,5.7,8.08,28.65,,
21-12-2019 22:00,5.9,81,0,27.35,8.41,0.88,0,4.69,0,6.03,8.07,28.64,,
21-12-2019 22:10,6.4,78,0,27.34,8.41,0.94,0,4.43,0,7.63,8.05,28.65,,
21-12-2019 22:20,6.2,79,0,27.36,8.4,0.94,0,4.31,0,9.2,8.05,28.64,,
21-12-2019 22:30,6.3,80,0,27.35,8.4,0.88,0,4.62,0,8.27,8.04,28.65,,
21-12-2019 22:40,5.9,85,0,27.36,8.4,0.93,0,4.78,0,7.61,8.02,28.65,,
21-12-2019 22:50,6.1,77,0,27.34,8.4,0.91,0,4.8,0,15.53,7.97,28.65,,
21-12-2019 23:00,5.8,75,0,27.36,8.4,0.98,0,4.72,0,5.88,7.95,28.64,,
21-12-2019 23:10,5.2,79,0,27.36,8.4,0.98,0,4.31,0,7,7.93,28.65,,
21-12-2019 23:20,5.7,77,0,27.36,8.4,1.07,0,4.98,0,6.74,7.94,28.64,,
21-12-2019 23:30,5.6,75,0,27.34,8.4,1.03,0,5.03,0,7.79,7.94,28.64,,
21-12-2019 23:40,5.6,76,0,27.32,8.4,0.99,0,5.74,0,13.55,8.01,28.62,,
21-12-2019 23:50,5.7,84,0,27.33,8.41,0.97,0,6.53,0,11.9,8.12,28.59,,
22-12-2019 00:00,5.8,83,0,27.33,8.41,0.98,0,7.51,0,15.67,8.09,28.59,,
22-12-2019 00:10,5.6,86,0,27.33,8.41,0.89,0,6.08,0,13.23,8.07,28.57,,
22-12-2019 00:20,5.8,85,0,27.35,8.41,0.98,0,6.51,0,7.77,8.14,28.56,,
22-12-2019 00:30,5.6,84,0,27.35,8.41,0.94,0,5.68,0,13.24,8.11,28.56,,
22-12-2019 00:40,6.3,86,0,27.34,8.41,0.94,0,6.52,0,12.66,8.11,28.56,,
22-12-2019 00:50,6.5,86,0,27.34,8.4,1.02,0,5.59,0,10.96,8.09,28.55,,
22-12-2019 01:00,6.4,84,0,27.34,8.4,1.08,0,6.39,0,14.07,8.07,28.55,,
22-12-2019 01:10,6.5,86,0,27.35,8.4,1.05,0,14.33,0,13.78,8.09,28.54,,
22-12-2019 01:20,6.4,85,0,27.36,8.4,1.05,0,6.33,0,22.93,8.11,28.52,,
22-12-2019 01:30,6.2,85,0,27.36,8.4,1.02,0,7.52,0,12.08,8.11,28.52,,
22-12-2019 01:40,5.6,92,0,27.35,8.4,1.03,0,6.7,0,11.89,8.09,28.52,,
22-12-2019 01:50,5.6,91,0,27.37,8.4,1.07,0,10.9,0,10.86,8.09,28.52,,
22-12-2019 02:00,5.2,84,0,27.35,8.4,1.06,0,6.32,0,12.28,8.06,28.52,,
22-12-2019 02:10,5.1,93,0,27.36,8.4,1.1,0,6.59,0,10.61,8.05,28.51,,
22-12-2019 02:20,5.5,93,0,27.35,8.39,1.14,0,9.1,0,30.22,8.03,28.49,,
22-12-2019 02:30,4.8,90,0,27.36,8.39,1.17,0,7.8,0,11.58,8.05,28.49,,
22-12-2019 02:40,5.2,87,0,27.36,8.38,1.53,0,4.93,0,15.86,7.97,28.5,,
22-12-2019 02:50,5.4,88,0,27.38,8.38,1.53,0,5.21,0,13.09,7.95,28.49,,
22-12-2019 03:00,5.4,89,0,27.38,8.38,1.48,0,5.83,0,14.13,7.91,28.49,,
22-12-2019 03:10,5.9,90,0,27.34,8.37,1.36,0,6.64,0,30.29,7.79,28.49,,
22-12-2019 03:20,6.2,88,0,27.33,8.37,1.22,0,8.28,0,17.53,7.73,28.49,,
22-12-2019 03:30,5.7,87,0,27.33,8.36,1.16,0,7.46,0,12.07,7.69,28.49,,
22-12-2019 03:40,5.3,90,0,27.32,8.36,1.34,0,8.83,0,24.62,7.65,28.51,,
22-12-2019 03:50,5.3,86,0,27.34,8.37,1.32,0,5.93,0,13.25,7.71,28.51,,
22-12-2019 04:00,5.2,85,0,27.32,8.36,1.19,0,12.01,0,25.98,7.66,28.51,,
22-12-2019 04:10,5.2,88,0,27.29,8.36,1.26,0,7.43,0,19.26,7.65,28.49,,
22-12-2019 04:20,5.3,85,0,27.27,8.36,1.26,0,8.8,0,17.6,7.64,28.49,,
22-12-2019 04:30,5,83,0,27.29,8.37,1.23,0,9.21,0,23.21,7.67,28.5,,
22-12-2019 04:40,5.1,80,0,27.32,8.37,1.25,0,10.42,0,14.19,7.73,28.53,,
22-12-2019 04:50,4.6,81,0,27.33,8.37,1.25,0,13.07,0,14.02,7.74,28.54,,
22-12-2019 05:00,4.8,81,0,27.32,8.37,1.18,0,5.71,0,19.31,7.73,28.54,,
22-12-2019 05:10,4.7,81,0,27.32,8.37,1.24,0,5.12,0,12.2,7.75,28.55,,
22-12-2019 05:20,4.6,76,0,27.31,8.37,1.13,0,9.84,0,35.54,7.74,28.54,,
22-12-2019 05:30,4.4,83,0,27.3,8.37,1.14,0,21.51,0,12.46,7.72,28.54,,
22-12-2019 05:40,4.6,81,0,27.26,8.37,1.11,0,6.78,0,15.34,7.7,28.53,,
22-12-2019 05:50,4.6,84,0,27.26,8.37,1.07,0,7.24,0,17.77,7.68,28.53,,
22-12-2019 06:00,4.2,80,0,27.27,8.37,1.09,0,10.28,0,17.75,7.69,28.53,,
22-12-2019 06:10,4.5,83,0,27.27,8.37,1.16,0,7.13,0,19.23,7.67,28.54,,
22-12-2019 06:20,4.2,77,0,27.26,8.37,1.1,0,10.21,0,21.07,7.65,28.54,,
22-12-2019 06:30,4.1,77,0,27.27,8.37,1.22,0,13.33,0,16.11,7.69,28.55,,
22-12-2019 06:40,4,72,0,27.24,8.37,1.12,0,5.33,0,23.79,7.66,28.54,,
22-12-2019 06:50,4,69,0,27.28,8.37,1.14,0,5.94,0,15.55,7.69,28.54,,
22-12-2019 07:00,3.9,65,0,27.25,8.37,1.08,0,5.66,0,23.87,7.7,28.55,,
22-12-2019 07:10,4,62,0,27.28,8.37,1.07,0,3.8,0,10.08,7.71,28.54,,
22-12-2019 07:20,4.5,59,0,27.29,8.37,1.06,0,5.56,0,9.93,7.68,28.55,,
22-12-2019 07:30,4.5,64,0,27.3,8.37,1.22,0,7.97,0,13.96,7.65,28.55,,
22-12-2019 07:40,4.5,59,0,27.29,8.37,1.18,0,5.12,0,13.53,7.65,28.54,,
22-12-2019 07:50,4.7,66,0,27.29,8.37,1.37,0,5.56,0,8.18,7.67,28.55,,
22-12-2019 08:00,4.8,65,0,27.29,8.37,1.24,0,5.9,0,11.29,7.69,28.55,,
22-12-2019 08:10,4.8,62,0,27.28,8.37,1.21,0,5.93,0,10.43,7.71,28.56,,
22-12-2019 08:20,4.6,58,0,27.26,8.38,1.11,0,5.14,0,8.72,7.78,28.55,,
22-12-2019 08:30,4.9,56,0,27.28,8.39,1.03,0,4.27,0,4.38,7.81,28.56,,
22-12-2019 08:40,4.9,50,0,27.28,8.39,1.06,0,4.93,0,9.56,7.83,28.57,,
22-12-2019 08:50,5.1,46,0,27.29,8.39,1.17,0,4.44,0,15.07,7.82,28.57,,
22-12-2019 09:00,4.9,42,0,27.3,8.39,1.07,0,4.69,0,5.43,7.78,28.58,,
22-12-2019 09:10,5.1,42,0,27.3,8.39,1.03,0,3.85,0,0.03,7.84,28.59,,
22-12-2019 09:20,5.3,41,0,27.26,8.37,0.97,0,4.52,0,6.79,7.7,28.53,,
22-12-2019 09:30,5.6,34,0,27.27,8.37,0.99,0,4.07,0,5.26,7.75,28.52,,
22-12-2019 09:40,5.8,32,0,27.28,8.37,0.97,0,3.85,0,6.36,7.77,28.53,,
22-12-2019 09:50,5.6,28,0,27.3,8.38,1.02,0,4.19,0,5.13,7.83,28.53,,
22-12-2019 10:00,5.5,32,0,27.31,8.38,1.01,0,4.2,0,4.77,7.84,28.53,,
22-12-2019 10:10,5.9,30,0,27.32,8.38,0.94,0,4.08,0,4.69,7.92,28.53,,
22-12-2019 10:20,5.7,35,0,27.33,8.39,1.01,0,4.23,0,4.76,7.97,28.53,,
22-12-2019 10:30,5.4,39,0,27.35,8.39,1.01,0,4.44,0,3.7,8.05,28.53,,
22-12-2019 10:40,5.3,40,0,27.36,8.4,1.01,0,4.71,0,8.83,8.14,28.53,,
22-12-2019 10:50,5,39,0,27.38,8.4,1.03,0,4.75,0,6.5,8.2,28.53,,
22-12-2019 11:00,5,38,0,27.4,8.4,1.11,0,4.64,0,1.82,8.26,28.52,,
22-12-2019 11:10,4.9,38,0,27.42,8.41,1.13,0,4.58,0,9.31,8.31,28.52,,
22-12-2019 11:20,5.1,36,0,27.42,8.41,1,0,5.14,0,10.73,8.37,28.52,,
22-12-2019 11:30,5.2,38,0,27.47,8.41,1.04,0,4.5,0,8.24,8.45,28.52,,
22-12-2019 11:40,5.2,40,0,27.49,8.42,1.07,0,5.01,0,6.19,8.52,28.52,,
22-12-2019 11:50,5.4,38,0,27.48,8.42,0.96,0,4.63,0,6.29,8.57,28.54,,
22-12-2019 12:00,5.2,43,0,27.5,8.42,1.04,0,4.44,0,11.3,8.55,28.51,,
22-12-2019 12:10,5.3,36,0,27.5,8.42,0.96,0,4.5,0,4.73,8.6,28.51,,
22-12-2019 12:20,5.3,41,0,27.52,8.42,1.01,0,4.88,0,14.03,8.66,28.51,,
22-12-2019 12:30,5.6,44,0,27.54,8.43,1.03,0,4.7,0,6.64,8.68,28.52,,
22-12-2019 12:40,5.8,43,0,27.57,8.43,1.08,0,4.87,0,6.28,8.7,28.52,,
22-12-2019 12:50,5.8,45,0,27.54,8.43,1.02,0,5.46,0,4.08,8.69,28.52,,
22-12-2019 13:00,5.7,43,0,27.57,8.43,0.99,0,5.02,0,9.87,8.72,28.54,,
22-12-2019 13:10,5.8,39,0,27.55,8.43,1.1,0,5.18,0,14.88,8.73,28.53,,
22-12-2019 13:20,5.9,38,0,27.55,8.43,1.08,0,5.35,0,8.52,8.74,28.55,,
22-12-2019 13:30,5.6,40,0,27.55,8.43,1.11,0,6.53,0,3.77,8.78,28.55,,
22-12-2019 13:40,5.8,39,0,27.57,8.43,1.18,0,5.41,0,6.81,8.81,28.55,,
22-12-2019 13:50,5.8,32,0,27.59,8.44,1.02,0,5.67,0,4.76,8.84,28.56,,
22-12-2019 14:00,5.6,36,0,27.58,8.44,1.03,0,5.07,0,11.1,8.84,28.56,,
22-12-2019 14:10,5.9,36,0,27.59,8.44,1.05,0,5.83,0,13.16,8.9,28.56,,
22-12-2019 14:20,6.2,37,0,27.59,8.44,1.23,0,5.74,0,16.51,8.91,28.56,,
22-12-2019 14:30,6.1,43,0,27.56,8.44,1.32,0,5.39,0,19.37,8.88,28.57,,
22-12-2019 14:40,6.1,42,0,27.55,8.44,1.12,0,5.96,0,11.18,8.89,28.57,,
22-12-2019 14:50,5.8,41,0,27.56,8.44,1.22,0,7.88,0,8.28,8.92,28.57,,
22-12-2019 15:00,5.8,39,0,27.55,8.44,1.1,0,4.86,0,10.66,8.9,28.57,,
22-12-2019 15:10,6.2,42,0,27.55,8.44,1.2,0,5.34,0,7.5,8.91,28.57,,
22-12-2019 15:20,5.8,41,0,27.55,8.44,1.06,0,5.92,0,5.05,8.9,28.58,,
22-12-2019 15:30,5.9,41,0,27.59,8.45,0.96,0,6.04,0,17.43,8.98,28.59,,
22-12-2019 15:40,6,42,0,27.67,8.47,1.11,0,6.1,0,9.78,8.4,28.57,,
22-12-2019 15:50,5.8,45,0,27.68,8.47,1.16,0,5.38,0,15.62,8.4,28.56,,
22-12-2019 16:00,5.8,42,0,27.67,8.47,1,0,7.36,0,14.84,8.4,28.56,,
22-12-2019 16:10,5.9,40,0,27.66,8.47,1.18,0,5.58,0,12.42,8.4,28.57,,
22-12-2019 16:20,6.3,41,0,27.65,8.47,1.04,0,8.49,0,15.13,8.4,28.57,,
22-12-2019 16:30,6.3,43,0,27.61,8.46,1.23,0,5.16,0,13.8,8.4,28.58,,
22-12-2019 16:40,6.1,42,0,27.62,8.46,1.06,0,6.59,0,10.67,8.4,28.57,,
22-12-2019 16:50,6,41,0,27.62,8.46,1.18,0,7.1,0,12.91,8.4,28.56,,
22-12-2019 17:00,6.2,44,0,27.63,8.46,1.15,0,8.85,0,26.48,8.4,28.56,,
22-12-2019 17:10,5.8,49,0,27.62,8.46,1.09,0,8.69,0,12.14,8.4,28.55,,
22-12-2019 17:20,6.1,44,0,27.61,8.46,1.08,0,10.81,0,16.39,8.4,28.56,,
22-12-2019 17:30,6,45,0,27.6,8.46,1.1,0,7.95,0,16.36,8.4,28.56,,
22-12-2019 17:40,6,40,0,27.6,8.45,1.07,0,7.2,0,26.59,8.4,28.56,,
22-12-2019 17:50,6.4,42,0,27.58,8.45,1.26,0,8.87,0,25.98,9,28.57,,
22-12-2019 18:00,6.8,46,0,27.56,8.45,1.14,0,15.18,0,23.43,8.4,28.56,,
22-12-2019 18:10,6.6,42,0,27.54,8.45,1.1,0,14.17,0,33.61,8.4,28.56,,
22-12-2019 18:20,6.7,41,0,27.55,8.45,1.35,0,8.63,0,25.25,8.4,28.55,,
22-12-2019 18:30,7.1,39,0,27.55,8.45,1.26,0,8.66,0,19.84,8.4,28.55,,
22-12-2019 18:40,6.7,35,0,27.53,8.45,1.16,0,33.21,0,17.98,8.4,28.53,,
22-12-2019 18:50,6.6,40,0,27.53,8.45,1.1,0,9.9,0,20.38,8.4,28.54,,
22-12-2019 19:00,6.5,36,0,27.53,8.45,1.2,0,10.21,0,16.05,9,28.54,,
22-12-2019 19:10,6.4,40,0,27.53,8.44,1.13,0,10.91,0,28.26,8.91,28.54,,
22-12-2019 19:20,6.4,46,0,27.53,8.45,1.15,0,7.9,0,19.25,8.96,28.53,,
22-12-2019 19:30,6.3,41,0,27.5,8.45,1.24,0,15.73,0,21.78,8.95,28.53,,
22-12-2019 19:40,6.3,43,0,27.52,8.44,1.13,0,8.09,0,25.96,8.96,28.53,,
22-12-2019 19:50,6.4,40,0,27.52,8.44,1.38,0,11.67,0,18.95,8.92,28.53,,
22-12-2019 20:00,6.2,44,0,27.49,8.44,1.22,0,11.41,0,30.72,8.87,28.53,,
22-12-2019 20:10,6.2,47,0,27.51,8.44,1.15,0,9.14,0,12.67,8.88,28.52,,
22-12-2019 20:20,6,41,0,27.49,8.44,1.22,0,8.04,0,18.99,8.84,28.53,,
22-12-2019 20:30,6,36,0,27.5,8.44,1.15,0,12.62,0,38.78,8.86,28.52,,
22-12-2019 20:40,5.6,36,0,27.48,8.43,1.16,0,9.55,0,11.76,8.79,28.53,,
22-12-2019 20:50,5.4,40,0,27.49,8.43,1.25,0,8.33,0,18.17,8.74,28.54,,
22-12-2019 21:00,5.7,35,0,27.48,8.43,1.15,0,12.06,0,63.5,8.73,28.53,,
22-12-2019 21:10,5.7,36,0,27.49,8.43,1.38,0,14.23,0,28.38,8.67,28.55,,
22-12-2019 21:20,5.7,37,0,27.44,8.42,1.15,0,8.38,0,25.81,8.56,28.54,,
22-12-2019 21:30,5.8,44,0,27.44,8.42,1.29,0,10.01,0,16.54,8.49,28.56,,
22-12-2019 21:40,5.7,46,0,27.41,8.42,1.37,0,10.96,0,19.92,8.44,28.55,,
22-12-2019 21:50,5.6,49,0,27.39,8.42,1.24,0,7.26,0,15.34,8.41,28.56,,
22-12-2019 22:00,5.2,46,0,27.39,8.41,1.22,0,5.6,0,8.3,8.39,28.56,,
22-12-2019 22:10,6.1,43,0,27.36,8.41,1.21,0,13.9,0,10.93,8.33,28.56,,
22-12-2019 22:20,6,40,0,27.37,8.41,1.25,0,6.03,0,19.72,8.31,28.56,,
22-12-2019 22:30,5.7,37,0,27.32,8.41,1.35,0,6.47,0,12.31,8.26,28.56,,
22-12-2019 22:40,5.8,41,0,27.31,8.41,1.16,0,6.44,0,74.4,8.25,28.55,,
22-12-2019 22:50,5.6,46,0,27.29,8.4,1.15,0,5.91,0,20.1,8.22,28.55,,
22-12-2019 23:00,5.5,46,0,27.29,8.4,1.13,0,7.76,0,12.13,8.18,28.55,,
22-12-2019 23:10,5.7,42,0,27.28,8.4,1.19,0,9.92,0,15.44,8.18,28.55,,
22-12-2019 23:20,5.6,44,0,27.28,8.4,1.08,0,7.92,0,11.8,8.13,28.56,,
22-12-2019 23:30,5.6,42,0,27.29,8.4,1.09,0,8.6,0,23.37,8.11,28.55,,
22-12-2019 23:40,5.3,46,0,27.3,8.4,1.18,0,5.35,0,13.15,8.11,28.56,,
22-12-2019 23:50,4.8,45,0,27.26,8.39,1.2,0,5.56,0,17.49,8.04,28.55,,
23-12-2019 00:00,4.9,42,0,27.26,8.39,1.44,0,14.81,0,13.84,7.99,28.55,,
23-12-2019 00:10,5.3,43,0,27.25,8.39,1.15,0,7.49,0,23.85,7.94,28.55,,
23-12-2019 00:20,5.3,41,0,27.25,8.39,1.12,0,5.64,0,54.57,7.95,28.55,,
23-12-2019 00:30,5.4,44,0,27.24,8.39,1.21,0,11.69,0,18.09,7.94,28.56,,
23-12-2019 00:40,5.5,40,0,27.26,8.38,1.21,0,5.27,0,31.4,7.91,28.55,,
23-12-2019 00:50,5.4,39,0,27.25,8.38,1.23,0,7.16,0,21.58,7.85,28.55,,
23-12-2019 01:00,5.2,43,0,27.23,8.38,1.23,0,6.43,0,8.24,7.79,28.55,,
23-12-2019 01:10,4.9,45,0,27.23,8.37,1.17,0,9.17,0,19.41,7.73,28.56,,
23-12-2019 01:20,4.7,44,0,27.2,8.37,1.19,0,4.9,0,21.96,7.7,28.57,,
23-12-2019 01:30,4.8,46,0,27.21,8.37,1.18,0,8.85,0,6.5,7.69,28.57,,
23-12-2019 01:40,4.9,46,0,27.22,8.37,1.2,0,8.4,0,31.76,7.68,28.57,,
23-12-2019 01:50,4.8,50,0,27.21,8.37,1.17,0,6.35,0,9.45,7.64,28.58,,
23-12-2019 02:00,4.8,45,0,27.19,8.37,1.18,0,5.97,0,25.82,7.63,28.57,,
23-12-2019 02:10,4.6,38,0,27.18,8.37,1.15,0,8.74,0,13.31,7.62,28.57,,
23-12-2019 02:20,4.9,45,0,27.17,8.37,1.19,0,5.14,0,33.82,7.6,28.56,,
23-12-2019 02:30,4.5,52,0,27.18,8.37,1.17,0,6.07,0,8.61,7.56,28.57,,
23-12-2019 02:40,4.4,47,0,27.17,8.37,1.18,0,5.97,0,24.44,7.57,28.56,,
23-12-2019 02:50,4.5,45,0,27.14,8.37,1.35,0,4.58,0,13.53,7.62,28.56,,
23-12-2019 03:00,5,48,0,27.15,8.37,1.12,0,11.38,0,17.36,7.62,28.57,,
23-12-2019 03:10,5.2,50,0,27.14,8.37,1.16,0,3.4,0,15.9,7.63,28.56,,
23-12-2019 03:20,5.3,52,0,27.16,8.37,1.09,0,8.14,0,18.16,7.62,28.56,,
23-12-2019 03:30,5.1,48,0,27.15,8.37,1.09,0,12.04,0,13.63,7.61,28.56,,
23-12-2019 03:40,5.2,50,0,27.14,8.37,1.06,0,14.84,0,35.37,7.6,28.56,,
23-12-2019 03:50,5,46,0,27.14,8.37,1.12,0,5.37,0,10.27,7.58,28.55,,
23-12-2019 04:00,5.2,45,0,27.14,8.37,1.09,0,4.95,0,16.6,7.55,28.55,,
23-12-2019 04:10,5.2,38,0,27.14,8.37,1.14,0,8.04,0,22.46,7.55,28.55,,
23-12-2019 04:20,4.8,46,0,27.14,8.36,1.15,0,4.01,0,10.93,7.53,28.55,,
23-12-2019 04:30,5,48,0,27.12,8.36,1.14,0,9.39,0,14.37,7.52,28.54,,
23-12-2019 04:40,4.8,45,0,27.14,8.36,1.23,0,14.78,0,40.55,7.51,28.54,,
23-12-2019 04:50,4.5,60,0,27.14,8.36,1.14,0,9.51,0,10.53,7.52,28.54,,
23-12-2019 05:00,5,49,0,27.14,8.36,1.15,0,5.71,0,7.46,7.51,28.55,,
23-12-2019 05:10,5.1,52,0,27.15,8.36,1.24,0,7.11,0,11.94,7.52,28.54,,
23-12-2019 05:20,5.1,41,0,27.15,8.36,1.16,0,5.32,0,6.34,7.49,28.54,,
23-12-2019 05:30,4.3,48,0,27.16,8.36,1.34,0,6.14,0,13.74,7.47,28.55,,
23-12-2019 05:40,4.4,45,0,27.14,8.36,1.19,0,8.14,0,12.21,7.47,28.56,,
23-12-2019 05:50,4.7,42,0,27.14,8.36,1.33,0,5.68,0,10.85,7.46,28.55,,
23-12-2019 06:00,4.2,44,0,27.14,8.36,1.28,0,6.35,0,11.39,7.43,28.55,,
23-12-2019 06:10,4.2,44,0,27.14,8.36,1.45,0,5.23,0,4.5,7.42,28.56,,
23-12-2019 06:20,4.1,38,0,27.15,8.35,1.28,0,5.84,0,9.14,7.38,28.55,,
23-12-2019 06:30,4.1,42,0,27.14,8.35,1.64,0,13.24,0,15.38,7.36,28.55,,
23-12-2019 06:40,4.3,34,0,27.12,8.35,1.29,0,6.85,0,17.61,7.33,28.55,,
23-12-2019 06:50,4.4,38,0,27.11,8.35,1.33,0,5.73,0,8.4,7.32,28.54,,
23-12-2019 07:00,4,33,0,27.11,8.35,1.26,0,9.12,0,12.62,7.31,28.54,,
23-12-2019 07:10,2.7,352,0,27.11,8.35,1.22,0,7.61,0,24.03,7.3,28.54,,
23-12-2019 07:20,3,302,0,27.1,8.35,1.23,0,6.63,0,5.08,7.3,28.53,,
23-12-2019 07:30,3.8,307,0,27.08,8.35,1.33,0,5.91,0,17.83,7.31,28.53,,
23-12-2019 07:40,3.7,310,0,27.1,8.34,1.26,0,27.13,0,31.48,7.31,28.52,,
23-12-2019 07:50,3.2,318,0,27.1,8.34,2.07,0,3.88,0,18.5,7.33,28.52,,
23-12-2019 08:00,3.5,327,0,27.11,8.35,1.79,0,6.3,0,11.59,7.31,28.51,,
23-12-2019 08:10,3.2,329,0,27.09,8.35,1.3,0,5.81,0,12.42,7.33,28.54,,
23-12-2019 08:20,2.9,320,0,27.08,8.34,1.16,0,4.83,0,25.97,7.36,28.54,,
23-12-2019 08:30,3,318,0,27.07,8.35,1.38,0,5.76,0,10.33,7.35,28.55,,
23-12-2019 08:40,3.1,316,0,27.09,8.35,1.25,0,5.25,0,7.54,7.36,28.56,,
23-12-2019 08:50,3.3,312,0,27.04,8.35,1.26,0,5.79,0,12.82,7.46,28.54,,
23-12-2019 09:00,3.7,329,0,27.09,8.35,1.65,0,4.89,0,6.79,7.46,28.56,,
23-12-2019 09:10,4.1,328,0,27.1,8.35,1.27,0,4.73,0,8.01,7.48,28.56,,
23-12-2019 09:20,3.8,341,0,27.12,8.35,1.25,0,4.2,0,3.88,7.51,28.57,,
23-12-2019 09:30,3.7,340,0,27.12,8.35,1.17,0,3.91,0,13.6,7.56,28.57,,
23-12-2019 09:40,3.1,357,0,27.14,8.36,1.23,0,4.79,0,4.78,7.59,28.58,,
23-12-2019 09:50,2.5,357,0,27.16,8.36,1.12,0,3.48,0,4.51,7.71,28.57,,
23-12-2019 10:00,2.3,14,0,27.2,8.36,1.08,0,3.66,0,4.76,7.74,28.59,,
23-12-2019 10:10,2.9,24,0,27.23,8.36,1.19,0,4.52,0,4.19,7.77,28.58,,
23-12-2019 10:20,3.5,27,0,27.26,8.36,1.2,0,3.43,0,5.43,7.83,28.57,,
23-12-2019 10:30,3.7,25,0,27.28,8.36,1.18,0,3.1,0,2.85,7.85,28.58,,
23-12-2019 10:40,3.5,36,0,27.28,8.36,1.21,0,3.33,0,4.28,7.89,28.59,,
23-12-2019 10:50,3.5,27,0,27.28,8.37,1.29,0,3.41,0,4.21,7.96,28.6,,
23-12-2019 11:00,3.4,34,0,27.34,8.37,1.13,0,3.08,0,4.89,7.89,28.62,,
23-12-2019 11:10,4,26,0,27.31,8.37,1.24,0,3.62,0,3.55,7.94,28.62,,
23-12-2019 11:20,3.9,33,0,27.34,8.37,1.45,0,3.84,0,4.3,7.96,28.63,,
23-12-2019 11:30,4.1,33,0,27.38,8.38,1.3,0,3.01,0,3.76,8.02,28.63,,
23-12-2019 11:40,4.6,21,0,27.4,8.38,1.22,0,3.33,0,5.35,8.06,28.63,,
23-12-2019 11:50,5.1,19,0,27.38,8.39,1.3,0,3.41,0,4.85,8.13,28.64,,
23-12-2019 12:00,5.2,27,0,27.38,8.39,1.29,0,3.55,0,5.25,8.17,28.64,,
23-12-2019 12:10,4.8,19,0,27.43,8.4,1.11,0,3.06,0,4.16,8.21,28.65,,
23-12-2019 12:20,5.5,25,0,27.46,8.4,1.17,0,3.05,0,3.92,8.29,28.65,,
23-12-2019 12:30,5.3,29,0,27.43,8.4,1.25,0,3.22,0,4.25,8.34,28.65,,
23-12-2019 12:40,5.3,35,0,27.45,8.41,1.13,0,3.24,0,5.39,8.38,28.66,,
23-12-2019 12:50,5.4,32,0,27.41,8.41,1.2,0,3.47,0,4.46,8.44,28.66,,
23-12-2019 13:00,5.7,44,0,27.44,8.41,1.19,0,3.89,0,5.83,8.43,28.66,,
23-12-2019 13:10,6,45,0,27.46,8.41,1.25,0,3.46,0,5.11,8.47,28.67,,
23-12-2019 13:20,5.9,40,0,27.48,8.41,1.16,0,3.37,0,4.73,8.5,28.67,,
23-12-2019 13:30,6.3,40,0,27.52,8.42,1.21,0,3.06,0,4.81,8.62,28.67,,
23-12-2019 13:40,6.4,31,0,27.51,8.42,1.1,0,3.41,0,4.8,8.67,28.66,,
23-12-2019 13:50,6.5,31,0,27.48,8.43,1.08,0,4.09,0,8.89,8.67,28.67,,
23-12-2019 14:00,6.6,34,0,27.45,8.43,1.1,0,3.28,0,3.99,8.63,28.67,,
23-12-2019 14:10,6.7,32,0,27.4,8.42,1.13,0,3.85,0,6.11,8.55,28.68,,
23-12-2019 14:20,6.8,25,0,27.41,8.42,1.02,0,3.1,0,4.52,8.54,28.67,,
23-12-2019 14:30,6.8,26,0,27.36,8.42,1.02,0,3.5,0,2.16,8.46,28.68,,
23-12-2019 14:40,6.5,23,0,27.36,8.42,1.01,0,3.44,0,4.97,8.46,28.68,,
23-12-2019 14:50,6.6,34,0,27.33,8.42,1.08,0,3.42,0,4.24,8.38,28.69,,
23-12-2019 15:00,6.8,29,0,27.32,8.42,1.25,0,2.83,0,4.62,8.39,28.69,,
23-12-2019 15:10,6.9,24,0,27.3,8.42,1,0,3.16,0,4.36,8.34,28.7,,
23-12-2019 15:20,6.5,25,0,27.28,8.41,1.04,0,3.36,0,5.06,8.3,28.71,,
23-12-2019 15:30,6.8,26,0,27.27,8.41,1.35,0,2.81,0,4.28,8.27,28.71,,
23-12-2019 15:40,6.3,29,0,27.3,8.42,1.05,0,2.71,0,4.22,8.3,28.7,,
23-12-2019 15:50,6.2,27,0,27.3,8.42,1.03,0,2.79,0,4.2,8.3,28.71,,
23-12-2019 16:00,6.6,27,0,27.29,8.41,1.1,0,3.4,0,4.75,8.29,28.71,,
23-12-2019 16:10,6.4,34,0,27.28,8.41,1.01,0,3.67,0,1.09,8.24,28.71,,
23-12-2019 16:20,6.2,33,0,27.28,8.41,1.14,0,3.82,0,8.39,8.26,28.72,,
23-12-2019 16:30,6,37,0,27.29,8.41,0.97,0,3.9,0,3.21,8.26,28.72,,
23-12-2019 16:40,6.2,35,0,27.26,8.41,1.12,0,3.71,0,3.61,8.21,28.72,,
23-12-2019 16:50,6.4,32,0,27.25,8.41,1.31,0,3.87,0,5.11,8.22,28.72,,
23-12-2019 17:00,6.7,36,0,27.25,8.41,1.05,0,4.27,0,5.06,8.18,28.72,,
23-12-2019 17:10,6.6,34,0,27.25,8.41,1.08,0,3.61,0,5.06,8.16,28.73,,
23-12-2019 17:20,6.7,33,0,27.24,8.41,1.12,0,3.99,0,2.31,8.11,28.73,,
23-12-2019 17:30,6.5,28,0,27.23,8.41,1.12,0,3.8,0,5.07,8.1,28.73,,
23-12-2019 17:40,6.7,27,0,27.21,8.41,1.08,0,4,0,4.75,8.11,28.73,,
23-12-2019 17:50,6.3,31,0,27.2,8.41,1.31,0,4.12,0,4.49,8.06,28.73,,
23-12-2019 18:00,6.6,32,0,27.21,8.41,1.13,0,4.41,0,1.27,8.05,28.73,,
23-12-2019 18:10,6.4,41,0,27.19,8.41,1.84,0,4.32,0,4.39,8.03,28.73,,
23-12-2019 18:20,6.6,37,0,27.19,8.4,1.05,0,3.39,0,4.47,7.99,28.74,,
23-12-2019 18:30,6.6,33,0,27.19,8.4,1.16,0,4.17,0,31.5,7.97,28.74,,
23-12-2019 18:40,6.4,42,0,27.19,8.4,1.07,0,3.98,0,4.32,7.96,28.75,,
23-12-2019 18:50,6.2,47,0,27.17,8.4,1.42,0,4.4,0,5.29,7.95,28.75,,
23-12-2019 19:00,6.1,49,0,27.19,8.4,1.27,0,4.06,0,3.06,7.89,28.75,,
23-12-2019 19:10,6.1,49,0,27.23,8.41,1.06,0,4.29,0,6.4,8.15,28.69,,
23-12-2019 19:20,6.3,48,0,27.24,8.41,1.12,0,3.8,0,7.73,8.17,28.68,,
23-12-2019 19:30,6.5,50,0,27.24,8.42,1.04,0,4.85,0,6.13,8.26,28.67,,
23-12-2019 19:40,6.4,55,0,27.25,8.44,1.13,0,3.46,0,2.73,8.65,28.58,,
23-12-2019 19:50,6.5,58,0,27.26,8.45,1.12,0,6.04,0,18.63,8.76,28.55,,
23-12-2019 20:00,6.4,54,0,27.27,8.45,1.2,0,12.66,0,33.36,8.73,28.55,,
23-12-2019 20:10,6.4,60,0,27.27,8.45,1.15,0,7.39,0,16.42,8.72,28.57,,
23-12-2019 20:20,6.3,57,0,27.28,8.44,1.19,0,5.87,0,12.49,8.64,28.58,,
23-12-2019 20:30,6,58,0,27.28,8.44,1.23,0,5.87,0,12.84,8.56,28.59,,
23-12-2019 20:40,5.9,56,0,27.28,8.43,1.14,0,6.87,0,12.88,8.54,28.6,,
23-12-2019 20:50,6.2,51,0,27.26,8.43,1.15,0,5.71,0,11.72,8.5,28.6,,
23-12-2019 21:00,5.9,51,0,27.27,8.43,1.18,0,2.39,0,11.26,8.42,28.6,,
23-12-2019 21:10,6.5,49,0,27.28,8.43,1.35,0,5.71,0,9.39,8.38,28.62,,
23-12-2019 21:20,6.8,54,0,27.27,8.43,1.18,0,8.98,0,6.78,8.38,28.62,,
23-12-2019 21:30,6.8,52,0,27.26,8.43,1.46,0,5.28,0,21.2,8.4,28.59,,
23-12-2019 21:40,6.5,56,0,27.26,8.43,1.39,0,6.96,0,10.74,8.35,28.59,,
23-12-2019 21:50,6.3,55,0,27.27,8.42,1.26,0,4.66,0,11.02,8.26,28.59,,
23-12-2019 22:00,6.1,52,0,27.27,8.42,1.17,0,5.91,0,15.37,8.29,28.59,,
23-12-2019 22:10,6.1,54,0,27.27,8.42,1.23,0,5.88,0,16.9,8.28,28.59,,
23-12-2019 22:20,5.6,56,0,27.26,8.42,1.18,0,6.29,0,11.94,8.23,28.58,,
23-12-2019 22:30,5.9,50,0,27.24,8.42,1.23,0,4.66,0,5.27,8.2,28.57,,
23-12-2019 22:40,5.7,53,0,27.25,8.42,1.29,0,5.49,0,8.01,8.2,28.57,,
23-12-2019 22:50,5.5,60,0,27.24,8.41,1.28,0,3.66,0,11.88,8.17,28.57,,
23-12-2019 23:00,5.1,57,0,27.21,8.41,1.25,0,5.68,0,9.62,8.1,28.58,,
23-12-2019 23:10,5.3,57,0,27.23,8.41,1.35,0,5.31,0,14.92,8.06,28.59,,
23-12-2019 23:20,5.3,61,0,27.15,8.41,1.21,0,3.19,0,13,8.07,28.57,,
23-12-2019 23:30,5,60,0,27.16,8.41,1.24,0,12.03,0,8.67,8.07,28.56,,
23-12-2019 23:40,5.3,58,0,27.15,8.41,1.18,0,4.76,0,11.18,8.09,28.56,,
23-12-2019 23:50,5,58,0,27.16,8.41,1.26,0,6.66,0,13.81,8.08,28.56,,
24-12-2019 00:00,5.1,58,0,27.18,8.41,1.25,0,6.4,0,11.93,8.07,28.56,,
24-12-2019 00:10,4.7,57,0,27.18,8.41,1.25,0,6.07,0,18.55,8.06,28.56,,
24-12-2019 00:20,4.9,55,0,27.19,8.41,1.31,0,5.4,0,12.93,8.04,28.56,,
24-12-2019 00:30,5,52,0,27.19,8.41,1.26,0,3.28,0,15.18,8.02,28.56,,
24-12-2019 00:40,5.1,47,0,27.19,8.41,1.4,0,7.97,0,9.65,7.99,28.57,,
24-12-2019 00:50,5.4,49,0,27.19,8.4,1.23,0,5.94,0,8.37,7.98,28.57,,
24-12-2019 01:00,5.2,46,0,27.2,8.4,1.23,0,5.8,0,19.18,7.94,28.56,,
24-12-2019 01:10,5.1,50,0,27.2,8.4,1.3,0,6.14,0,9.72,7.95,28.57,,
24-12-2019 01:20,5.3,48,0,27.19,8.4,1.22,0,5.71,0,10.32,7.93,28.57,,
24-12-2019 01:30,5,49,0,27.18,8.4,1.43,0,6.58,0,12.35,7.95,28.57,,
24-12-2019 01:40,5.4,49,0,27.18,8.4,1.3,0,5.71,0,12.45,7.94,28.57,,
24-12-2019 01:50,5.1,50,0,27.2,8.4,1.33,0,5.67,0,13.64,7.96,28.57,,
24-12-2019 02:00,4.7,48,0,27.19,8.4,1.26,0,6.17,0,18.18,7.95,28.57,,
24-12-2019 02:10,4.7,46,0,27.19,8.4,1.38,0,9.21,0,9,7.95,28.57,,
24-12-2019 02:20,4.4,41,0,27.17,8.4,1.29,0,4.57,0,20.66,7.96,28.55,,
24-12-2019 02:30,4,44,0,27.18,8.4,1.37,0,7.68,0,9,7.96,28.56,,
24-12-2019 02:40,4.2,36,0,27.17,8.4,1.34,0,6.94,0,13.28,7.94,28.55,,
24-12-2019 02:50,4.3,35,0,27.17,8.4,1.28,0,6.88,0,21.2,7.96,28.55,,
24-12-2019 03:00,4.6,36,0,27.17,8.4,1.21,0,7.71,0,9.02,7.96,28.52,,
24-12-2019 03:10,4.4,38,0,27.18,8.4,1.23,0,5.93,0,15.34,7.95,28.52,,
24-12-2019 03:20,4.3,35,0,27.17,8.4,1.31,0,5.48,0,8.49,7.94,28.52,,
24-12-2019 03:30,4.6,27,0,27.18,8.4,1.25,0,6.77,0,59.73,7.95,28.52,,
24-12-2019 03:40,5.1,22,0,27.18,8.4,1.34,0,10.93,0,10.26,7.95,28.52,,
24-12-2019 03:50,5.2,28,0,27.19,8.4,1.28,0,6.32,0,10.03,7.93,28.51,,
24-12-2019 04:00,5.6,38,0,27.19,8.4,1.36,0,10.19,0,37.04,7.95,28.51,,
24-12-2019 04:10,5.2,33,0,27.2,8.4,1.4,0,8.64,0,9.7,7.96,28.51,,
24-12-2019 04:20,5.4,30,0,27.19,8.4,1.4,0,4.13,0,10.63,7.93,28.51,,
24-12-2019 04:30,5.8,34,0,27.2,8.4,1.51,0,12.54,0,24.33,7.94,28.51,,
24-12-2019 04:40,5.7,35,0,27.2,8.4,1.43,0,9.41,0,14.12,7.93,28.51,,
24-12-2019 04:50,5.5,31,0,27.2,8.4,1.5,0,10.98,0,15.02,7.91,28.51,,
24-12-2019 05:00,5.8,28,0,27.2,8.4,1.41,0,2.82,0,6.23,7.91,28.51,,
24-12-2019 05:10,5.8,30,0,27.2,8.4,1.35,0,24.81,0,17.38,7.92,28.51,,
24-12-2019 05:20,5.2,9,0,27.2,8.39,1.45,0,4.73,0,13.69,7.91,28.51,,
24-12-2019 05:30,5.5,17,0,27.19,8.4,1.56,0,18.84,0,19.58,7.88,28.5,,
24-12-2019 05:40,5.9,22,0,27.18,8.39,1.54,0,10.15,0,14.34,7.82,28.51,,
24-12-2019 05:50,5.7,31,0,27.18,8.39,1.6,0,9.21,0,20.66,7.81,28.51,,
24-12-2019 06:00,6.4,35,0,27.18,8.39,1.61,0,6.07,0,12.11,7.81,28.51,,
24-12-2019 06:10,6.3,31,0,27.18,8.39,1.67,0,9.52,0,8.62,7.79,28.51,,
24-12-2019 06:20,6.5,29,0,27.18,8.39,1.87,0,8.17,0,57.73,7.75,28.52,,
24-12-2019 06:30,6.3,30,0,27.18,8.39,1.53,0,5.83,0,26.79,7.78,28.5,,
24-12-2019 06:40,4.8,358,0,27.17,8.39,1.66,0,8.55,0,10.76,7.77,28.51,,
24-12-2019 06:50,3.6,336,0,27.18,8.39,1.65,0,12.16,0,12.52,7.79,28.5,,
24-12-2019 07:00,3.9,335,0,27.17,8.39,1.32,0,5.42,0,32.78,7.82,28.49,,
24-12-2019 07:10,3.5,340,0,27.17,8.39,1.65,0,8.69,0,17.4,7.81,28.48,,
24-12-2019 07:20,3.8,335,0,27.17,8.39,1.52,0,10.8,0,11.61,7.84,28.48,,
24-12-2019 07:30,4.2,332,0,27.17,8.39,1.46,0,6.41,0,12.38,7.83,28.48,,
24-12-2019 07:40,4.4,336,0,27.18,8.39,1.35,0,8.32,0,18,7.79,28.49,,
24-12-2019 07:50,4.2,343,0,27.17,8.39,1.4,0,3.3,0,13.74,7.82,28.48,,
24-12-2019 08:00,4.4,345,0,27.17,8.39,1.37,0,9.9,0,24,7.85,28.48,,
24-12-2019 08:10,4.1,343,0,27.18,8.39,1.33,0,11.12,0,10.42,7.86,28.48,,
24-12-2019 08:20,4.2,339,0,27.17,8.39,1.35,0,6.16,0,12.93,7.88,28.48,,
24-12-2019 08:30,3.8,348,0,27.17,8.39,1.45,0,13,0,20.14,7.83,28.47,,
24-12-2019 08:40,4.7,350,0,27.17,8.39,1.39,0,13.24,0,12.66,7.84,28.47,,
24-12-2019 08:50,3.7,339,0,27.16,8.39,1.55,0,8.59,0,7.29,7.85,28.47,,
24-12-2019 09:00,4.5,354,0,27.18,8.39,1.39,0,7.11,0,11.06,7.83,28.46,,
24-12-2019 09:10,4,349,0,27.18,8.39,1.45,0,5.44,0,11.05,7.82,28.46,,
24-12-2019 09:20,4.3,2,0,27.18,8.39,1.49,0,14.95,0,29.94,7.87,28.47,,
24-12-2019 09:30,4.8,5,0,27.19,8.39,1.45,0,7.54,0,12.05,7.87,28.47,,
24-12-2019 09:40,6.5,18,0,27.19,8.39,1.49,0,6.44,0,38.4,7.83,28.47,,
24-12-2019 09:50,7.1,26,0,27.19,8.39,1.41,0,7.38,0,16.08,7.83,28.47,,
24-12-2019 10:00,7.2,25,0,27.18,8.39,1.34,0,7.97,0,14.91,7.8,28.48,,
24-12-2019 10:10,7.3,21,0,27.18,8.39,1.36,0,5.89,0,21.85,7.79,28.48,,
24-12-2019 10:20,7.4,21,0,27.18,8.38,1.31,0,3.79,0,9.75,7.78,28.49,,
24-12-2019 10:30,7.7,22,0,27.18,8.39,1.32,0,12.07,0,12.47,7.79,28.49,,
24-12-2019 10:40,7.9,15,0,27.17,8.39,1.3,0,5.98,0,10.38,7.81,28.49,,
24-12-2019 10:50,8,28,0,27.17,8.39,1.43,0,13.14,0,31.2,7.8,28.49,,
24-12-2019 11:00,7.3,35,0,27.16,8.39,1.31,0,10.44,0,15.76,7.78,28.5,,
24-12-2019 11:10,7.6,35,0,27.16,8.38,1.3,0,13.59,0,10.65,7.77,28.5,,
24-12-2019 11:20,7.5,38,0,27.16,8.39,1.33,0,6.83,0,40.11,7.78,28.5,,
24-12-2019 11:30,7.2,38,0,27.15,8.39,1.41,0,5.15,0,12.73,7.79,28.51,,
24-12-2019 11:40,6.7,32,0,27.15,8.39,1.37,0,8.59,0,22.25,7.78,28.51,,
24-12-2019 11:50,7.2,24,0,27.15,8.39,1.32,0,7.59,0,14.59,7.78,28.52,,
24-12-2019 12:00,7.1,35,0,27.14,8.39,1.33,0,7.87,0,13.16,7.78,28.52,,
24-12-2019 12:10,7.6,46,0,27.15,8.39,1.29,0,6.41,0,7.3,7.77,28.52,,
24-12-2019 12:20,8.2,61,0,27.14,8.39,1.44,0,10.04,0,15.43,7.75,28.52,,
24-12-2019 12:30,8.3,66,0,27.14,8.39,1.75,0,7.09,0,23.94,7.78,28.52,,
24-12-2019 12:40,7.8,59,0,27.14,8.39,1.39,0,11.78,0,13.99,7.76,28.54,,
24-12-2019 12:50,7.4,61,0,27.14,8.39,1.43,0,5.8,0,16.79,7.72,28.54,,
24-12-2019 13:00,6.6,61,0,27.14,8.38,1.41,0,9.98,0,11.41,7.7,28.53,,
24-12-2019 13:10,7.4,63,0,27.14,8.38,1.47,0,10.05,0,9.63,7.69,28.53,,
24-12-2019 13:20,6.4,46,0,27.13,8.38,1.48,0,6.39,0,28.31,7.69,28.55,,
24-12-2019 13:30,6.3,75,0,27.13,8.38,1.3,0,6.82,0,10.96,7.68,28.53,,
24-12-2019 13:40,6.9,76,0,27.14,8.38,1.48,0,7.2,0,8.69,7.69,28.53,,
24-12-2019 13:50,6.8,76,0,27.14,8.38,1.41,0,5.14,0,9.28,7.7,28.53,,
24-12-2019 14:00,6.8,78,0,27.14,8.39,1.34,0,6.52,0,14.4,7.72,28.54,,
24-12-2019 14:10,6.5,79,0,27.13,8.39,1.46,0,6.58,0,14.58,7.73,28.53,,
24-12-2019 14:20,6.6,73,0,27.13,8.38,1.49,0,7.28,0,15.67,7.68,28.54,,
24-12-2019 14:30,7.1,84,0,27.13,8.38,1.37,0,5.86,0,10.13,7.67,28.54,,
24-12-2019 14:40,7,82,0,27.13,8.38,1.52,0,5.86,0,14.9,7.57,28.54,,
24-12-2019 14:50,6.9,80,0,27.13,8.38,1.61,0,6.83,0,16.71,7.61,28.54,,
24-12-2019 15:00,7.4,76,0,27.13,8.38,1.38,0,4.89,0,10.21,7.61,28.55,,
24-12-2019 15:10,7,64,0,27.12,8.38,1.5,0,5.56,0,10.17,7.6,28.54,,
24-12-2019 15:20,6.7,67,0,27.12,8.38,1.42,0,5.35,0,9.87,7.56,28.55,,
24-12-2019 15:30,5.9,69,0,27.13,8.38,1.36,0,10.87,0,12.01,7.58,28.55,,
24-12-2019 15:40,5.1,59,0,27.12,8.38,1.31,0,5.44,0,20.9,7.58,28.55,,
24-12-2019 15:50,5.1,63,0,27.12,8.38,1.44,0,4.44,0,11.91,7.59,28.55,,
24-12-2019 16:00,5.7,66,0,27.11,8.38,1.42,0,5.43,0,6.35,7.6,28.55,,
24-12-2019 16:10,5.4,66,0,27.13,8.38,1.41,0,5.1,0,8.73,7.6,28.54,,
24-12-2019 16:20,5.4,72,0,27.13,8.38,1.63,0,5.74,0,14.19,7.62,28.54,,
24-12-2019 16:30,5.1,68,0,27.12,8.38,1.43,0,5.64,0,11.93,7.65,28.54,,
24-12-2019 16:40,5.3,68,0,27.12,8.38,1.48,0,5.28,0,8.84,7.63,28.54,,
24-12-2019 16:50,5.3,66,0,27.13,8.38,1.56,0,5.58,0,7.16,7.6,28.54,,
24-12-2019 17:00,5.4,59,0,27.11,8.38,1.55,0,3.93,0,7.81,7.58,28.54,,
24-12-2019 17:10,5.7,62,0,27.12,8.38,1.56,0,5.12,0,11.36,7.59,28.54,,
24-12-2019 17:20,4.9,70,0,27.12,8.38,1.59,0,4.91,0,5.49,7.56,28.54,,
24-12-2019 17:30,4.5,67,0,27.12,8.38,1.73,0,5.52,0,11.06,7.55,28.54,,
24-12-2019 17:40,5,50,0,27.11,8.38,1.54,0,5.86,0,12.04,7.56,28.54,,
24-12-2019 17:50,6.3,38,0,27.12,8.38,1.61,0,3.12,0,11.45,7.57,28.54,,
24-12-2019 18:00,5.9,35,0,27.11,8.37,1.51,0,5.43,0,10.91,7.51,28.54,,
24-12-2019 18:10,6,38,0,27.1,8.38,1.56,0,6.25,0,10.84,7.54,28.54,,
24-12-2019 18:20,6.2,36,0,27.11,8.37,1.58,0,5.92,0,11.01,7.49,28.54,,
24-12-2019 18:30,6.4,37,0,27.11,8.37,1.59,0,14.73,0,9.83,7.48,28.54,,
24-12-2019 18:40,6.3,36,0,27.1,8.37,1.59,0,6.03,0,14.41,7.48,28.54,,
24-12-2019 18:50,6.4,39,0,27.1,8.38,1.64,0,5.59,0,10.92,7.48,28.54,,
24-12-2019 19:00,6.3,39,0,27.1,8.38,1.64,0,6.42,0,12.04,7.48,28.54,,
24-12-2019 19:10,5.9,37,0,27.09,8.38,1.64,0,5.06,0,16.16,7.45,28.54,,
24-12-2019 19:20,6.3,37,0,27.09,8.37,1.62,0,5.6,0,21.28,7.44,28.54,,
24-12-2019 19:30,6.4,42,0,27.09,8.37,1.74,0,5.81,0,7.24,7.45,28.54,,
24-12-2019 19:40,6.1,38,0,27.1,8.37,1.86,0,5.43,0,10.28,7.42,28.55,,
24-12-2019 19:50,6.5,35,0,27.1,8.37,2.24,0,5.41,0,9.2,7.38,28.54,,
24-12-2019 20:00,6.6,32,0,27.08,8.37,1.88,0,5.13,0,7.97,7.4,28.55,,
24-12-2019 20:10,6.6,34,0,27.09,8.37,2.27,0,5.14,0,12.65,7.4,28.55,,
24-12-2019 20:20,6.4,41,0,27.09,8.37,2.24,0,4.85,0,7.09,7.39,28.55,,
24-12-2019 20:30,6.2,42,0,27.09,8.37,2.25,0,4.84,0,10.93,7.39,28.54,,
24-12-2019 20:40,6.3,40,0,27.09,8.37,2.23,0,4.58,0,16.42,7.37,28.55,,
24-12-2019 20:50,6.7,44,0,27.09,8.37,2.45,0,4.93,0,37.47,7.38,28.55,,
24-12-2019 21:00,6.9,47,0,27.09,8.37,2.85,0,5.11,0,10.79,7.35,28.55,,
24-12-2019 21:10,6.4,46,0,27.08,8.37,2.77,0,5.18,0,8.79,7.33,28.55,,
24-12-2019 21:20,6.5,41,0,27.09,8.36,3.28,0,4.99,0,9.84,7.23,28.54,,
24-12-2019 21:30,6.4,45,0,27.08,8.36,2.82,0,4.94,0,9.62,7.22,28.55,,
24-12-2019 21:40,6.2,46,0,27.08,8.36,3.15,0,4.81,0,10.61,7.18,28.55,,
24-12-2019 21:50,6,45,0,27.09,8.36,3.85,0,4.7,0,22.08,7.19,28.54,,
24-12-2019 22:00,6.1,50,0,27.07,8.36,3.24,0,4.99,0,10.17,7.19,28.55,,
24-12-2019 22:10,6.6,47,0,27.08,8.36,3.71,0,4.84,0,8.18,7.16,28.55,,
24-12-2019 22:20,6.8,48,0,27.07,8.36,3.52,0,5.25,0,7.68,7.2,28.55,,
24-12-2019 22:30,6.9,48,0,27.06,8.37,3.08,0,4.63,0,8.88,7.24,28.55,,
24-12-2019 22:40,6.8,47,0,27.07,8.37,2.79,0,4.55,0,8.91,7.24,28.55,,
24-12-2019 22:50,6.7,45,0,27.07,8.37,2.83,0,4.36,0,5.26,7.23,28.55,,
24-12-2019 23:00,6.3,51,0,27.06,8.37,2.86,0,4.36,0,15.91,7.23,28.55,,
24-12-2019 23:10,6.4,53,0,27.07,8.37,2.84,0,4.47,0,8.77,7.25,28.55,,
24-12-2019 23:20,6.3,46,0,27.06,8.37,2.93,0,4.44,0,8.63,7.22,28.55,,
24-12-2019 23:30,6.1,51,0,27.07,8.36,3.01,0,4.24,0,8.67,7.17,28.54,,
24-12-2019 23:40,6.2,51,0,27.06,8.36,2.97,0,4.43,0,6.02,7.19,28.55,,
24-12-2019 23:50,6.5,51,0,27.06,8.36,2.8,0,4.42,0,3.35,7.15,28.55,,
25-12-2019 00:00,6.3,51,0,27.06,8.36,3.23,0,4.55,0,6,7.13,28.55,,
25-12-2019 00:10,6.4,54,0,27.06,8.36,3.05,0,3.91,0,7.61,7.08,28.54,,
25-12-2019 00:20,6.3,52,0,27.06,8.36,3.11,0,4.69,0,10.5,7.05,28.55,,
25-12-2019 00:30,6.2,51,0,27.06,8.36,3.44,0,4.44,0,3.75,7.01,28.55,,
25-12-2019 00:40,6.4,53,0,27.05,8.36,3.16,0,3.97,0,9.46,7,28.55,,
25-12-2019 00:50,6.6,48,0,27.06,8.35,3.26,0,3.93,0,7.01,6.98,28.55,,
25-12-2019 01:00,6.5,50,0,27.06,8.36,3.49,0,4.38,0,16.66,7.04,28.55,,
25-12-2019 01:10,6.7,49,0,27.06,8.36,3.6,0,4.18,0,8.11,7.06,28.55,,
25-12-2019 01:20,6.5,49,0,27.06,8.36,3.6,0,4.61,0,12.99,7.08,28.55,,
25-12-2019 01:30,6.2,53,0,27.06,8.36,3.73,0,4.82,0,8.82,7.11,28.55,,
25-12-2019 01:40,6.3,54,0,27.05,8.36,3.45,0,4.41,0,6.23,7.1,28.55,,
25-12-2019 01:50,6.8,50,0,27.05,8.36,3.11,0,4.38,0,5.33,7.1,28.55,,
25-12-2019 02:00,6.6,53,0,27.05,8.36,3.17,0,4.74,0,7.68,7.14,28.55,,
25-12-2019 02:10,7,53,0,27.04,8.36,2.92,0,4.61,0,8.55,7.13,28.56,,
25-12-2019 02:20,6.9,51,0,27.05,8.36,3.59,0,4.56,0,10.11,7.11,28.55,,
25-12-2019 02:30,6.9,51,0,27.04,8.36,2.93,0,4.86,0,8.2,7.13,28.56,,
25-12-2019 02:40,6.9,47,0,27.04,8.36,3.23,0,4.92,0,15.73,7.1,28.56,,
25-12-2019 02:50,6.7,49,0,27.04,8.35,3.09,0,4.43,0,6.88,7.03,28.56,,
25-12-2019 03:00,6.1,51,0,27.03,8.35,2.95,0,3.72,0,7.16,7.02,28.56,,
25-12-2019 03:10,6.5,57,0,27.03,8.35,2.91,0,4.19,0,6.1,6.99,28.56,,
25-12-2019 03:20,7,53,0,27.02,8.35,2.68,0,4.4,0,7.84,7,28.56,,
25-12-2019 03:30,7.6,51,0,27.03,8.35,3.08,0,4.04,0,8.71,6.99,28.56,,
25-12-2019 03:40,7.1,52,0,27.02,8.35,2.71,0,4.49,0,5.62,6.98,28.56,,
25-12-2019 03:50,7.4,52,0,27.02,8.35,3.13,0,4.01,0,7.85,6.95,28.56,,
25-12-2019 04:00,7.4,50,0,27.02,8.35,3.06,0,4.29,0,6.61,6.96,28.56,,
25-12-2019 04:10,7.2,47,0,27,8.34,2.34,0,4.49,0,26.39,6.96,28.54,,
25-12-2019 04:20,7.1,51,0,27.01,8.34,2.68,0,4.29,0,7.02,6.94,28.55,,
25-12-2019 04:30,7.2,48,0,26.99,8.34,1.87,0,4.38,0,7.91,6.97,28.49,,
25-12-2019 04:40,7.1,48,0,26.99,8.34,1.8,0,4.44,0,4.55,6.98,28.49,,
25-12-2019 04:50,7,51,0,26.99,8.34,1.83,0,4.16,0,4.94,6.97,28.49,,
25-12-2019 05:00,6.8,53,0,26.99,8.34,1.93,0,4.04,0,7.37,6.96,28.49,,
25-12-2019 05:10,6.8,56,0,26.99,8.33,1.88,0,4.21,0,2.75,6.93,28.49,,
25-12-2019 05:20,6.7,56,0,26.99,8.33,1.8,0,4.12,0,13.37,6.91,28.5,,
25-12-2019 05:30,6.8,50,0,26.99,8.33,1.91,0,4.36,0,7.24,6.92,28.48,,
25-12-2019 05:40,7,51,0,26.99,8.33,1.84,0,4.31,0,4.83,6.93,28.47,,
25-12-2019 05:50,6.1,54,0,26.99,8.33,1.76,0,3.62,0,6.1,6.91,28.47,,
25-12-2019 06:00,6.7,48,0,27,8.33,1.88,0,4.21,0,3.83,6.9,28.46,,
25-12-2019 06:10,6.6,47,0,26.99,8.33,1.75,0,3.73,0,8.38,6.89,28.47,,
25-12-2019 06:20,6.1,50,0,26.99,8.33,1.95,0,4.63,0,4.21,6.87,28.47,,
25-12-2019 06:30,6,47,0,27,8.33,1.86,0,4.15,0,7.61,6.85,28.46,,
25-12-2019 06:40,6.3,55,0,26.99,8.33,1.99,0,4.39,0,23.7,6.84,28.46,,
25-12-2019 06:50,6.3,52,0,26.99,8.33,1.84,0,3.91,0,4.62,6.81,28.45,,
25-12-2019 07:00,6.4,51,0,26.99,8.32,1.95,0,4.01,0,5.63,6.8,28.44,,
25-12-2019 07:10,6.5,58,0,26.98,8.32,1.77,0,3.45,0,0.78,6.79,28.43,,
25-12-2019 07:20,6.6,55,0,26.99,8.32,1.73,0,2.8,0,4.65,6.79,28.43,,
25-12-2019 07:30,6.1,56,0,26.99,8.32,1.71,0,2.76,0,3.91,6.79,28.43,,
25-12-2019 07:40,6.1,53,0,26.99,8.32,1.75,0,2.78,0,5.03,6.78,28.44,,
25-12-2019 07:50,6.6,57,0,27,8.32,1.7,0,3.42,0,4.62,6.78,28.43,,
25-12-2019 08:00,6.3,59,0,27,8.32,1.79,0,2.65,0,3.85,6.76,28.45,,
25-12-2019 08:10,6,55,0,27,8.32,1.72,0,2.81,0,3.73,6.75,28.45,,
25-12-2019 08:20,6.3,53,0,26.99,8.32,1.8,0,2.93,0,4.94,6.76,28.45,,
25-12-2019 08:30,6,56,0,26.99,8.32,1.69,0,2.7,0,4.24,6.76,28.45,,
25-12-2019 08:40,5.9,56,0,26.99,8.32,1.76,0,2.67,0,4.04,6.76,28.45,,
25-12-2019 08:50,6.1,53,0,26.99,8.32,1.69,0,2.54,0,4.65,6.76,28.46,,
25-12-2019 09:00,6,58,0,26.98,8.31,1.67,0,2.29,0,3.08,6.76,28.47,,
25-12-2019 09:10,6.2,59,0,26.98,8.31,1.82,0,2.53,0,3.35,6.75,28.47,,
25-12-2019 09:20,6.2,62,0,26.98,8.31,1.7,0,1.91,0,3.42,6.79,28.45,,
25-12-2019 09:30,6.1,59,0,26.99,8.31,1.63,0,1.9,0,2.2,6.79,28.45,,
25-12-2019 09:40,5.9,59,0,27.01,8.31,1.64,0,2.08,0,2.08,6.81,28.46,,
25-12-2019 09:50,5.8,52,0,27.02,8.32,1.58,0,1.35,0,1.47,6.87,28.45,,
25-12-2019 10:00,6,52,0,27.02,8.32,1.59,0,1.85,0,1.59,6.89,28.44,,
25-12-2019 10:10,6,51,0,27.03,8.32,1.64,0,1.44,0,1.48,6.88,28.44,,
25-12-2019 10:20,5.8,49,0,27.03,8.32,1.64,0,1.64,0,1.49,6.87,28.44,,
25-12-2019 10:30,5.6,54,0,27.07,8.32,1.64,0,1.3,0,1.04,6.88,28.45,,
25-12-2019 10:40,5.4,56,0,27.06,8.32,1.79,0,1.97,0,1.89,6.88,28.45,,
25-12-2019 10:50,5.4,53,0,27.06,8.31,1.77,0,1.64,0,2.23,6.89,28.46,,
25-12-2019 11:00,5.3,53,0,27.08,8.31,1.67,0,1.9,0,1.3,6.87,28.46,,
25-12-2019 11:10,5.2,59,0,27.12,8.31,1.74,0,1.59,0,1.66,6.91,28.48,,
25-12-2019 11:20,5.4,60,0,27.15,8.32,1.75,0,1.8,0,1.58,6.94,28.49,,
25-12-2019 11:30,5.1,56,0,27.14,8.32,1.85,0,1.83,0,1.8,6.95,28.49,,
25-12-2019 11:40,4.9,57,0,27.18,8.32,1.7,0,1.53,0,1.93,6.99,28.49,,
25-12-2019 11:50,5.2,58,0,27.18,8.32,1.75,0,2.2,0,1.6,7.05,28.5,,
25-12-2019 12:00,5.2,54,0,27.2,8.32,1.74,0,1.64,0,1.23,7.04,28.5,,
25-12-2019 12:10,4.7,56,0,27.25,8.32,1.7,0,1.47,0,1.43,7.07,28.51,,
25-12-2019 12:20,4.9,56,0,27.25,8.32,1.71,0,1.92,0,1.44,7.15,28.5,,
25-12-2019 12:30,4.8,59,0,27.25,8.32,1.75,0,2.05,0,2.73,7.18,28.5,,
25-12-2019 12:40,4.8,50,0,27.28,8.33,1.81,0,1.67,0,1.56,7.2,28.5,,
25-12-2019 12:50,4.9,51,0,27.26,8.33,1.74,0,2.51,0,3.75,7.22,28.5,,
25-12-2019 13:00,4.9,52,0,27.25,8.32,1.69,0,2.18,0,2.76,7.1,28.5,,
25-12-2019 13:10,5,48,0,27.24,8.32,1.75,0,2.92,0,3.3,7.13,28.49,,
25-12-2019 13:20,5.3,49,0,27.25,8.32,1.77,0,2.25,0,2.95,7.13,28.5,,
25-12-2019 13:30,5.2,52,0,27.25,8.33,1.76,0,1.81,0,2.38,7.14,28.5,,
25-12-2019 13:40,5,49,0,27.3,8.32,1.81,0,2.08,0,2.49,7.13,28.5,,
25-12-2019 13:50,5.1,45,0,27.32,8.32,1.73,0,2.03,0,1.76,7.14,28.5,,
25-12-2019 14:00,4.7,47,0,27.33,8.33,1.7,0,1.68,0,1.22,7.23,28.5,,
25-12-2019 14:10,5,42,0,27.33,8.33,1.66,0,2.03,0,2.49,7.25,28.5,,
25-12-2019 14:20,5,49,0,27.34,8.33,1.69,0,2.27,0,2.37,7.19,28.5,,
25-12-2019 14:30,4.8,49,0,27.34,8.32,1.68,0,1.54,0,1.64,7.14,28.5,,
25-12-2019 14:40,4.9,45,0,27.34,8.32,1.71,0,1.51,0,1.66,7.08,28.5,,
25-12-2019 14:50,5.2,48,0,27.36,8.33,1.89,0,1.94,0,1.6,7.13,28.5,,
25-12-2019 15:00,5.6,46,0,27.37,8.33,1.63,0,1.82,0,1.87,7.2,28.5,,
25-12-2019 15:10,5.2,43,0,27.37,8.33,1.75,0,1.77,0,1.46,7.17,28.5,,
25-12-2019 15:20,5.6,40,0,27.37,8.33,1.66,0,2.23,0,2.42,7.2,28.51,,
25-12-2019 15:30,5.4,40,0,27.39,8.33,1.67,0,2.26,0,2.19,7.18,28.51,,
25-12-2019 15:40,5.4,42,0,27.39,8.33,1.73,0,2.22,0,2.46,7.12,28.51,,
25-12-2019 15:50,5.3,38,0,27.41,8.33,1.68,0,2.68,0,3.36,7.18,28.51,,
25-12-2019 16:00,5.1,35,0,27.41,8.33,1.68,0,2.36,0,2.52,7.19,28.53,,
25-12-2019 16:10,5.3,36,0,27.4,8.33,1.72,0,2.75,0,2.93,7.16,28.53,,
25-12-2019 16:20,5.1,43,0,27.4,8.33,1.67,0,2.9,0,3.8,7.21,28.53,,
25-12-2019 16:30,5.1,41,0,27.39,8.33,1.67,0,2.74,0,3.35,7.17,28.54,,
25-12-2019 16:40,4.9,43,0,27.38,8.33,1.7,0,2.9,0,3.37,7.21,28.53,,
25-12-2019 16:50,4.3,46,0,27.38,8.34,1.8,0,2.92,0,3.9,7.26,28.53,,
25-12-2019 17:00,4.4,40,0,27.38,8.34,1.62,0,2.45,0,2.97,7.31,28.54,,
25-12-2019 17:10,4.5,38,0,27.37,8.34,1.68,0,2.81,0,3.41,7.37,28.54,,
25-12-2019 17:20,4.5,49,0,27.36,8.34,1.67,0,3.28,0,4.6,7.37,28.55,,
25-12-2019 17:30,4.4,39,0,27.32,8.34,1.63,0,3.58,0,4.59,7.28,28.6,,
25-12-2019 17:40,4.4,43,0,27.33,8.34,1.61,0,2.87,0,4.17,7.33,28.55,,
25-12-2019 17:50,4.4,43,0,27.32,8.34,1.64,0,3.62,0,7.74,7.35,28.56,,
25-12-2019 18:00,4.4,37,0,27.34,8.35,1.7,0,4.32,0,7.74,7.4,28.58,,
25-12-2019 18:10,4.2,42,0,27.36,8.35,1.88,0,4.92,0,2.46,7.48,28.58,,
25-12-2019 18:20,3.8,38,0,27.33,8.35,1.76,0,4.44,0,1.98,7.4,28.58,,
25-12-2019 18:30,3.9,33,0,27.33,8.34,1.71,0,3.66,0,18.59,7.37,28.58,,
25-12-2019 18:40,4,34,0,27.33,8.34,1.67,0,4.07,0,5.02,7.33,28.58,,
25-12-2019 18:50,4.6,44,0,27.33,8.34,1.68,0,3.57,0,5.66,7.32,28.59,,
25-12-2019 19:00,4.8,42,0,27.32,8.34,1.87,0,3.57,0,3.78,7.33,28.6,,
25-12-2019 19:10,4.5,49,0,27.31,8.35,1.77,0,3.65,0,4.76,7.33,28.61,,
25-12-2019 19:20,4.4,47,0,27.32,8.35,1.64,0,3.9,0,5.44,7.38,28.62,,
25-12-2019 19:30,4.4,46,0,27.31,8.34,1.77,0,3.49,0,5.14,7.34,28.61,,
25-12-2019 19:40,4,48,0,27.3,8.35,1.75,0,4.05,0,3.02,7.36,28.61,,
25-12-2019 19:50,4.6,49,0,27.3,8.34,1.72,0,4.14,0,4.41,7.35,28.61,,
25-12-2019 20:00,4.6,42,0,27.31,8.34,1.77,0,3.66,0,4.97,7.3,28.61,,
25-12-2019 20:10,4.2,45,0,27.27,8.34,1.69,0,3.78,0,5.16,7.28,28.62,,
25-12-2019 20:20,4,46,0,27.26,8.34,1.77,0,3.29,0,4.16,7.21,28.65,,
25-12-2019 20:30,4.1,41,0,27.23,8.34,1.82,0,3.39,0,2.53,7.23,28.66,,
25-12-2019 20:40,4.1,42,0,27.22,8.34,1.66,0,3.51,0,4.54,7.18,28.66,,
25-12-2019 20:50,3.8,39,0,27.19,8.34,1.69,0,3.31,0,4.71,7.18,28.67,,
25-12-2019 21:00,4,33,0,27.19,8.34,1.69,0,3.67,0,5.2,7.15,28.68,,
25-12-2019 21:10,3.9,44,0,27.2,8.34,1.73,0,3.96,0,4.63,7.17,28.68,,
25-12-2019 21:20,4.2,49,0,27.17,8.33,1.83,0,3.31,0,4.85,7.13,28.71,,
25-12-2019 21:30,4.1,50,0,27.12,8.33,1.96,0,2.87,0,4.63,7.1,28.76,,
25-12-2019 21:40,3.8,50,0,27.1,8.33,1.82,0,3.48,0,5.08,7.05,28.81,,
25-12-2019 21:50,3.9,51,0,27.07,8.33,1.65,0,2.69,0,4.13,6.99,28.81,,
25-12-2019 22:00,3.9,55,0,27,8.32,1.74,0,3.22,0,4.33,6.84,28.88,,
25-12-2019 22:10,3.6,53,0,26.96,8.32,1.89,0,2.26,0,3.13,6.76,28.91,,
25-12-2019 22:20,3.9,50,0,26.94,8.3,2.05,0,2.32,0,2.99,6.66,28.81,,
25-12-2019 22:30,3.7,50,0,26.96,8.3,2.13,0,2.2,0,2.64,6.64,28.82,,
25-12-2019 22:40,3.5,48,0,26.96,8.3,2.03,0,1.91,0,2,6.61,28.83,,
25-12-2019 22:50,3.5,51,0,26.99,8.3,2.13,0,1.79,0,1.95,6.59,28.84,,
25-12-2019 23:00,3.3,45,0,27,8.3,2.07,0,1.73,0,2.08,6.58,28.85,,
25-12-2019 23:10,3.2,49,0,27,8.3,2.1,0,2.05,0,1.82,6.58,28.85,,
25-12-2019 23:20,3,40,0,27,8.3,2.13,0,1.84,0,1.61,6.49,28.86,,
25-12-2019 23:30,2.4,45,0,27,8.29,2.27,0,1.56,0,2.93,6.44,28.88,,
25-12-2019 23:40,2.5,46,0,26.97,8.3,2.19,0,1.89,0,2.09,6.54,28.78,,
25-12-2019 23:50,2.5,44,0,26.97,8.3,2.28,0,1.78,0,1.69,6.61,28.74,,
26-12-2019 00:00,2.9,42,0,26.96,8.3,2.35,0,2.12,0,1.98,6.66,28.7,,
26-12-2019 00:10,2.6,36,0,26.97,8.3,2.08,0,2,0,1.71,6.65,28.72,,
26-12-2019 00:20,2.6,26,0,26.96,8.3,2.12,0,2.06,0,2.08,6.7,28.68,,
26-12-2019 00:30,2.8,29,0,26.96,8.3,2.07,0,2.28,0,2.74,6.71,28.65,,
26-12-2019 00:40,2.7,28,0,26.96,8.31,2.14,0,2.01,0,1.99,6.72,28.67,,
26-12-2019 00:50,2.8,36,0,26.99,8.3,2.18,0,2.17,0,2.47,6.68,28.66,,
26-12-2019 01:00,2.8,34,0,26.97,8.3,2.17,0,2.34,0,2.38,6.69,28.63,,
26-12-2019 01:10,2.9,28,0,26.98,8.3,2.13,0,2.05,0,2.67,6.68,28.61,,
26-12-2019 01:20,3,25,0,26.98,8.3,2.18,0,2.17,0,2.51,6.7,28.62,,
26-12-2019 01:30,3.2,21,0,26.99,8.3,2.13,0,2.2,0,2.45,6.68,28.62,,
26-12-2019 01:40,3,20,0,27,8.29,2.19,0,1.74,0,2.04,6.66,28.65,,
26-12-2019 01:50,3.2,23,0,27.02,8.3,2.09,0,1.72,0,1.94,6.69,28.69,,
26-12-2019 02:00,2.1,339,0,27.01,8.3,2.05,0,1.96,0,1.28,6.71,28.73,,
26-12-2019 02:10,2,307,0,26.99,8.3,2.18,0,1.47,0,1.05,6.68,28.7,,
26-12-2019 02:20,2.1,309,0,26.94,8.3,2.28,0,1.78,0,1.55,6.7,28.67,,
26-12-2019 02:30,2.1,308,0,26.95,8.29,2.38,0,1.84,0,1.97,6.65,28.62,,
26-12-2019 02:40,1.9,310,0,26.94,8.29,2.41,0,2.25,0,2.46,6.63,28.61,,
26-12-2019 02:50,1.8,305,0,26.95,8.29,2.35,0,1.92,0,2.38,6.63,28.61,,
26-12-2019 03:00,1.5,306,0,26.97,8.29,2.33,0,2.08,0,2.04,6.66,28.61,,
26-12-2019 03:10,1.4,305,0,26.99,8.3,2.19,0,2.04,0,2.12,6.7,28.62,,
26-12-2019 03:20,1.6,301,0,27,8.3,2.14,0,1.77,0,1.37,6.7,28.63,,
26-12-2019 03:30,1.8,308,0,27.01,8.3,2.14,0,2.01,0,1.89,6.67,28.64,,
26-12-2019 03:40,1.3,316,0,27.01,8.3,2.29,0,1.69,0,1.99,6.65,28.65,,
26-12-2019 03:50,0.8,318,0,26.99,8.29,2.25,0,1.94,0,2.16,6.57,28.67,,
26-12-2019 04:00,1.1,317,0,27.03,8.29,2.4,0,1.81,0,1.87,6.54,28.71,,
26-12-2019 04:10,1,320,0,27.04,8.29,2.26,0,1.63,0,1.35,6.51,28.74,,
26-12-2019 04:20,0.8,326,0,27.02,8.29,2.33,0,1.89,0,1.11,6.52,28.76,,
26-12-2019 04:30,0.9,325,0,27.02,8.29,2.3,0,1.95,0,1.35,6.51,28.74,,
26-12-2019 04:40,1.1,305,0,27,8.3,2.81,0,1.69,0,1.81,6.56,28.73,,
26-12-2019 04:50,1.3,292,0,26.98,8.3,2.23,0,1.82,0,1.88,6.56,28.74,,
26-12-2019 05:00,1.1,297,0,26.95,8.31,2.05,0,1.37,0,1.11,6.72,28.69,,
26-12-2019 05:10,1.4,298,0,26.93,8.32,1.88,0,0.99,0,0,6.77,28.74,,
26-12-2019 05:20,0.9,286,0,26.95,8.32,2.58,0,1.09,0,0.13,6.75,28.74,,
26-12-2019 05:30,0.7,284,0,26.93,8.33,1.83,0,0.95,0,0,6.81,28.74,,
26-12-2019 05:40,1.3,287,0,26.92,8.32,2.05,0,1.01,0,0,6.79,28.72,,
26-12-2019 05:50,2.1,300,0,26.91,8.32,2.07,0,1.21,0,0.39,6.75,28.7,,
26-12-2019 06:00,2.2,296,0,26.92,8.32,2.07,0,1.14,0,0.62,6.78,28.7,,
26-12-2019 06:10,2,300,0,26.91,8.32,1.88,0,0.97,0,0,6.81,28.7,,
26-12-2019 06:20,2.4,307,0,26.9,8.32,1.84,0,1.14,0,0.27,6.77,28.68,,
26-12-2019 06:30,2.7,305,0,26.94,8.32,1.94,0,1.01,0,0,6.79,28.68,,
26-12-2019 06:40,2.6,311,0,26.91,8.32,1.85,0,0.78,0,0,6.77,28.67,,
26-12-2019 06:50,2.6,312,0,26.88,8.33,1.74,0,0.61,0,0,6.77,28.7,,
26-12-2019 07:00,2.3,317,0,26.87,8.32,1.79,0,0.62,0,0,6.76,28.75,,
26-12-2019 07:10,2.3,326,0,26.88,8.31,1.96,0,0.87,0,0,6.73,28.66,,
26-12-2019 07:20,2.8,320,0,26.87,8.31,1.86,0,0.75,0,0,6.72,28.72,,
26-12-2019 07:30,2.7,322,0,26.89,8.31,2.07,0,0.59,0,0,6.72,28.73,,
26-12-2019 07:40,2.6,325,0,26.88,8.31,2.11,0,0.84,0,0.01,6.69,28.67,,
26-12-2019 07:50,2.7,337,0,26.88,8.32,1.95,0,0.57,0,0,6.72,28.69,,
26-12-2019 08:00,2.6,341,0,26.9,8.32,1.77,0,0.38,0,0,6.76,28.73,,
26-12-2019 08:10,2.6,345,0,26.9,8.32,2.09,0,0.45,0,0,6.75,28.7,,
26-12-2019 08:20,2.6,349,0,26.91,8.32,1.81,0,0.49,0,0,6.75,28.69,,
26-12-2019 08:30,3,352,0,26.92,8.32,1.85,0,0.51,0,0,6.75,28.71,,
26-12-2019 08:40,2.9,9,0,26.96,8.32,1.84,0,0.51,0,0,6.73,28.73,,
26-12-2019 08:50,3.5,7,0,26.96,8.32,1.97,0,0.62,0,0,6.77,28.71,,
26-12-2019 09:00,3.4,7,0,26.97,8.32,1.98,0,0.72,0,0,6.78,28.69,,
26-12-2019 09:10,3,15,0,26.99,8.33,1.86,0,0.6,0,0,6.8,28.69,,
26-12-2019 09:20,3.2,19,0,27,8.32,1.85,0,0.75,0,0,6.8,28.69,,
26-12-2019 09:30,3.5,16,0,27.01,8.32,1.94,0,0.66,0,0,6.78,28.71,,
26-12-2019 09:40,3.2,18,0,27.01,8.33,1.83,0,0.62,0,0,6.77,28.74,,
26-12-2019 09:50,3.2,19,0,27,8.32,2,0,0.58,0,0,6.76,28.73,,
26-12-2019 10:00,3.1,17,0,27,8.33,1.85,0,0.73,0,0,6.78,28.72,,
26-12-2019 10:10,3,11,0,27.01,8.32,1.78,0,0.58,0,0,6.76,28.73,,
26-12-2019 10:20,3,10,0,27.02,8.32,1.9,0,0.87,0,0,6.77,28.74,,
26-12-2019 10:30,3,7,0,27.05,8.32,2.02,0,0.72,0,0,6.76,28.74,,
26-12-2019 10:40,2.9,13,0,27.07,8.32,1.88,0,0.57,0,0,6.78,28.76,,
26-12-2019 10:50,3.2,8,0,27.11,8.32,1.94,0,0.41,0,0,6.7,28.81,,
26-12-2019 11:00,2.8,14,0,27.17,8.32,1.87,0,0.45,0,0,6.7,28.84,,
26-12-2019 11:10,3.1,19,0,27.22,8.31,1.92,0,0.65,0,0,6.68,28.82,,
26-12-2019 11:20,3.3,17,0,27.25,8.31,1.93,0,0.72,0,0,6.66,28.85,,
26-12-2019 11:30,3.5,26,0,27.29,8.31,2,0,0.56,0,0,6.7,28.83,,
26-12-2019 11:40,3.4,22,0,27.34,8.31,2.07,0,0.5,0,0,6.67,28.78,,
26-12-2019 11:50,2.8,35,0,27.41,8.31,2.02,0,0.46,0,0,6.69,28.78,,
26-12-2019 12:00,3.1,60,0,27.48,8.31,2.1,0,0.51,0,0,6.71,28.75,,
26-12-2019 12:10,3.3,61,0,27.48,8.31,2.08,0,0.66,0,0,6.77,28.69,,
26-12-2019 12:20,3.7,58,0,27.5,8.31,2.03,0,0.62,0,0,6.75,28.68,,
26-12-2019 12:30,3.3,60,0,27.54,8.31,2,0,0.62,0,0,6.76,28.7,,
26-12-2019 12:40,3.4,58,0,27.57,8.31,2.03,0,0.58,0,0,6.75,28.7,,
26-12-2019 12:50,3.2,58,0,27.57,8.31,2.03,0,0.56,0,0,6.77,28.74,,
26-12-2019 13:00,3.5,56,0,27.66,8.3,2.14,0,0.71,0,0,6.64,28.79,,
26-12-2019 13:10,3.7,59,0,27.66,8.3,2.21,0,0.65,0,0,6.67,28.77,,
26-12-2019 13:20,3.9,54,0,27.63,8.3,2.11,0,0.86,0,0,6.78,28.72,,
26-12-2019 13:30,4.1,54,0,27.65,8.3,2.16,0,0.99,0,0.16,6.9,28.63,,
26-12-2019 13:40,4,61,0,27.64,8.3,2.31,0,1.4,0,0.92,7.03,28.59,,
26-12-2019 13:50,3.7,66,0,27.61,8.31,2.35,0,1.35,0,0.77,7.09,28.58,,
26-12-2019 14:00,4,69,0,27.61,8.31,2.34,0,1.47,0,0.6,7.08,28.6,,
26-12-2019 14:10,3.8,65,0,27.62,8.31,2.19,0,1.19,0,1.13,7.07,28.6,,
26-12-2019 14:20,3.6,58,0,27.62,8.31,2.31,0,1.41,0,1.05,7.05,28.65,,
26-12-2019 14:30,3.5,66,0,27.69,8.3,2.28,0,1.48,0,1.62,7.07,28.63,,
26-12-2019 14:40,3.8,57,0,27.65,8.31,2.34,0,1.61,0,1.78,7.12,28.63,,
26-12-2019 14:50,3.7,60,0,27.59,8.32,2.24,0,2.03,0,2.56,7.17,28.66,,
26-12-2019 15:00,3.6,60,0,27.62,8.32,2.35,0,2.14,0,2.2,7.24,28.6,,
26-12-2019 15:10,3.9,55,0,27.62,8.31,2.32,0,2.11,0,3.38,7.18,28.68,,
26-12-2019 15:20,3.9,57,0,27.59,8.33,2.35,0,2.67,0,3.68,7.37,28.6,,
26-12-2019 15:30,3.8,60,0,27.62,8.32,2.29,0,2.61,0,3.51,7.33,28.66,,
26-12-2019 15:40,3.8,54,0,27.59,8.33,2.31,0,2.84,0,3.86,7.36,28.63,,
26-12-2019 15:50,3.9,57,0,27.6,8.33,2.41,0,3.26,0,4.8,7.41,28.66,,
26-12-2019 16:00,3.9,57,0,27.59,8.33,2.41,0,3.16,0,5.45,7.38,28.7,,
26-12-2019 16:10,4,58,0,27.49,8.34,2.29,0,2.58,0,4.13,7.35,28.6,,
26-12-2019 16:20,4.1,60,0,27.45,8.35,2.13,0,2.36,0,3.64,7.29,28.56,,
26-12-2019 16:30,4,59,0,27.42,8.35,2.08,0,2.66,0,4.28,7.35,28.55,,
26-12-2019 16:40,4.2,68,0,27.36,8.35,2.11,0,2.03,0,3.23,7.25,28.53,,
26-12-2019 16:50,4.1,66,0,27.33,8.35,2.03,0,1.97,0,2.25,7.21,28.56,,
26-12-2019 17:00,3.8,60,0,27.29,8.34,2.04,0,1.86,0,2.88,7.15,28.57,,
26-12-2019 17:10,4.4,57,0,27.23,8.35,1.99,0,1.5,0,2.13,7.14,28.53,,
26-12-2019 17:20,4.3,59,0,27.21,8.35,2.05,0,1.47,0,1.9,7.12,28.54,,
26-12-2019 17:30,4.1,63,0,27.21,8.35,2.02,0,2.02,0,3.03,7.2,28.55,,
26-12-2019 17:40,4.2,61,0,27.25,8.34,2.15,0,2.86,0,4.74,7.19,28.6,,
26-12-2019 17:50,4.2,63,0,27.2,8.35,2.05,0,2.3,0,2.74,7.12,28.59,,
26-12-2019 18:00,4.4,60,0,27.21,8.34,2.05,0,2.16,0,3.09,7.11,28.64,,
26-12-2019 18:10,4.5,60,0,27.22,8.35,2.07,0,2.75,0,4.07,7.12,28.68,,
26-12-2019 18:20,4.7,60,0,27.22,8.35,2.1,0,3.01,0,4.5,7.15,28.67,,
26-12-2019 18:30,4.6,63,0,27.18,8.35,2.08,0,2.93,0,4.58,7.17,28.59,,
26-12-2019 18:40,4.3,61,0,27.19,8.34,2.17,0,3.79,0,5.23,7.18,28.62,,
26-12-2019 18:50,4.5,62,0,27.18,8.35,2.17,0,3.3,0,5.13,7.17,28.62,,
26-12-2019 19:00,4.4,65,0,27.17,8.35,2.35,0,3.21,0,5.17,7.16,28.61,,
26-12-2019 19:10,4.2,64,0,27.17,8.34,2.08,0,3.01,0,4.87,7.12,28.64,,
26-12-2019 19:20,4.8,60,0,27.22,8.33,2.21,0,3.78,0,6.29,7.06,28.75,,
26-12-2019 19:30,4.6,61,0,27.22,8.33,2.21,0,3.5,0,13.65,7.05,28.77,,
26-12-2019 19:40,4.3,65,0,27.23,8.33,2.24,0,3.24,0,5.2,7.02,28.76,,
26-12-2019 19:50,4.7,57,0,27.15,8.34,2.22,0,3.28,0,5.33,7.05,28.67,,
26-12-2019 20:00,4.4,63,0,27.16,8.34,2.12,0,2.83,0,4.49,7.05,28.66,,
26-12-2019 20:10,4.7,66,0,27.15,8.34,2.19,0,3.05,0,4.79,7.06,28.64,,
26-12-2019 20:20,4.5,59,0,27.13,8.34,2.71,0,3.5,0,2.87,7.07,28.63,,
26-12-2019 20:30,4.6,59,0,27.12,8.33,2.29,0,3.08,0,5.81,6.99,28.64,,
26-12-2019 20:40,4.7,59,0,27.12,8.33,2.18,0,2.77,0,4.39,6.99,28.64,,
26-12-2019 20:50,4.7,59,0,27.09,8.34,2.1,0,2.8,0,4.76,7.02,28.63,,
26-12-2019 21:00,4.7,60,0,27.09,8.34,2.15,0,2.75,0,4.44,6.99,28.65,,
26-12-2019 21:10,4.6,61,0,27.11,8.33,2.24,0,3.19,0,4.6,6.96,28.66,,
26-12-2019 21:20,4.9,56,0,27.09,8.33,2.26,0,2.89,0,4.47,6.98,28.65,,
26-12-2019 21:30,4.7,63,0,27.07,8.34,2.27,0,2.8,0,4.11,7,28.63,,
26-12-2019 21:40,4.5,68,0,27.09,8.34,2.17,0,2.88,0,3.95,6.97,28.64,,
26-12-2019 21:50,4.4,64,0,27.07,8.34,2.22,0,2.68,0,4.22,7,28.65,,
26-12-2019 22:00,4.2,64,0,27.07,8.34,2.17,0,2.88,0,4.55,6.97,28.66,,
26-12-2019 22:10,4.2,62,0,27.08,8.33,2.18,0,3.02,0,4.15,6.92,28.7,,
26-12-2019 22:20,4.3,60,0,27.07,8.33,2.37,0,2.8,0,4.27,6.87,28.76,,
26-12-2019 22:30,4.1,61,0,27.03,8.34,2.21,0,2.27,0,3.5,6.96,28.69,,
26-12-2019 22:40,4,59,0,27.04,8.33,2.29,0,2.82,0,4.36,6.94,28.68,,
26-12-2019 22:50,3.9,67,0,27.04,8.33,2.2,0,2.77,0,3.99,6.94,28.69,,
26-12-2019 23:00,3.4,68,0,27.05,8.33,2.25,0,2.61,0,3.7,6.94,28.69,,
26-12-2019 23:10,3.7,77,0,27.04,8.33,2.21,0,2.53,0,4.08,6.96,28.66,,
26-12-2019 23:20,3.4,85,0,27.04,8.34,2.21,0,2.75,0,4.04,6.96,28.65,,
26-12-2019 23:30,3.3,72,0,27.03,8.34,2.28,0,2.74,0,3.93,6.97,28.66,,
26-12-2019 23:40,3,76,0,27.02,8.34,2.25,0,2.66,0,4,6.99,28.63,,
26-12-2019 23:50,3.2,67,0,27.03,8.34,2.22,0,2.86,0,4.47,6.98,28.63,,
27-12-2019 00:00,3.3,64,0,27.04,8.34,2.24,0,2.66,0,4.22,6.96,28.63,,
27-12-2019 00:10,3.4,65,0,27.04,8.34,2.2,0,2.51,0,3.66,6.98,28.62,,
27-12-2019 00:20,3.2,70,0,27.05,8.34,2.17,0,2.59,0,3.74,6.98,28.62,,
27-12-2019 00:30,3.3,67,0,27.06,8.34,2.19,0,2.53,0,3.07,6.96,28.63,,
27-12-2019 00:40,3.3,70,0,27.06,8.34,2.24,0,2.19,0,3.34,6.95,28.63,,
27-12-2019 00:50,3.4,66,0,27.06,8.34,2.14,0,2.2,0,3.04,6.95,28.6,,
27-12-2019 01:00,2.9,74,0,27.08,8.33,2.22,0,2.32,0,2.95,6.92,28.68,,
27-12-2019 01:10,3.2,70,0,27.08,8.33,2.22,0,2.5,0,3.11,6.91,28.71,,
27-12-2019 01:20,3.3,70,0,27.09,8.33,2.18,0,2.36,0,3.13,6.88,28.72,,
27-12-2019 01:30,3,66,0,27.08,8.33,2.17,0,2.21,0,2.97,6.91,28.68,,
27-12-2019 01:40,3.3,60,0,27.1,8.33,2.19,0,2.26,0,2.48,6.83,28.8,,
27-12-2019 01:50,2.9,65,0,27.09,8.33,2.24,0,2.38,0,3,6.82,28.8,,
27-12-2019 02:00,2.8,67,0,27.09,8.33,2.21,0,2.27,0,3.01,6.8,28.8,,
27-12-2019 02:10,3.2,65,0,27.08,8.33,2.22,0,2.07,0,2.37,6.82,28.75,,
27-12-2019 02:20,2.9,75,0,27.11,8.33,2.21,0,2.05,0,2.51,6.83,28.76,,
27-12-2019 02:30,3,70,0,27.1,8.33,2.17,0,1.98,0,2.29,6.84,28.75,,
27-12-2019 02:40,3.4,83,0,27.09,8.34,2.17,0,2.12,0,2.72,6.96,28.59,,
27-12-2019 02:50,3.1,91,0,27.09,8.34,2.08,0,1.98,0,2.26,6.96,28.59,,
27-12-2019 03:00,3.3,88,0,27.08,8.34,2.07,0,1.91,0,2.31,6.98,28.57,,
27-12-2019 03:10,3.3,85,0,27.09,8.34,2.2,0,2.07,0,2.32,7,28.57,,
27-12-2019 03:20,3.3,80,0,27.09,8.34,2.08,0,2.13,0,2.68,6.99,28.56,,
27-12-2019 03:30,3,81,0,27.1,8.34,2.21,0,2.13,0,2.72,6.98,28.58,,
27-12-2019 03:40,3.2,88,0,27.11,8.34,2.1,0,2.2,0,2.65,6.97,28.59,,
27-12-2019 03:50,3.4,88,0,27.09,8.34,2.09,0,2.11,0,2.18,7.01,28.55,,
27-12-2019 04:00,3.3,87,0,27.08,8.34,2.08,0,2.14,0,2.57,6.98,28.58,,
27-12-2019 04:10,3,78,0,27.08,8.34,2.16,0,2.02,0,2.13,6.97,28.57,,
27-12-2019 04:20,3,67,0,27.08,8.34,2.08,0,1.97,0,2.57,6.94,28.58,,
27-12-2019 04:30,3.1,67,0,27.08,8.34,2.14,0,1.83,0,2.31,6.94,28.58,,
27-12-2019 04:40,2.8,66,0,27.07,8.34,2.12,0,2.05,0,2.28,6.95,28.55,,
27-12-2019 04:50,3,66,0,27.06,8.34,2.2,0,2.17,0,2.48,6.97,28.54,,
27-12-2019 05:00,2.8,58,0,27.05,8.34,2.13,0,2.08,0,2.57,6.95,28.57,,
27-12-2019 05:10,2.8,62,0,27.05,8.34,2.17,0,1.95,0,2.54,6.93,28.56,,
27-12-2019 05:20,2.2,69,0,27.06,8.34,2.2,0,2.21,0,2.07,6.96,28.55,,
27-12-2019 05:30,2.5,64,0,27.07,8.33,2.3,0,2.19,0,2.74,6.91,28.6,,
27-12-2019 05:40,2.3,52,0,27.04,8.33,2.15,0,2.11,0,2.98,6.88,28.58,,
27-12-2019 05:50,2.4,49,0,27.06,8.33,2.2,0,2.03,0,3.28,6.87,28.56,,
27-12-2019 06:00,2.5,47,0,27.06,8.33,2.26,0,1.97,0,2.6,6.81,28.64,,
27-12-2019 06:10,2.7,39,0,27.05,8.33,2.24,0,2.29,0,2.85,6.83,28.61,,
27-12-2019 06:20,2.5,19,0,27.03,8.33,2.31,0,2.15,0,2.74,6.8,28.63,,
27-12-2019 06:30,1.5,318,0,27.01,8.33,2.22,0,2.25,0,3.37,6.79,28.65,,
27-12-2019 06:40,2.5,304,0,27,8.33,2.17,0,1.95,0,3,6.79,28.63,,
27-12-2019 06:50,2.2,303,0,27.01,8.33,2.15,0,1.69,0,2.79,6.79,28.63,,
27-12-2019 07:00,1.9,294,0,27.02,8.33,2.32,0,1.63,0,2.73,6.82,28.59,,
27-12-2019 07:10,1.6,298,0,27.07,8.33,2.28,0,1.53,0,2.67,6.78,28.65,,
27-12-2019 07:20,1.8,300,0,27.07,8.33,2.17,0,1.65,0,2.78,6.72,28.64,,
27-12-2019 07:30,1.6,291,0,27.05,8.33,2.16,0,1.51,0,2.09,6.8,28.63,,
27-12-2019 07:40,1.8,294,0,27.08,8.32,2.1,0,1.6,0,2.46,6.74,28.68,,
27-12-2019 07:50,1.5,278,0,27.07,8.33,2.23,0,1.69,0,2.52,6.8,28.62,,
27-12-2019 08:00,0.9,260,0,27.08,8.33,3.51,0,1.45,0,2.17,6.81,28.59,,
27-12-2019 08:10,1.1,275,0,27.07,8.33,2.12,0,1.49,0,1.94,6.88,28.45,,
27-12-2019 08:20,0.8,330,0,27.1,8.33,2.17,0,1.57,0,2.07,6.93,28.44,,
27-12-2019 08:30,0.8,3,0,27.15,8.33,2.1,0,1.23,0,1.76,6.92,28.44,,
27-12-2019 08:40,1.3,88,0,27.19,8.33,2.15,0,1.28,0,1.91,6.94,28.42,,
27-12-2019 08:50,1.8,76,0,27.19,8.33,2.18,0,1.35,0,1.72,6.94,28.41,,
27-12-2019 09:00,1.7,83,0,27.22,8.32,2.21,0,1.17,0,1.71,6.91,28.42,,
27-12-2019 09:10,2.2,88,0,27.24,8.33,2.23,0,1,0,1.2,6.91,28.48,,
27-12-2019 09:20,1.9,72,0,27.3,8.32,2.15,0,1.16,0,1.63,6.93,28.41,,
27-12-2019 09:30,2.2,44,0,27.33,8.32,2.17,0,0.96,0,0.92,6.82,28.56,,
27-12-2019 09:40,2.2,59,0,27.37,8.32,2.59,0,1.07,0,1.5,6.85,28.57,,
27-12-2019 09:50,2,62,0,27.42,8.33,2.19,0,0.96,0,0.95,6.93,28.46,,
27-12-2019 10:00,2,56,0,27.49,8.33,2.22,0,0.89,0,0.9,6.98,28.42,,
27-12-2019 10:10,2.3,66,0,27.51,8.32,2.17,0,1.03,0,0.93,6.91,28.52,,
27-12-2019 10:20,1.9,52,0,27.54,8.32,2.16,0,0.73,0,0.79,6.87,28.57,,
27-12-2019 10:30,2.5,52,0,27.61,8.32,2.18,0,0.87,0,0.77,6.85,28.62,,
27-12-2019 10:40,2.2,57,0,27.62,8.32,2.19,0,0.87,0,0.68,6.81,28.65,,
27-12-2019 10:50,2.7,46,0,27.64,8.32,2.17,0,0.75,0,0.45,6.78,28.74,,
27-12-2019 11:00,2.8,38,0,27.67,8.32,2.19,0,0.77,0,0.7,6.76,28.79,,
27-12-2019 11:10,3.1,44,0,27.66,8.32,2.33,0,0.53,0,0.32,6.72,28.9,,
27-12-2019 11:20,3.1,48,0,27.71,8.32,2.3,0,0.74,0,0.45,6.71,28.89,,
27-12-2019 11:30,3.1,40,0,27.7,8.32,2.23,0,0.68,0,0.37,6.69,28.94,,
27-12-2019 11:40,3.4,44,0,27.75,8.32,2.37,0,0.89,0,0.36,6.67,28.94,,
27-12-2019 11:50,3.6,44,0,27.76,8.31,2.31,0,0.76,0,0.08,6.69,28.95,,
27-12-2019 12:00,3.7,54,0,27.81,8.32,2.32,0,0.67,0,0.79,6.73,28.96,,
27-12-2019 12:10,4,54,0,27.77,8.32,2.43,0,0.69,0,0,6.69,29.01,,
27-12-2019 12:20,4.1,46,0,27.78,8.32,2.25,0,0.56,0,0.57,6.63,29.07,,
27-12-2019 12:30,4.4,54,0,27.86,8.32,2.36,0,0.85,0,0.07,6.7,29.04,,
27-12-2019 12:40,4.3,54,0,27.87,8.32,2.26,0,0.93,0,0.83,6.73,29.05,,
27-12-2019 12:50,4.3,56,0,27.87,8.32,2.36,0,0.87,0,0.85,6.76,29.07,,
27-12-2019 13:00,4.5,56,0,27.86,8.32,2.36,0,0.57,0,0.56,6.73,29.12,,
27-12-2019 13:10,4.5,57,0,27.85,8.32,2.53,0,0.93,0,1.06,6.78,29.14,,
27-12-2019 13:20,4.4,56,0,27.84,8.32,2.28,0,0.78,0,0.19,6.75,29.19,,
27-12-2019 13:30,4.4,52,0,27.85,8.32,2.38,0,0.59,0,0.07,6.77,29.22,,
27-12-2019 13:40,4.4,54,0,27.83,8.33,2.34,0,0.68,0,0.46,6.74,29.23,,
27-12-2019 13:50,4.4,59,0,27.82,8.33,2.28,0,0.81,0,0.35,6.83,29.19,,
27-12-2019 14:00,4.5,54,0,27.86,8.33,2.24,0,0.83,0,0.53,6.89,29.12,,
27-12-2019 14:10,4,56,0,27.85,8.34,2.3,0,0.88,0,0.92,6.89,29.1,,
27-12-2019 14:20,4.4,55,0,27.87,8.34,2.29,0,1.64,0,1.74,6.96,29.06,,
27-12-2019 14:30,3.9,58,0,27.87,8.34,2.35,0,0.85,0,1.28,6.93,29.05,,
27-12-2019 14:40,3.9,57,0,27.88,8.34,2.23,0,1.05,0,1.27,6.95,29.06,,
27-12-2019 14:50,3.7,54,0,27.88,8.34,2.31,0,1.13,0,1.91,6.97,29.11,,
27-12-2019 15:00,3.4,57,0,27.88,8.34,2.4,0,1.06,0,1.6,6.97,29.14,,
27-12-2019 15:10,3.3,55,0,27.88,8.34,2.32,0,1.08,0,1.12,7.16,28.96,,
27-12-2019 15:20,3.4,62,0,27.88,8.34,2.35,0,1.18,0,1.58,6.94,29.23,,
27-12-2019 15:30,3.5,66,0,27.86,8.34,2.31,0,1.33,0,1.71,6.92,29.23,,
27-12-2019 15:40,3.5,57,0,27.9,8.34,2.28,0,1.41,0,2.16,6.98,29.27,,
27-12-2019 15:50,3.9,58,0,27.91,8.33,2.35,0,1.54,0,2.6,7,29.3,,
27-12-2019 16:00,3.8,59,0,27.94,8.34,2.38,0,1.72,0,2.88,7,29.35,,
27-12-2019 16:10,4,55,0,27.89,8.33,2.6,0,1.28,0,2.2,6.96,29.33,,
27-12-2019 16:20,4.1,50,0,27.87,8.34,2.45,0,1.76,0,3.47,7,29.17,,
27-12-2019 16:30,4.2,51,0,27.84,8.34,2.34,0,1.67,0,3.66,6.99,29.22,,
27-12-2019 16:40,4.5,52,0,27.8,8.34,2.35,0,1.9,0,3.92,7.02,29.18,,
27-12-2019 16:50,4.4,48,0,27.81,8.34,2.7,0,2.22,0,4.48,7,29.2,,
27-12-2019 17:00,4.5,52,0,27.83,8.34,2.4,0,2.15,0,4.23,7.04,29.24,,
27-12-2019 17:10,4.6,49,0,27.79,8.34,2.39,0,2.5,0,4.5,7.03,29.26,,
27-12-2019 17:20,4.4,48,0,27.71,8.35,2.46,0,2.82,0,6.04,7.13,29.13,,
27-12-2019 17:30,4,44,0,27.7,8.35,2.37,0,2.48,0,5.3,7.08,29.23,,
27-12-2019 17:40,3.9,46,0,27.62,8.35,2.41,0,3.19,0,6.29,7.12,29.08,,
27-12-2019 17:50,3.7,47,0,27.63,8.35,2.32,0,3.41,0,6.71,7.14,29.07,,
27-12-2019 18:00,3.8,48,0,27.65,8.35,2.44,0,3.68,0,6.53,7.12,29.09,,
27-12-2019 18:10,3.8,50,0,27.6,8.35,2.43,0,4.29,0,6.8,7.11,29.06,,
27-12-2019 18:20,3.7,60,0,27.63,8.35,2.41,0,4.02,0,6.23,7.07,29.18,,
27-12-2019 18:30,3.7,59,0,27.58,8.35,2.37,0,3.87,0,6.95,7.08,29.12,,
27-12-2019 18:40,4,55,0,27.59,8.35,2.35,0,3.7,0,5.76,7.07,29.15,,
27-12-2019 18:50,3.9,61,0,27.5,8.35,3.24,0,3.6,0,6.7,7.04,28.97,,
27-12-2019 19:00,4.6,58,0,27.52,8.35,2.41,0,3.43,0,6.22,7.04,29.02,,
27-12-2019 19:10,4,61,0,27.53,8.35,2.4,0,3.56,0,6.07,7.04,29.09,,
27-12-2019 19:20,3.7,58,0,27.48,8.35,2.41,0,3.71,0,6.65,7.07,29,,
27-12-2019 19:30,4.2,57,0,27.46,8.35,2.51,0,3.76,0,5.89,7.1,28.96,,
27-12-2019 19:40,4.6,54,0,27.47,8.35,2.42,0,3.78,0,6.47,7.05,28.99,,
27-12-2019 19:50,4.5,57,0,27.44,8.35,2.73,0,3.82,0,7.32,7.09,28.98,,
27-12-2019 20:00,4.4,51,0,27.43,8.35,2.5,0,3.73,0,6.86,7.06,28.97,,
27-12-2019 20:10,4.3,47,0,27.42,8.35,2.58,0,3.37,0,6.47,7.06,28.95,,
27-12-2019 20:20,3.9,50,0,27.44,8.34,2.44,0,3.19,0,6.55,7.04,28.99,,
27-12-2019 20:30,4.2,31,0,27.42,8.35,2.57,0,3.64,0,5.67,7.04,28.99,,
27-12-2019 20:40,4.5,36,0,27.38,8.35,2.88,0,3.31,0,4.02,7.04,28.97,,
27-12-2019 20:50,4.6,28,0,27.38,8.34,2.5,0,3.55,0,6.87,7.04,29.02,,
27-12-2019 21:00,4.3,28,0,27.37,8.34,2.44,0,3.37,0,6.09,7.02,29.03,,
27-12-2019 21:10,4,34,0,27.34,8.34,2.43,0,3.42,0,6.54,6.99,29.02,,
27-12-2019 21:20,3.4,39,0,27.33,8.34,2.95,0,3.46,0,6.3,7,28.99,,
27-12-2019 21:30,2.9,40,0,27.34,8.34,2.77,0,3.21,0,6.03,6.97,29.01,,
27-12-2019 21:40,2.8,39,0,27.37,8.34,2.42,0,3.11,0,6.1,6.95,29.08,,
27-12-2019 21:50,3.2,49,0,27.34,8.34,2.43,0,3.05,0,4.88,6.91,29.09,,
27-12-2019 22:00,3.5,50,0,27.33,8.34,2.44,0,2.76,0,5.53,6.88,29.12,,
27-12-2019 22:10,3.2,43,0,27.32,8.34,2.39,0,2.84,0,4.92,6.84,29.16,,
27-12-2019 22:20,3.2,41,0,27.28,8.33,2.63,0,3.11,0,5.81,6.84,29.08,,
27-12-2019 22:30,3.5,49,0,27.27,8.33,2.56,0,3.39,0,6.34,6.88,29.04,,
27-12-2019 22:40,3.2,51,0,27.28,8.34,2.45,0,3.12,0,7.32,6.86,29.04,,
27-12-2019 22:50,3.2,39,0,27.28,8.34,2.47,0,3.04,0,4.97,6.88,29.02,,
27-12-2019 23:00,2.7,36,0,27.29,8.34,2.48,0,2.96,0,5.52,6.86,28.99,,
27-12-2019 23:10,2.8,50,0,27.31,8.33,2.49,0,3.16,0,8.04,6.82,29.1,,
27-12-2019 23:20,2.7,48,0,27.3,8.33,2.7,0,2.9,0,5.79,6.83,29.09,,
27-12-2019 23:30,2.4,60,0,27.25,8.33,2.42,0,2.61,0,5.03,6.81,28.99,,
27-12-2019 23:40,2.3,54,0,27.27,8.33,2.58,0,2.69,0,5.11,6.83,28.97,,
27-12-2019 23:50,1.7,41,0,27.27,8.33,2.57,0,2.71,0,5.05,6.83,28.99,,
28-12-2019 00:00,2.4,36,0,27.29,8.33,2.5,0,2.55,0,4.84,6.76,29.03,,
28-12-2019 00:10,4.6,35,0,27.25,8.33,2.53,0,2.66,0,4.34,6.8,28.94,,
28-12-2019 00:20,3.2,47,0,27.28,8.33,2.53,0,2.6,0,4.66,6.8,29.03,,
28-12-2019 00:30,4.5,87,0,27.27,8.33,2.45,0,2.35,0,3.87,6.78,29.07,,
28-12-2019 00:40,4.2,82,0,27.27,8.33,2.55,0,2.8,0,1.83,6.8,29.06,,
28-12-2019 00:50,4.7,80,0,27.25,8.33,2.49,0,2.56,0,4.56,6.8,29.06,,
28-12-2019 01:00,4.5,82,0,27.26,8.33,2.46,0,2.47,0,4.77,6.81,29.03,,
28-12-2019 01:10,4.6,81,0,27.26,8.33,2.46,0,2.61,0,4.01,6.79,29.07,,
28-12-2019 01:20,4.4,80,0,27.27,8.33,2.42,0,2.26,0,3.79,6.78,29.1,,
28-12-2019 01:30,4.6,82,0,27.26,8.33,2.55,0,2.17,0,3.89,6.78,29.13,,
28-12-2019 01:40,4.5,81,0,27.25,8.33,2.46,0,2.27,0,4.13,6.79,29.09,,
28-12-2019 01:50,4.6,84,0,27.24,8.34,2.36,0,1.98,0,3.22,6.79,29.09,,
28-12-2019 02:00,4.5,76,0,27.22,8.34,2.52,0,1.88,0,3.52,6.81,29.02,,
28-12-2019 02:10,4.2,69,0,27.23,8.34,2.41,0,1.98,0,3.31,6.8,29.06,,
28-12-2019 02:20,4.7,68,0,27.21,8.34,2.52,0,1.93,0,3.22,6.81,29.04,,
28-12-2019 02:30,4.5,66,0,27.2,8.34,2.37,0,1.7,0,2.72,6.82,28.96,,
28-12-2019 02:40,4.6,72,0,27.19,8.34,2.49,0,1.64,0,2.82,6.82,28.97,,
28-12-2019 02:50,4.7,70,0,27.18,8.34,2.61,0,1.77,0,3.05,6.8,28.97,,
28-12-2019 03:00,4.5,69,0,27.18,8.34,2.4,0,1.67,0,2.72,6.82,28.9,,
28-12-2019 03:10,4.3,68,0,27.15,8.34,2.39,0,1.64,0,2.5,6.84,28.83,,
28-12-2019 03:20,4.2,69,0,27.2,8.34,2.45,0,1.48,0,2.55,6.82,28.92,,
28-12-2019 03:30,4.1,68,0,27.18,8.34,2.38,0,1.44,0,2.09,6.83,28.92,,
28-12-2019 03:40,4,75,0,27.16,8.34,2.38,0,1.37,0,1.92,6.82,28.88,,
28-12-2019 03:50,4.1,74,0,27.14,8.34,2.37,0,1.55,0,2.54,6.82,28.81,,
28-12-2019 04:00,3.9,70,0,27.18,8.34,2.46,0,1.69,0,2.8,6.79,28.9,,
28-12-2019 04:10,3.9,75,0,27.18,8.33,2.36,0,1.54,0,2.52,6.77,28.96,,
28-12-2019 04:20,3.8,75,0,27.19,8.33,2.42,0,1.67,0,2.59,6.76,28.96,,
28-12-2019 04:30,4.1,77,0,27.18,8.33,2.48,0,1.71,0,2.6,6.75,29,,
28-12-2019 04:40,3.8,86,0,27.17,8.33,2.41,0,1.41,0,2.14,6.75,28.97,,
28-12-2019 04:50,3.7,84,0,27.17,8.33,2.46,0,1.61,0,2.17,6.73,29.01,,
28-12-2019 05:00,4.2,79,0,27.14,8.33,2.45,0,1.32,0,1.94,6.71,28.9,,
28-12-2019 05:10,3.5,80,0,27.16,8.33,2.52,0,1.31,0,1.74,6.71,28.87,,
28-12-2019 05:20,3.4,79,0,27.19,8.33,2.64,0,1.28,0,1.82,6.71,28.88,,
28-12-2019 05:30,3.3,68,0,27.17,8.33,2.41,0,1.32,0,1.87,6.72,28.88,,
28-12-2019 05:40,3.3,68,0,27.17,8.33,2.4,0,1.23,0,1.68,6.72,28.87,,
28-12-2019 05:50,2.6,56,0,27.17,8.33,2.41,0,1.07,0,1.17,6.74,28.82,,
28-12-2019 06:00,3.2,59,0,27.16,8.33,2.47,0,0.98,0,1.55,6.75,28.8,,
28-12-2019 06:10,3.1,65,0,27.15,8.33,2.36,0,0.87,0,1.28,6.76,28.73,,
28-12-2019 06:20,3,60,0,27.16,8.34,2.5,0,1.06,0,1.32,6.76,28.7,,
28-12-2019 06:30,3.1,60,0,27.16,8.34,2.45,0,1.16,0,1.64,6.78,28.69,,
28-12-2019 06:40,3.1,57,0,27.14,8.34,2.41,0,0.92,0,1.44,6.81,28.6,,
28-12-2019 06:50,3.2,63,0,27.2,8.33,2.54,0,1.05,0,1.09,6.76,28.67,,
28-12-2019 07:00,3.3,56,0,27.23,8.33,2.45,0,1.03,0,2.12,6.75,28.72,,
28-12-2019 07:10,3.4,59,0,27.24,8.33,2.45,0,1.11,0,2.27,6.73,28.74,,
28-12-2019 07:20,3.2,52,0,27.25,8.33,2.5,0,1.05,0,1.98,6.7,28.76,,
28-12-2019 07:30,3.5,49,0,27.25,8.33,2.5,0,1.06,0,2.3,6.69,28.77,,
28-12-2019 07:40,3.7,49,0,27.27,8.32,2.59,0,1.11,0,2.22,6.65,28.71,,
28-12-2019 07:50,3.9,50,0,27.29,8.33,2.41,0,1.16,0,2.32,6.67,28.77,,
28-12-2019 08:00,4,50,0,27.29,8.32,2.49,0,1.24,0,2.86,6.68,28.68,,
28-12-2019 08:10,3.9,46,0,27.31,8.32,2.55,0,1.08,0,1.91,6.71,28.68,,
28-12-2019 08:20,4,46,0,27.29,8.32,2.4,0,1.02,0,1.95,6.71,28.63,,
28-12-2019 08:30,3.9,50,0,27.28,8.32,2.91,0,1.2,0,2.51,6.73,28.6,,
28-12-2019 08:40,3.6,50,0,27.29,8.33,2.44,0,1.15,0,2.13,6.76,28.6,,
28-12-2019 08:50,4.1,47,0,27.29,8.33,2.4,0,0.94,0,1.95,6.76,28.6,,
28-12-2019 09:00,4.5,42,0,27.29,8.32,2.63,0,1.25,0,2.19,6.77,28.62,,
28-12-2019 09:10,4.3,45,0,27.33,8.33,2.38,0,0.93,0,1.88,6.74,28.66,,
28-12-2019 09:20,4.5,48,0,27.37,8.33,2.32,0,0.82,0,1.39,6.76,28.66,,
28-12-2019 09:30,4.2,50,0,27.38,8.33,2.31,0,0.96,0,1.49,6.78,28.64,,
28-12-2019 09:40,4.3,47,0,27.39,8.33,2.38,0,0.85,0,1.45,6.78,28.66,,
28-12-2019 09:50,4.1,48,0,27.4,8.33,2.37,0,0.88,0,1.69,6.85,28.62,,
28-12-2019 10:00,3.9,46,0,27.41,8.32,2.35,0,0.87,0,1.44,6.85,28.64,,
28-12-2019 10:10,4.1,45,0,27.42,8.32,2.43,0,0.74,0,1.23,6.82,28.69,,
28-12-2019 10:20,4.2,36,0,27.48,8.33,2.37,0,0.73,0,1.52,6.81,28.77,,
28-12-2019 10:30,4.2,37,0,27.49,8.33,2.27,0,1.02,0,1.48,6.89,28.77,,
28-12-2019 10:40,4.2,39,0,27.55,8.33,2.48,0,0.91,0,1.53,6.91,28.75,,
28-12-2019 10:50,4.4,40,0,27.52,8.33,2.29,0,0.86,0,1.57,6.89,28.82,,
28-12-2019 11:00,4.5,37,0,27.54,8.34,2.43,0,0.87,0,1.32,6.91,28.83,,
28-12-2019 11:10,4.6,37,0,27.51,8.34,2.18,0,0.83,0,1.48,6.93,28.81,,
28-12-2019 11:20,4.7,36,0,27.59,8.33,2.27,0,0.98,0,1.37,6.91,28.8,,
28-12-2019 11:30,4.7,32,0,27.59,8.33,2.25,0,0.96,0,1.58,6.88,28.83,,
28-12-2019 11:40,4.8,26,0,27.53,8.34,2.46,0,0.78,0,1.29,6.93,28.84,,
28-12-2019 11:50,4.8,27,0,27.49,8.34,2.18,0,0.82,0,1.34,7.02,28.8,,
28-12-2019 12:00,5.6,27,0,27.51,8.34,2.12,0,0.94,0,1.31,7.05,28.8,,
28-12-2019 12:10,5.7,25,0,27.52,8.35,2.08,0,0.92,0,1.14,7.04,28.8,,
28-12-2019 12:20,5.8,23,0,27.55,8.34,2.15,0,0.91,0,1.78,7.02,28.8,,
28-12-2019 12:30,5.5,24,0,27.47,8.34,2.14,0,0.7,0,1,6.95,28.86,,
28-12-2019 12:40,5.9,24,0,27.39,8.35,2.11,0,0.61,0,0.66,6.93,28.9,,
28-12-2019 12:50,5.9,27,0,27.38,8.35,2.06,0,0.72,0,0.85,7.02,28.88,,
28-12-2019 13:00,6.1,23,0,27.28,8.35,2.07,0,0.51,0,0.23,6.92,28.95,,
28-12-2019 13:10,6.2,26,0,27.33,8.35,2.09,0,0.5,0,0.21,6.88,28.95,,
28-12-2019 13:20,6,29,0,27.3,8.35,2.08,0,0.49,0,0.45,6.85,29.02,,
28-12-2019 13:30,6.1,28,0,27.31,8.34,2.2,0,0.45,0,0.32,6.84,29.03,,
28-12-2019 13:40,6.2,30,0,27.4,8.34,2.08,0,0.53,0,0.78,6.84,29.06,,
28-12-2019 13:50,6.1,28,0,27.67,8.33,2.15,0,0.76,0,1.03,6.84,29.09,,
28-12-2019 14:00,5.7,32,0,27.69,8.33,2.22,0,0.87,0,1.11,6.86,29.09,,
28-12-2019 14:10,6.1,28,0,27.69,8.34,2.45,0,1.06,0,1.89,6.87,29.1,,
28-12-2019 14:20,6.4,26,0,27.65,8.34,2.18,0,0.96,0,1.86,6.88,29.09,,
28-12-2019 14:30,6.3,28,0,27.65,8.34,2.26,0,1.14,0,2.14,6.91,29.1,,
28-12-2019 14:40,6,29,0,27.67,8.34,2.4,0,1.22,0,2.52,6.92,29.11,,
28-12-2019 14:50,6,29,0,27.66,8.34,2.35,0,1.19,0,2.4,6.93,29.12,,
28-12-2019 15:00,5.8,32,0,27.69,8.34,2.3,0,1.25,0,2.18,6.95,29.12,,
28-12-2019 15:10,5.7,26,0,27.73,8.34,2.27,0,1.45,0,2.73,7.03,29.13,,
28-12-2019 15:20,5.9,29,0,27.78,8.34,2.35,0,1.77,0,4.41,7.11,29.09,,
28-12-2019 15:30,6,27,0,27.78,8.35,2.42,0,1.74,0,4.33,7.11,29.1,,
28-12-2019 15:40,6.3,31,0,27.75,8.35,2.43,0,1.96,0,4.35,7.09,29.13,,
28-12-2019 15:50,6.3,26,0,27.74,8.35,2.75,0,1.99,0,4.82,7.11,29.14,,
28-12-2019 16:00,6.2,25,0,27.72,8.35,2.47,0,2.21,0,5.89,7.14,29.14,,
28-12-2019 16:10,6,22,0,27.72,8.35,2.57,0,2.42,0,6.98,7.17,29.14,,
28-12-2019 16:20,6.1,25,0,27.71,8.35,2.48,0,2.67,0,9.95,7.18,29.15,,
28-12-2019 16:30,6,28,0,27.7,8.35,2.5,0,2.99,0,7.82,7.21,29.16,,
28-12-2019 16:40,6,21,0,27.68,8.35,2.56,0,2.91,0,8.17,7.19,29.18,,
28-12-2019 16:50,5.9,17,0,27.67,8.35,2.4,0,3.27,0,8.04,7.19,29.18,,
28-12-2019 17:00,6.4,21,0,27.66,8.35,2.49,0,2.97,0,7.89,7.19,29.19,,
28-12-2019 17:10,6.4,25,0,27.65,8.35,2.53,0,3.09,0,7.35,7.19,29.19,,
28-12-2019 17:20,6.6,22,0,27.62,8.36,2.61,0,3.8,0,9,7.34,29.14,,
28-12-2019 17:30,6.3,23,0,27.63,8.36,2.69,0,3.84,0,9.88,7.38,29.11,,
28-12-2019 17:40,5.7,20,0,27.61,8.37,2.66,0,4.17,0,10.1,7.39,29.11,,
28-12-2019 17:50,5.8,20,0,27.42,8.36,2.52,0,3.3,0,7.94,7.2,29.04,,
28-12-2019 18:00,6.1,21,0,27.4,8.36,2.42,0,3.51,0,7.49,7.19,29.04,,
28-12-2019 18:10,6.1,26,0,27.39,8.36,2.38,0,3.38,0,5.77,7.14,29.06,,
28-12-2019 18:20,6,31,0,27.41,8.36,2.41,0,3.47,0,7.09,7.12,29.1,,
28-12-2019 18:30,5.8,26,0,27.47,8.36,2.5,0,4.47,0,8.04,7.18,29.16,,
28-12-2019 18:40,5.8,29,0,27.49,8.35,2.5,0,4.47,0,8.97,7.19,29.14,,
28-12-2019 18:50,5.8,28,0,27.51,8.36,2.61,0,4.94,0,10.68,7.19,29.13,,
28-12-2019 19:00,5.8,26,0,27.5,8.36,2.76,0,4.74,0,9.69,7.16,29.14,,
28-12-2019 19:10,5.8,32,0,27.49,8.35,2.46,0,4.14,0,8.03,7.13,29.15,,
28-12-2019 19:20,5.8,38,0,27.47,8.35,2.54,0,3.91,0,7.44,7.08,29.15,,
28-12-2019 19:30,5.8,37,0,27.45,8.35,2.64,0,3.61,0,8.19,7.04,29.14,,
28-12-2019 19:40,5.9,42,0,27.44,8.35,2.67,0,3.59,0,5.85,7.01,29.15,,
28-12-2019 19:50,5.6,41,0,27.43,8.35,2.6,0,3.36,0,7.6,6.97,29.15,,
28-12-2019 20:00,6,47,0,27.42,8.35,3.15,0,3.53,0,7.44,6.98,29.14,,
28-12-2019 20:10,5.7,46,0,27.43,8.34,2.56,0,3.08,0,6.61,6.95,29.16,,
28-12-2019 20:20,5.5,48,0,27.47,8.35,2.46,0,3.51,0,6.9,7.06,29.17,,
28-12-2019 20:30,5.6,47,0,27.43,8.35,2.43,0,3.16,0,6.72,7.04,29.18,,
28-12-2019 20:40,5.9,49,0,27.43,8.35,2.47,0,2.95,0,6.4,7.02,29.19,,
28-12-2019 20:50,5.6,52,0,27.42,8.34,2.86,0,2.74,0,7.4,6.96,29.19,,
28-12-2019 21:00,5.8,48,0,27.41,8.34,2.67,0,2.76,0,7.22,6.92,29.19,,
28-12-2019 21:10,5.9,50,0,27.32,8.35,2.55,0,2.65,0,4.57,6.92,29.13,,
28-12-2019 21:20,5.5,52,0,27.27,8.35,2.54,0,2.48,0,4.94,6.89,29.11,,
28-12-2019 21:30,5.5,56,0,27.28,8.35,2.57,0,2.42,0,4.76,6.9,29.12,,
28-12-2019 21:40,5.2,54,0,27.3,8.35,2.58,0,2.64,0,8.67,6.93,29.13,,
28-12-2019 21:50,5.1,44,0,27.31,8.35,3.05,0,2.39,0,5.39,6.95,29.13,,
28-12-2019 22:00,5.3,48,0,27.32,8.35,2.53,0,2.2,0,4.97,6.93,29.14,,
28-12-2019 22:10,5.1,44,0,27.33,8.35,2.61,0,2.43,0,5.34,6.94,29.15,,
28-12-2019 22:20,5,49,0,27.27,8.35,2.68,0,2.48,0,4.94,6.87,29.16,,
28-12-2019 22:30,5.1,44,0,27.22,8.34,3.22,0,2.13,0,4.86,6.79,29.18,,
28-12-2019 22:40,5.1,50,0,27.23,8.34,2.65,0,2.09,0,5.08,6.77,29.21,,
28-12-2019 22:50,5.5,55,0,27.22,8.35,2.69,0,2.49,0,5.37,6.84,29.19,,
28-12-2019 23:00,5.1,50,0,27.23,8.35,2.73,0,2.14,0,4.97,6.86,29.16,,
28-12-2019 23:10,5.5,47,0,27.18,8.35,2.66,0,2.5,0,6.88,6.87,29.15,,
28-12-2019 23:20,5.4,47,0,27.21,8.35,2.67,0,2.52,0,5.35,6.85,29.1,,
28-12-2019 23:30,5,45,0,27.17,8.34,2.65,0,2.34,0,5.23,6.79,29.09,,
28-12-2019 23:40,5.1,48,0,27.21,8.34,2.71,0,2.32,0,5.16,6.76,29.11,,
28-12-2019 23:50,5.2,47,0,27.18,8.34,2.64,0,2.22,0,5.08,6.74,29.1,,
29-12-2019 00:00,5.1,42,0,27.18,8.34,2.5,0,2.54,0,5.44,6.74,29.09,,
29-12-2019 00:10,4.8,43,0,27.18,8.34,2.69,0,2.37,0,5.05,6.74,29.11,,
29-12-2019 00:20,5,61,0,27.16,8.34,2.65,0,1.66,0,3.5,6.73,29.06,,
29-12-2019 00:30,4.8,60,0,27.11,8.35,2.59,0,1.71,0,3.64,6.78,29,,
29-12-2019 00:40,4.7,54,0,27.14,8.34,2.63,0,1.89,0,4.04,6.74,29.01,,
29-12-2019 00:50,4.6,55,0,27.15,8.34,2.61,0,1.9,0,4.25,6.72,29.06,,
29-12-2019 01:00,4.2,55,0,27.16,8.34,2.75,0,2.08,0,4.45,6.72,29.05,,
29-12-2019 01:10,4.1,49,0,27.15,8.34,2.64,0,2.05,0,4.17,6.71,29.05,,
29-12-2019 01:20,4.6,48,0,27.2,8.34,2.64,0,2.4,0,5.07,6.72,29.08,,
29-12-2019 01:30,4.6,51,0,27.21,8.34,2.8,0,2.54,0,9.54,6.73,29.09,,
29-12-2019 01:40,4.6,46,0,27.14,8.34,2.63,0,1.91,0,3.4,6.73,29.01,,
29-12-2019 01:50,4.6,40,0,27.14,8.34,2.57,0,1.9,0,3.88,6.74,29.03,,
29-12-2019 02:00,4.9,44,0,27.11,8.34,2.49,0,1.44,0,3.15,6.76,28.99,,
29-12-2019 02:10,4.7,44,0,27.2,8.34,2.77,0,1.97,0,4.54,6.71,29.12,,
29-12-2019 02:20,4.8,39,0,27.18,8.34,2.59,0,1.62,0,3.76,6.72,29.08,,
29-12-2019 02:30,5.1,37,0,27.19,8.34,2.96,0,1.95,0,4.31,6.7,29.11,,
29-12-2019 02:40,4.9,37,0,27.19,8.34,2.79,0,1.79,0,3.99,6.7,29.12,,
29-12-2019 02:50,4.9,35,0,27.2,8.34,2.72,0,2.25,0,4.33,6.71,29.14,,
29-12-2019 03:00,4.8,34,0,27.18,8.34,2.75,0,2.14,0,4.29,6.71,29.12,,
29-12-2019 03:10,5.1,34,0,27.19,8.34,2.69,0,2.1,0,4.07,6.71,29.13,,
29-12-2019 03:20,4.8,36,0,27.19,8.34,2.78,0,1.97,0,4.02,6.7,29.12,,
29-12-2019 03:30,4.6,30,0,27.18,8.33,2.75,0,1.93,0,4.49,6.69,29.13,,
29-12-2019 03:40,4.7,30,0,27.17,8.34,2.73,0,2.08,0,4.08,6.71,29.15,,
29-12-2019 03:50,4.9,29,0,27.16,8.34,2.65,0,1.92,0,4.08,6.71,29.13,,
29-12-2019 04:00,5.3,26,0,27.14,8.34,2.81,0,1.85,0,3.89,6.71,29.14,,
29-12-2019 04:10,5.5,29,0,27.13,8.33,2.84,0,2.12,0,4.19,6.7,29.14,,
29-12-2019 04:20,5.5,30,0,27.16,8.33,2.75,0,1.94,0,4.12,6.69,29.12,,
29-12-2019 04:30,5.7,33,0,27.17,8.33,2.85,0,1.92,0,3.76,6.66,29.14,,
29-12-2019 04:40,5.8,37,0,27.18,8.33,2.8,0,1.94,0,3.65,6.65,29.18,,
29-12-2019 04:50,5.9,36,0,27.17,8.33,2.72,0,1.67,0,3.66,6.64,29.17,,
29-12-2019 05:00,6.1,37,0,27.14,8.33,2.98,0,2.04,0,4.17,6.66,29.16,,
29-12-2019 05:10,5.7,49,0,27.14,8.33,2.8,0,1.75,0,3.45,6.66,29.18,,
29-12-2019 05:20,5.4,44,0,27.13,8.33,2.72,0,1.72,0,3.23,6.63,29.19,,
29-12-2019 05:30,5.6,39,0,27.18,8.33,3.13,0,1.46,0,2.6,6.61,29.23,,
29-12-2019 05:40,5.4,36,0,27.17,8.33,2.87,0,1.22,0,2,6.61,29.21,,
29-12-2019 05:50,5.9,37,0,27.17,8.33,2.87,0,1.23,0,2.13,6.6,29.22,,
29-12-2019 06:00,5.5,36,0,27.17,8.33,2.89,0,1.13,0,2.83,6.6,29.22,,
29-12-2019 06:10,5.2,35,0,27.16,8.33,2.92,0,1.51,0,2.4,6.61,29.24,,
29-12-2019 06:20,5.2,35,0,27.17,8.33,2.84,0,1.25,0,2.45,6.6,29.25,,
29-12-2019 06:30,5.1,33,0,27.17,8.33,2.77,0,1.41,0,2.47,6.59,29.26,,
29-12-2019 06:40,5.2,35,0,27.13,8.33,2.78,0,1.24,0,2.44,6.6,29.23,,
29-12-2019 06:50,5.5,34,0,27.11,8.33,2.88,0,1.14,0,2.43,6.62,29.24,,
29-12-2019 07:00,5.3,37,0,27.11,8.33,2.91,0,1.29,0,2.59,6.63,29.23,,
29-12-2019 07:10,5.1,35,0,27.13,8.33,3.23,0,1.35,0,3.11,6.62,29.24,,
29-12-2019 07:20,5.4,38,0,27.11,8.33,2.82,0,1.15,0,2.54,6.62,29.24,,
29-12-2019 07:30,5.2,35,0,27.12,8.33,3.48,0,1.38,0,3.06,6.61,29.24,,
29-12-2019 07:40,4.9,31,0,27.13,8.33,2.84,0,1.1,0,1.93,6.61,29.25,,
29-12-2019 07:50,4.8,32,0,27.14,8.33,2.89,0,0.92,0,2.1,6.64,29.25,,
29-12-2019 08:00,4.9,40,0,27.14,8.33,2.85,0,1.02,0,2.05,6.63,29.25,,
29-12-2019 08:10,5.3,36,0,27.14,8.33,2.81,0,0.98,0,2.06,6.65,29.26,,
29-12-2019 08:20,5.4,39,0,27.14,8.33,2.83,0,1.06,0,1.76,6.66,29.25,,
29-12-2019 08:30,5.2,40,0,27.12,8.33,2.73,0,0.93,0,1.8,6.68,29.24,,
29-12-2019 08:40,5.2,40,0,27.11,8.34,2.68,0,0.77,0,0.81,6.67,29.2,,
29-12-2019 08:50,5.1,41,0,27.13,8.34,2.77,0,0.71,0,1.16,6.66,29.21,,
29-12-2019 09:00,5,36,0,27.13,8.34,2.96,0,0.96,0,1.91,6.67,29.22,,
29-12-2019 09:10,5.4,42,0,27.14,8.34,3.26,0,0.71,0,1,6.66,29.22,,
29-12-2019 09:20,5.1,45,0,27.19,8.34,2.61,0,0.55,0,0.69,6.64,29.23,,
29-12-2019 09:30,5.2,41,0,27.2,8.34,2.82,0,0.71,0,1.21,6.66,29.24,,
29-12-2019 09:40,5,43,0,27.2,8.34,2.88,0,0.71,0,1.02,6.67,29.24,,
29-12-2019 09:50,4.9,43,0,27.2,8.34,2.71,0,0.55,0,0.83,6.68,29.25,,
29-12-2019 10:00,5.1,42,0,27.2,8.34,2.86,0,0.72,0,1.05,6.67,29.25,,
29-12-2019 10:10,4.7,45,0,27.19,8.34,2.68,0,0.25,0,0.23,6.73,29.15,,
29-12-2019 10:20,5.3,44,0,27.16,8.35,2.66,0,0.41,0,0.37,6.72,29.16,,
29-12-2019 10:30,5.3,48,0,27.19,8.34,2.67,0,0.44,0,0.3,6.72,29.17,,
29-12-2019 10:40,5.3,49,0,27.18,8.34,2.88,0,0.43,0,0.44,6.72,29.17,,
29-12-2019 10:50,5.5,43,0,27.19,8.34,2.79,0,0.53,0,0.3,6.71,29.17,,
29-12-2019 11:00,5.6,47,0,27.22,8.34,2.78,0,0.33,0,0.41,6.72,29.19,,
29-12-2019 11:10,5.5,48,0,27.23,8.34,2.75,0,0.59,0,0.75,6.71,29.2,,
29-12-2019 11:20,5.6,43,0,27.24,8.34,2.82,0,0.55,0,0.73,6.74,29.2,,
29-12-2019 11:30,5.6,38,0,27.26,8.34,2.74,0,0.52,0,0.72,6.75,29.2,,
29-12-2019 11:40,5.7,42,0,27.25,8.34,2.74,0,0.7,0,0.88,6.77,29.2,,
29-12-2019 11:50,5.6,33,0,27.28,8.34,2.73,0,0.58,0,0.46,6.78,29.2,,
29-12-2019 12:00,5.6,36,0,27.28,8.34,2.72,0,0.65,0,1.26,6.8,29.19,,
29-12-2019 12:10,5.4,45,0,27.26,8.34,2.81,0,0.96,0,1.41,6.84,29.21,,
29-12-2019 12:20,5.4,43,0,27.31,8.34,2.63,0,0.66,0,0.88,6.86,29.21,,
29-12-2019 12:30,5.5,42,0,27.31,8.34,2.7,0,0.64,0,1.07,6.89,29.2,,
29-12-2019 12:40,5.8,38,0,27.34,8.35,2.67,0,0.64,0,1.13,6.9,29.2,,
29-12-2019 12:50,5.4,39,0,27.31,8.35,2.77,0,0.59,0,0.77,6.87,29.13,,
29-12-2019 13:00,5.1,37,0,27.3,8.35,2.74,0,0.65,0,0.83,6.92,29.1,,
29-12-2019 13:10,5.4,37,0,27.28,8.36,2.64,0,0.59,0,0.47,6.95,29.09,,
29-12-2019 13:20,5.6,37,0,27.29,8.35,2.6,0,0.48,0,0.65,6.91,29.09,,
29-12-2019 13:30,5.8,49,0,27.26,8.35,2.59,0,0.84,0,1.38,6.91,29.1,,
29-12-2019 13:40,5.5,54,0,27.27,8.35,2.64,0,0.75,0,1.06,6.9,29.11,,
29-12-2019 13:50,5,52,0,27.27,8.35,2.73,0,0.92,0,1.72,6.92,29.11,,
29-12-2019 14:00,5.8,65,0,27.27,8.35,2.73,0,0.94,0,2.38,6.91,29.09,,
29-12-2019 14:10,6.4,62,0,27.28,8.35,2.92,0,1.04,0,2.28,6.91,29.09,,
29-12-2019 14:20,6.3,60,0,27.3,8.35,2.78,0,1.23,0,2.98,6.96,29.09,,
29-12-2019 14:30,6.4,52,0,27.3,8.35,2.89,0,1.56,0,3.48,6.97,29.1,,
29-12-2019 14:40,6.2,51,0,27.28,8.35,2.85,0,1.48,0,3.69,6.98,29.11,,
29-12-2019 14:50,6.2,47,0,27.27,8.35,2.9,0,1.4,0,3.85,7.01,29.12,,
29-12-2019 15:00,5.5,45,0,27.28,8.36,3.01,0,1.57,0,3.82,7.01,29.11,,
29-12-2019 15:10,5.6,48,0,27.29,8.35,3.02,0,1.7,0,3.8,7,29.12,,
29-12-2019 15:20,5.5,47,0,27.28,8.35,3.03,0,1.8,0,4.94,7,29.13,,
29-12-2019 15:30,5.5,46,0,27.29,8.35,2.98,0,1.59,0,3.95,7.01,29.13,,
29-12-2019 15:40,5.5,51,0,27.29,8.35,3.08,0,1.94,0,5.1,7.01,29.13,,
29-12-2019 15:50,5.5,47,0,27.29,8.35,3.08,0,1.83,0,4.94,7.03,29.13,,
29-12-2019 16:00,5.3,53,0,27.29,8.36,2.86,0,1.99,0,4.99,7.07,29.12,,
29-12-2019 16:10,4.7,61,0,27.3,8.35,2.83,0,1.95,0,5.01,7.05,29.13,,
29-12-2019 16:20,4.6,56,0,27.29,8.35,2.83,0,1.96,0,4.69,7.07,29.13,,
29-12-2019 16:30,4.6,57,0,27.29,8.36,2.84,0,2.06,0,5.19,7.08,29.13,,
29-12-2019 16:40,4.5,59,0,27.3,8.36,2.82,0,1.88,0,4.59,7.11,29.12,,
29-12-2019 16:50,4.5,60,0,27.31,8.36,2.8,0,1.83,0,5.06,7.1,29.12,,
29-12-2019 17:00,4.5,62,0,27.32,8.36,2.71,0,1.76,0,4.16,7.07,29.08,,
29-12-2019 17:10,4.4,54,0,27.32,8.36,2.9,0,1.4,0,3.71,7.05,29.08,,
29-12-2019 17:20,4.3,52,0,27.31,8.35,2.77,0,1.56,0,3.74,7,29.09,,
29-12-2019 17:30,4.5,56,0,27.32,8.35,2.88,0,1.52,0,4.02,6.98,29.09,,
29-12-2019 17:40,4.3,56,0,27.31,8.36,2.92,0,1.63,0,4.07,7.01,29.09,,
29-12-2019 17:50,4.7,63,0,27.31,8.36,2.95,0,2.11,0,4.25,7.03,29.09,,
29-12-2019 18:00,5.7,66,0,27.31,8.35,2.92,0,1.82,0,3.95,7.01,29.1,,
29-12-2019 18:10,5.6,64,0,27.3,8.35,2.82,0,2.03,0,3.84,7.02,29.1,,
29-12-2019 18:20,5.8,60,0,27.29,8.36,2.85,0,2.06,0,4.38,7.02,29.09,,
29-12-2019 18:30,5.8,61,0,27.28,8.35,2.77,0,1.91,0,4.29,7,29.1,,
29-12-2019 18:40,6,58,0,27.27,8.36,2.82,0,2.16,0,3.71,7.02,29.11,,
29-12-2019 18:50,5.5,58,0,27.28,8.35,2.9,0,1.85,0,3.91,7.01,29.11,,
29-12-2019 19:00,5.7,58,0,27.28,8.35,3.02,0,2.05,0,4.17,7,29.11,,
29-12-2019 19:10,5.7,55,0,27.27,8.35,2.91,0,1.89,0,3.43,7.01,29.11,,
29-12-2019 19:20,6,54,0,27.27,8.35,2.93,0,1.75,0,3.75,7,29.12,,
29-12-2019 19:30,5.6,55,0,27.27,8.35,3.1,0,1.77,0,3.39,6.98,29.12,,
29-12-2019 19:40,5.4,52,0,27.26,8.35,3,0,1.85,0,3.76,6.99,29.12,,
29-12-2019 19:50,4.9,46,0,27.28,8.35,3.31,0,1.76,0,3.63,6.95,29.12,,
29-12-2019 20:00,4.3,355,0,27.25,8.35,3.2,0,1.64,0,3.59,6.94,29.12,,
29-12-2019 20:10,4.9,334,0,27.24,8.35,2.93,0,1.36,0,3.17,6.96,29.12,,
29-12-2019 20:20,6.2,329,0,27.24,8.36,3.3,0,1.74,0,3.35,6.99,29.15,,
29-12-2019 20:30,5.9,336,0,27.24,8.35,3.23,0,1.25,0,3.12,6.93,29.12,,
29-12-2019 20:40,4.6,342,0,27.24,8.35,3.07,0,1.42,0,2.12,6.91,29.12,,
29-12-2019 20:50,3.9,340,0,27.24,8.35,2.92,0,1.31,0,2.52,6.92,29.12,,
29-12-2019 21:00,3.6,335,0,27.22,8.35,2.89,0,1.36,0,2.44,6.91,29.12,,
29-12-2019 21:10,4.4,336,0,27.22,8.35,2.95,0,1.07,0,1.95,6.88,29.12,,
29-12-2019 21:20,5.9,342,0,27.24,8.35,2.95,0,1.22,0,2.16,6.9,29.12,,
29-12-2019 21:30,5.9,344,0,27.29,8.35,2.75,0,0.93,0,1.43,6.84,29.05,,
29-12-2019 21:40,4.7,334,0,27.24,8.35,2.87,0,0.99,0,1.43,6.84,28.9,,
29-12-2019 21:50,4.7,319,0,27.22,8.35,2.79,0,1.12,0,1.42,6.85,28.94,,
29-12-2019 22:00,5.1,324,0,27.23,8.35,2.87,0,1,0,1.66,6.85,29.02,,
29-12-2019 22:10,4.6,336,0,27.21,8.35,2.78,0,1.07,0,1.62,6.85,29.03,,
29-12-2019 22:20,4.4,332,0,27.21,8.35,2.73,0,0.97,0,1.04,6.84,29.05,,
29-12-2019 22:30,3.3,325,0,27.23,8.35,2.71,0,1,0,1.29,6.86,29.06,,
29-12-2019 22:40,2.8,328,0,27.23,8.35,2.79,0,0.88,0,1.08,6.85,29.07,,
29-12-2019 22:50,3,337,0,27.23,8.35,2.69,0,0.88,0,1.33,6.85,29.07,,
29-12-2019 23:00,3.1,330,0,27.24,8.35,2.68,0,0.61,0,0.66,6.84,29.08,,
29-12-2019 23:10,3.3,329,0,27.24,8.35,2.7,0,0.74,0,0.39,6.84,29.09,,
29-12-2019 23:20,3.8,355,0,27.23,8.35,2.63,0,0.69,0,0.06,6.85,29.09,,
29-12-2019 23:30,5.9,15,0,27.2,8.35,2.74,0,0.77,0,1.2,6.88,28.99,,
29-12-2019 23:40,6,11,0,27.27,8.35,2.76,0,0.94,0,0.63,6.85,28.99,,
29-12-2019 23:50,5.1,1,0,27.25,8.36,2.72,0,0.67,0,0.98,6.86,28.87,,
30-12-2019 00:00,2.1,11,0,27.2,8.36,2.74,0,0.79,0,1.13,6.86,28.53,,
30-12-2019 00:10,3.2,356,0,27.06,8.36,2.73,0,0.81,0,1.21,6.93,28.19,,
30-12-2019 00:20,4,331,0,27.01,8.37,2.86,0,1,0,1.59,6.88,28.02,,
30-12-2019 00:30,3.5,332,0,26.84,8.37,2.91,0,0.97,0,1.07,6.93,27.54,,
30-12-2019 00:40,3.8,323,0,26.87,8.37,2.88,0,0.69,0,1.36,6.9,27.7,,
30-12-2019 00:50,4.1,318,0,26.9,8.36,2.92,0,0.72,0,1.25,6.89,27.91,,
30-12-2019 01:00,4.8,316,0,26.93,8.36,2.96,0,0.82,0,0.6,6.87,28.05,,
30-12-2019 01:10,4.6,294,0,27,8.35,2.78,0,0.78,0,1.17,6.83,28.35,,
30-12-2019 01:20,4.6,287,0,27.04,8.35,2.75,0,0.7,0,0,6.81,28.54,,
30-12-2019 01:30,4.5,284,0,27.07,8.35,2.77,0,0.77,0,0,6.78,28.71,,
30-12-2019 01:40,5,299,0,27.12,8.35,2.7,0,0.92,0,0.49,6.79,28.84,,
30-12-2019 01:50,4.9,305,0,27.09,8.35,2.66,0,0.68,0,0.09,6.8,28.85,,
30-12-2019 02:00,4.9,306,0,27.1,8.35,2.52,0,0.86,0,0,6.8,28.9,,
30-12-2019 02:10,4.6,313,0,27.09,8.35,2.65,0,0.81,0,0.07,6.85,28.91,,
30-12-2019 02:20,4.7,311,0,27.13,8.35,2.64,0,0.54,0,0,6.81,28.99,,
30-12-2019 02:30,4.6,310,0,27.14,8.35,2.66,0,0.76,0,0,6.8,29.01,,
30-12-2019 02:40,3.8,317,0,27.15,8.34,2.62,0,0.77,0,0.85,6.82,29.03,,
30-12-2019 02:50,3.6,314,0,27.14,8.35,2.64,0,0.7,0,0.26,6.81,29.05,,
30-12-2019 03:00,4.4,334,0,27.12,8.35,2.54,0,0.71,0,0.56,6.8,29.03,,
30-12-2019 03:10,4.4,339,0,27.11,8.34,2.73,0,0.8,0,0.9,6.78,29.05,,
30-12-2019 03:20,4,337,0,27.11,8.35,2.63,0,0.77,0,0.82,6.79,29.06,,
30-12-2019 03:30,3.8,327,0,27.11,8.34,2.85,0,0.76,0,0.38,6.75,29.07,,
30-12-2019 03:40,2.5,304,0,27.11,8.34,2.55,0,0.58,0,0.23,6.78,29.07,,
30-12-2019 03:50,2.9,323,0,27.1,8.34,2.66,0,0.84,0,0,6.78,29.1,,
30-12-2019 04:00,3.4,333,0,27.08,8.34,2.69,0,0.66,0,0,6.75,29.1,,
30-12-2019 04:10,4.4,331,0,27.11,8.34,2.64,0,0.74,0,0.86,6.73,29.14,,
30-12-2019 04:20,4,328,0,27.09,8.34,2.84,0,0.81,0,0.17,6.72,29.16,,
30-12-2019 04:30,3.6,328,0,27.09,8.34,2.78,0,0.62,0,0.04,6.71,29.16,,
30-12-2019 04:40,3.7,327,0,27.1,8.34,2.68,0,0.72,0,0.67,6.72,29.19,,
30-12-2019 04:50,3.1,327,0,27.07,8.34,2.72,0,0.69,0,0,6.72,29.18,,
30-12-2019 05:00,3.3,335,0,27.08,8.34,2.64,0,0.8,0,0,6.7,29.21,,
30-12-2019 05:10,3.5,337,0,27.08,8.34,2.69,0,0.85,0,0.59,6.7,29.22,,
30-12-2019 05:20,3.7,337,0,27.12,8.34,2.82,0,0.78,0,0,6.68,29.26,,
30-12-2019 05:30,3.6,334,0,27.13,8.34,2.81,0,0.7,0,0,6.68,29.29,,
30-12-2019 05:40,2.9,322,0,27.11,8.34,2.88,0,0.53,0,0.6,6.68,29.28,,
30-12-2019 05:50,2.1,307,0,27.1,8.34,2.76,0,0.72,0,0.59,6.67,29.29,,
30-12-2019 06:00,3,318,0,27.06,8.34,3.36,0,0.61,0,0.76,6.66,29.3,,
30-12-2019 06:10,3.7,319,0,27.08,8.34,2.74,0,0.62,0,0.38,6.65,29.32,,
30-12-2019 06:20,4.9,324,0,27.07,8.34,2.93,0,0.67,0,0.49,6.64,29.34,,
30-12-2019 06:30,4.6,326,0,27.1,8.34,2.65,0,0.61,0,0.46,6.63,29.37,,
30-12-2019 06:40,4.1,330,0,27.11,8.34,2.8,0,0.67,0,0.28,6.63,29.38,,
30-12-2019 06:50,3.5,336,0,27.12,8.34,2.68,0,0.61,0,0.49,6.63,29.4,,
30-12-2019 07:00,2.9,338,0,27.11,8.34,2.96,0,0.55,0,0.78,6.59,29.42,,
30-12-2019 07:10,3,334,0,27.12,8.34,2.8,0,0.6,0,0.36,6.62,29.42,,
30-12-2019 07:20,3.4,343,0,27.12,8.34,2.87,0,0.66,0,0.36,6.63,29.41,,
30-12-2019 07:30,3.2,349,0,27.09,8.34,2.81,0,0.57,0,0,6.65,29.4,,
30-12-2019 07:40,3.2,337,0,27.12,8.34,2.71,0,0.6,0,0.36,6.62,29.41,,
30-12-2019 07:50,3.6,333,0,27.09,8.34,2.78,0,0.47,0,0.23,6.63,29.43,,
30-12-2019 08:00,3.3,326,0,27.08,8.34,2.85,0,0.71,0,0.59,6.63,29.43,,
30-12-2019 08:10,3.3,327,0,27.09,8.34,2.81,0,0.55,0,0.46,6.62,29.44,,
30-12-2019 08:20,3.8,328,0,27.1,8.34,2.83,0,0.68,0,0.65,6.61,29.46,,
30-12-2019 08:30,3.9,337,0,27.12,8.34,3.07,0,0.81,0,0.41,6.6,29.48,,
30-12-2019 08:40,4.7,341,0,27.11,8.34,2.9,0,0.66,0,0.29,6.61,29.47,,
30-12-2019 08:50,3.7,345,0,27.11,8.34,2.79,0,0.62,0,0.46,6.61,29.48,,
30-12-2019 09:00,2.9,14,0,27.16,8.34,3.08,0,0.7,0,0.46,6.59,29.51,,
30-12-2019 09:10,3.8,51,0,27.18,8.34,3.06,0,0.67,0,0.61,6.59,29.54,,
30-12-2019 09:20,5.3,64,0,27.19,8.34,2.97,0,0.74,0,0.57,6.6,29.55,,
30-12-2019 09:30,5.8,67,0,27.2,8.34,3.01,0,0.61,0,0.35,6.61,29.57,,
30-12-2019 09:40,5.4,63,0,27.23,8.34,2.98,0,0.56,0,0.02,6.61,29.58,,
30-12-2019 09:50,5.2,58,0,27.23,8.34,2.97,0,0.61,0,0.43,6.6,29.6,,
30-12-2019 10:00,5.2,60,0,27.26,8.34,3.35,0,0.86,0,0.87,6.58,29.63,,
30-12-2019 10:10,5.8,54,0,27.27,8.34,3.01,0,0.58,0,0.54,6.56,29.66,,
30-12-2019 10:20,5.8,54,0,27.29,8.34,3.22,0,0.51,0,0.42,6.55,29.69,,
30-12-2019 10:30,6.3,61,0,27.32,8.34,3.38,0,0.5,0,0.35,6.52,29.72,,
30-12-2019 10:40,6.2,62,0,27.33,8.34,3.38,0,0.39,0,0.08,6.51,29.74,,
30-12-2019 10:50,6.3,61,0,27.34,8.34,3.44,0,0.47,0,0.08,6.5,29.75,,
30-12-2019 11:00,6.1,59,0,27.35,8.34,3.56,0,0.5,0,0.21,6.49,29.75,,
30-12-2019 11:10,6.5,58,0,27.37,8.34,3.5,0,0.38,0,0.36,6.48,29.76,,
30-12-2019 11:20,6.8,59,0,27.37,8.34,3.48,0,0.57,0,0.18,6.46,29.77,,
30-12-2019 11:30,6.7,62,0,27.42,8.34,3.63,0,0.43,0,0,6.47,29.77,,
30-12-2019 11:40,6.6,60,0,27.41,8.34,4.06,0,0.53,0,0.8,6.44,29.78,,
30-12-2019 11:50,6.3,58,0,27.44,8.34,3.92,0,0.6,0,0.4,6.43,29.78,,
30-12-2019 12:00,6.2,59,0,27.45,8.34,4.81,0,0.43,0,0.8,6.44,29.78,,
30-12-2019 12:10,6,57,0,27.45,8.34,4.05,0,0.58,0,0.36,6.5,29.76,,
30-12-2019 12:20,5.8,59,0,27.43,8.35,3.45,0,0.36,0,0,6.6,29.75,,
30-12-2019 12:30,6.2,53,0,27.42,8.35,3.23,0,0.24,0,0,6.65,29.74,,
30-12-2019 12:40,6,53,0,27.42,8.35,2.96,0,0.29,0,0,6.67,29.75,,
30-12-2019 12:50,6.2,53,0,27.41,8.35,2.98,0,0.46,0,0.07,6.67,29.76,,
30-12-2019 13:00,6.1,51,0,27.41,8.35,3.11,0,0.48,0,0,6.63,29.8,,
30-12-2019 13:10,6.3,48,0,27.49,8.34,2.62,0,0.2,0,0,6.75,29.47,,
30-12-2019 13:20,6.4,52,0,27.47,8.35,2.37,0,0.5,0,0.28,6.82,29.36,,
30-12-2019 13:30,6.4,49,0,27.49,8.35,2.48,0,0.53,0,0.43,6.82,29.35,,
30-12-2019 13:40,6.2,48,0,27.48,8.35,2.56,0,0.58,0,0.47,6.83,29.39,,
30-12-2019 13:50,6.4,49,0,27.5,8.35,2.49,0,0.74,0,0.69,6.9,29.33,,
30-12-2019 14:00,6.4,48,0,27.49,8.35,2.49,0,0.87,0,1.1,6.89,29.35,,
30-12-2019 14:10,6.4,46,0,27.48,8.36,2.53,0,1,0,1.25,6.98,29.29,,
30-12-2019 14:20,6.4,49,0,27.48,8.36,2.48,0,0.92,0,1.31,6.98,29.27,,
30-12-2019 14:30,6.5,49,0,27.47,8.36,2.48,0,1.14,0,1.92,6.96,29.3,,
30-12-2019 14:40,6.3,53,0,27.45,8.36,2.59,0,1.03,0,1.12,6.95,29.33,,
30-12-2019 14:50,6.5,51,0,27.47,8.36,2.42,0,1.04,0,1.47,6.99,29.28,,
30-12-2019 15:00,6.8,52,0,27.44,8.36,2.46,0,1.13,0,2.15,7.01,29.28,,
30-12-2019 15:10,6.7,54,0,27.46,8.36,2.39,0,1.07,0,1.86,7.03,29.27,,
30-12-2019 15:20,6.6,54,0,27.46,8.36,2.51,0,1.24,0,2.57,7.03,29.27,,
30-12-2019 15:30,6.5,51,0,27.46,8.36,2.51,0,1.34,0,2.77,7.03,29.29,,
30-12-2019 15:40,6.5,50,0,27.45,8.37,2.42,0,1.6,0,3.63,7.07,29.29,,
30-12-2019 15:50,6.6,49,0,27.45,8.37,2.47,0,1.82,0,4,7.11,29.27,,
30-12-2019 16:00,6.7,54,0,27.43,8.37,2.48,0,2.23,0,5.04,7.12,29.28,,
30-12-2019 16:10,6.8,52,0,27.46,8.37,2.42,0,1.25,0,2.37,7.02,29.14,,
30-12-2019 16:20,6.7,53,0,27.45,8.37,2.32,0,1.26,0,2.36,7.02,29.12,,
30-12-2019 16:30,6.6,50,0,27.44,8.37,2.65,0,1.88,0,4.42,7.05,29.2,,
30-12-2019 16:40,6.8,52,0,27.45,8.37,2.43,0,1.14,0,2.23,7.02,29.06,,
30-12-2019 16:50,6.3,51,0,27.46,8.37,2.48,0,1.28,0,1.92,7.02,29.1,,
30-12-2019 17:00,6.1,55,0,27.45,8.37,2.43,0,1.09,0,2.41,7.03,29.08,,
30-12-2019 17:10,6.2,56,0,27.45,8.37,2.6,0,1.23,0,2.55,7.01,29.11,,
30-12-2019 17:20,6.3,53,0,27.44,8.37,2.61,0,1.27,0,2.49,7.01,29.11,,
30-12-2019 17:30,6.3,55,0,27.44,8.37,2.93,0,1.35,0,2.68,6.99,29.11,,
30-12-2019 17:40,6.1,53,0,27.43,8.37,2.8,0,1.38,0,2.18,6.97,29.12,,
30-12-2019 17:50,6.4,55,0,27.43,8.37,2.89,0,1.58,0,2.54,6.96,29.13,,
30-12-2019 18:00,6.3,58,0,27.44,8.36,3.2,0,1.49,0,2.47,6.95,29.13,,
30-12-2019 18:10,6.5,52,0,27.45,8.36,3.23,0,1.51,0,2.65,6.94,29.15,,
30-12-2019 18:20,6.7,54,0,27.44,8.36,3.33,0,1.57,0,2.14,6.94,29.14,,
30-12-2019 18:30,6.7,61,0,27.44,8.36,3.5,0,1.69,0,2.33,6.92,29.15,,
30-12-2019 18:40,6.4,64,0,27.44,8.36,3.37,0,1.73,0,2.12,6.91,29.15,,
30-12-2019 18:50,6.6,64,0,27.44,8.36,3.62,0,1.63,0,2.09,6.9,29.16,,
30-12-2019 19:00,6.6,67,0,27.43,8.36,3.5,0,1.47,0,2.3,6.91,29.16,,
30-12-2019 19:10,6.1,62,0,27.42,8.36,3.43,0,1.45,0,1.93,6.91,29.17,,
30-12-2019 19:20,6.4,61,0,27.42,8.36,3.31,0,1.59,0,2.12,6.9,29.17,,
30-12-2019 19:30,5.9,66,0,27.43,8.36,3.64,0,1.7,0,2.33,6.9,29.18,,
30-12-2019 19:40,6.1,65,0,27.41,8.36,3.34,0,1.74,0,2.3,6.91,29.15,,
30-12-2019 19:50,6,70,0,27.43,8.36,3.45,0,1.5,0,2.14,6.91,29.18,,
30-12-2019 20:00,5.5,82,0,27.42,8.36,3.47,0,1.6,0,2.21,6.92,29.16,,
30-12-2019 20:10,5.4,107,0,27.41,8.36,3.52,0,1.53,0,2.32,6.89,29.16,,
30-12-2019 20:20,5.3,102,0,27.42,8.36,3.55,0,1.5,0,2.59,6.89,29.16,,
30-12-2019 20:30,5.6,103,0,27.42,8.36,4.17,0,1.57,0,2.37,6.9,29.16,,
30-12-2019 20:40,5.9,100,0,27.42,8.36,3.63,0,1.51,0,2.44,6.9,29.16,,
30-12-2019 20:50,6,98,0,27.42,8.36,3.85,0,1.57,0,2.43,6.89,29.16,,
30-12-2019 21:00,5.8,102,0,27.42,8.36,4.35,0,1.77,0,2.69,6.89,29.18,,
30-12-2019 21:10,5.8,95,0,27.4,8.36,3.85,0,1.57,0,2.5,6.89,29.17,,
30-12-2019 21:20,6.2,88,0,27.41,8.36,4.18,0,1.63,0,2.46,6.89,29.17,,
30-12-2019 21:30,5.7,86,0,27.4,8.36,3.69,0,1.46,0,2.37,6.89,29.18,,
30-12-2019 21:40,5.8,83,0,27.4,8.36,3.75,0,1.48,0,2.41,6.87,29.16,,
30-12-2019 21:50,5.8,75,0,27.4,8.36,3.62,0,1.46,0,2.44,6.88,29.16,,
30-12-2019 22:00,5.7,72,0,27.41,8.36,4,0,1.56,0,2.21,6.87,29.16,,
30-12-2019 22:10,5.2,77,0,27.41,8.36,4.15,0,1.67,0,2.59,6.86,29.17,,
30-12-2019 22:20,5.2,83,0,27.39,8.36,4.05,0,1.56,0,2.3,6.85,29.17,,
30-12-2019 22:30,5,82,0,27.39,8.36,4.48,0,1.69,0,2.71,6.84,29.17,,
30-12-2019 22:40,4.6,82,0,27.38,8.36,4.12,0,1.71,0,2.61,6.83,29.19,,
30-12-2019 22:50,4.1,73,0,27.39,8.36,3.96,0,1.62,0,2.49,6.87,29.18,,
30-12-2019 23:00,5.6,75,0,27.38,8.36,3.68,0,1.48,0,2.34,6.86,29.19,,
30-12-2019 23:10,6,68,0,27.37,8.36,3.77,0,1.44,0,1.8,6.85,29.19,,
30-12-2019 23:20,5.9,67,0,27.37,8.36,3.79,0,1.33,0,1.72,6.83,29.19,,
30-12-2019 23:30,6.1,70,0,27.37,8.36,4.16,0,1.33,0,1.69,6.85,29.2,,
30-12-2019 23:40,6,67,0,27.35,8.36,3.55,0,1.15,0,1.7,6.84,29.2,,
30-12-2019 23:50,6,68,0,27.34,8.36,3.07,0,1.27,0,1.19,6.84,29.19,,
31-12-2019 00:00,6.1,65,0,27.35,8.36,3.09,0,1.08,0,1.4,6.84,29.19,,
31-12-2019 00:10,6.4,68,0,27.35,8.36,3.22,0,1.1,0,1.38,6.84,29.19,,
31-12-2019 00:20,7,75,0,27.34,8.36,3.19,0,1.12,0,1.36,6.84,29.19,,
31-12-2019 00:30,6.7,71,0,27.35,8.36,3.27,0,1.19,0,1.47,6.84,29.19,,
31-12-2019 00:40,6.7,66,0,27.35,8.36,3.28,0,1.16,0,1.23,6.83,29.19,,
31-12-2019 00:50,6.3,65,0,27.34,8.36,3.21,0,1.29,0,1.37,6.83,29.19,,
31-12-2019 01:00,6.5,60,0,27.34,8.36,3.29,0,1.08,0,1.2,6.81,29.19,,
31-12-2019 01:10,6.2,63,0,27.35,8.36,3.36,0,1.16,0,0.81,6.82,29.19,,
31-12-2019 01:20,6.2,57,0,27.34,8.36,3.45,0,1.24,0,1.36,6.81,29.19,,
31-12-2019 01:30,6.1,58,0,27.35,8.36,3.84,0,1.29,0,1.73,6.81,29.2,,
31-12-2019 01:40,6.1,55,0,27.34,8.36,3.84,0,1.28,0,1.56,6.8,29.19,,
31-12-2019 01:50,6.2,56,0,27.34,8.36,4.07,0,1.21,0,1.82,6.78,29.19,,
31-12-2019 02:00,5.9,61,0,27.33,8.36,3.7,0,1.24,0,1.57,6.8,29.19,,
31-12-2019 02:10,6.2,58,0,27.34,8.36,4.59,0,1.27,0,1.54,6.77,29.2,,
31-12-2019 02:20,6.2,55,0,27.33,8.36,4.35,0,1.2,0,1.77,6.8,29.2,,
31-12-2019 02:30,6.1,56,0,27.33,8.36,3.81,0,1.17,0,1.24,6.79,29.2,,
31-12-2019 02:40,6,56,0,27.33,8.36,3.16,0,1.07,0,1.21,6.81,29.17,,
31-12-2019 02:50,5.8,52,0,27.32,8.36,3.45,0,1.08,0,1.07,6.81,29.15,,
31-12-2019 03:00,5.8,52,0,27.32,8.36,3.44,0,1.06,0,1.12,6.82,29.14,,
31-12-2019 03:10,5.7,57,0,27.33,8.36,3.57,0,0.93,0,1.12,6.8,29.14,,
31-12-2019 03:20,6,57,0,27.31,8.36,3.68,0,1.02,0,1.21,6.81,29.12,,
31-12-2019 03:30,6.1,59,0,27.31,8.36,3.52,0,0.96,0,1.02,6.8,29.12,,
31-12-2019 03:40,5.7,55,0,27.32,8.36,3.41,0,1.02,0,0.98,6.8,29.12,,
31-12-2019 03:50,5.9,58,0,27.32,8.36,3.88,0,0.94,0,0.56,6.8,29.11,,
31-12-2019 04:00,5.9,55,0,27.31,8.36,3.38,0,1.07,0,1.07,6.79,29.11,,
31-12-2019 04:10,5.8,57,0,27.32,8.36,3.45,0,1.04,0,1.2,6.79,29.12,,
31-12-2019 04:20,5.9,56,0,27.31,8.36,3.78,0,1.05,0,1.08,6.77,29.11,,
31-12-2019 04:30,5.8,61,0,27.31,8.36,3.85,0,1.18,0,0.96,6.78,29.09,,
31-12-2019 04:40,6.4,65,0,27.31,8.36,3.65,0,1.04,0,1.14,6.77,29.09,,
31-12-2019 04:50,6.1,57,0,27.31,8.36,4,0,0.98,0,0.6,6.78,29.09,,
31-12-2019 05:00,5.9,54,0,27.31,8.36,3.44,0,1.02,0,1.33,6.77,29.09,,
31-12-2019 05:10,6,52,0,27.3,8.36,3.39,0,0.95,0,0.49,6.77,29.08,,
31-12-2019 05:20,6.1,59,0,27.29,8.36,3.67,0,0.94,0,1,6.76,29.06,,
31-12-2019 05:30,6.1,57,0,27.28,8.36,3.81,0,1.03,0,0.7,6.77,29.06,,
31-12-2019 05:40,5.9,54,0,27.26,8.36,3.51,0,0.99,0,0.57,6.76,29.05,,
31-12-2019 05:50,5.9,53,0,27.28,8.36,4.25,0,1.08,0,1.25,6.77,29.05,,
31-12-2019 06:00,5.6,58,0,27.25,8.36,3.61,0,0.93,0,1.06,6.76,29.04,,
31-12-2019 06:10,5.8,52,0,27.26,8.36,3.51,0,0.86,0,0.94,6.76,29.05,,
31-12-2019 06:20,5.8,57,0,27.26,8.36,3.7,0,0.96,0,0.85,6.75,29.05,,
31-12-2019 06:30,5.8,58,0,27.25,8.36,3.48,0,1.19,0,1.08,6.75,29.06,,
31-12-2019 06:40,5.8,54,0,27.27,8.36,3.92,0,0.97,0,0.56,6.74,29.06,,
31-12-2019 06:50,5.6,51,0,27.28,8.36,3.69,0,1.03,0,0.77,6.75,29.07,,
31-12-2019 07:00,6,53,0,27.26,8.36,3.31,0,0.91,0,0.94,6.76,29.07,,
31-12-2019 07:10,5.5,59,0,27.26,8.36,3.54,0,1.02,0,0.96,6.75,29.07,,
31-12-2019 07:20,5.6,62,0,27.25,8.36,3.75,0,0.83,0,1.16,6.76,29.06,,
31-12-2019 07:30,5.8,62,0,27.25,8.36,3.47,0,0.94,0,0.92,6.75,29.07,,
31-12-2019 07:40,5.5,56,0,27.26,8.36,3.72,0,0.98,0,1.52,6.74,29.07,,
31-12-2019 07:50,5.3,53,0,27.26,8.36,3.46,0,0.99,0,0.91,6.74,29.07,,
31-12-2019 08:00,5.2,56,0,27.26,8.36,3.43,0,0.76,0,1.05,6.74,29.06,,
31-12-2019 08:10,5.1,58,0,27.26,8.36,3.07,0,0.66,0,0.84,6.76,29.03,,
31-12-2019 08:20,5.2,62,0,27.25,8.36,2.9,0,0.66,0,0.21,6.77,29.01,,
31-12-2019 08:30,5.6,64,0,27.26,8.36,2.88,0,0.55,0,0.39,6.77,29,,
31-12-2019 08:40,5.6,62,0,27.25,8.36,2.91,0,0.61,0,0.67,6.77,28.99,,
31-12-2019 08:50,5.7,57,0,27.25,8.36,2.98,0,0.57,0,0.46,6.78,28.99,,
31-12-2019 09:00,5.5,57,0,27.26,8.36,3.02,0,0.56,0,0.06,6.78,28.99,,
31-12-2019 09:10,5.5,60,0,27.26,8.36,3.04,0,0.58,0,0.28,6.79,28.98,,
31-12-2019 09:20,5.9,58,0,27.27,8.36,2.93,0,0.56,0,0.45,6.79,28.98,,
31-12-2019 09:30,5.7,59,0,27.27,8.36,2.93,0,0.51,0,0.19,6.8,28.98,,
31-12-2019 09:40,5.5,64,0,27.28,8.36,2.87,0,0.58,0,0.18,6.79,28.98,,
31-12-2019 09:50,5.8,65,0,27.29,8.36,2.92,0,0.54,0,0.13,6.8,28.98,,
31-12-2019 10:00,5.6,58,0,27.29,8.36,2.86,0,0.52,0,0.22,6.81,28.98,,
31-12-2019 10:10,5.5,57,0,27.31,8.36,2.77,0,0.42,0,0.05,6.81,28.98,,
31-12-2019 10:20,5.3,54,0,27.32,8.36,3.04,0,0.49,0,0.22,6.82,28.98,,
31-12-2019 10:30,5.5,55,0,27.32,8.36,3.29,0,0.48,0,0.15,6.83,28.98,,
31-12-2019 10:40,5.5,54,0,27.34,8.36,2.83,0,0.45,0,0.32,6.83,28.97,,
31-12-2019 10:50,5.5,52,0,27.34,8.36,2.94,0,0.39,0,0.02,6.83,28.97,,
31-12-2019 11:00,5.6,54,0,27.35,8.36,2.81,0,0.45,0,0.33,6.84,28.97,,
31-12-2019 11:10,5.7,51,0,27.35,8.36,2.78,0,0.49,0,0.18,6.85,28.95,,
31-12-2019 11:20,5.7,54,0,27.36,8.36,2.86,0,0.37,0,0.11,6.86,28.95,,
31-12-2019 11:30,5.6,54,0,27.36,8.37,2.83,0,0.4,0,0.05,6.86,28.95,,
31-12-2019 11:40,5.4,52,0,27.36,8.37,2.89,0,0.44,0,0.11,6.86,28.95,,
31-12-2019 11:50,5.8,55,0,27.39,8.37,2.83,0,0.36,0,0.14,6.86,28.95,,
31-12-2019 12:00,5.7,46,0,27.4,8.37,2.83,0,0.34,0,0.09,6.87,28.95,,
31-12-2019 12:10,5.6,45,0,27.43,8.37,2.74,0,0.46,0,0,6.87,28.95,,
31-12-2019 12:20,6.2,48,0,27.41,8.37,2.85,0,0.42,0,0,6.88,28.95,,
31-12-2019 12:30,6.1,43,0,27.42,8.37,2.85,0,0.58,0,0.46,6.9,28.94,,
31-12-2019 12:40,6,48,0,27.43,8.37,2.71,0,0.53,0,0.38,6.9,28.95,,
31-12-2019 12:50,5.9,45,0,27.45,8.37,2.67,0,0.55,0,0.72,6.93,28.93,,
31-12-2019 13:00,6.2,45,0,27.42,8.37,2.68,0,0.56,0,0.41,6.94,28.93,,
31-12-2019 13:10,6.5,42,0,27.42,8.37,2.7,0,0.74,0,0.75,6.95,28.93,,
31-12-2019 13:20,6.2,43,0,27.44,8.37,2.65,0,0.59,0,0.5,6.96,28.93,,
31-12-2019 13:30,6.5,43,0,27.44,8.37,2.62,0,0.7,0,0.95,6.97,28.93,,
31-12-2019 13:40,6.5,40,0,27.45,8.37,2.63,0,0.56,0,0.82,6.98,28.93,,
31-12-2019 13:50,6.7,45,0,27.44,8.37,2.68,0,0.79,0,1.43,6.98,28.92,,
31-12-2019 14:00,6.6,50,0,27.44,8.37,2.61,0,1.04,0,1.58,6.98,28.93,,
31-12-2019 14:10,6.9,47,0,27.44,8.37,2.67,0,1,0,1.76,6.98,28.92,,
31-12-2019 14:20,6.8,45,0,27.43,8.37,2.75,0,0.97,0,1.76,6.98,28.92,,
31-12-2019 14:30,6.7,45,0,27.43,8.37,2.58,0,0.99,0,1.69,6.98,28.91,,
31-12-2019 14:40,6.7,49,0,27.43,8.37,2.78,0,0.78,0,1.4,6.99,28.91,,
31-12-2019 14:50,6.6,53,0,27.43,8.38,2.67,0,0.99,0,2.07,7,28.9,,
31-12-2019 15:00,6.5,54,0,27.42,8.38,2.56,0,0.98,0,2.31,7,28.9,,
31-12-2019 15:10,6.2,43,0,27.41,8.38,2.61,0,0.95,0,2.31,7,28.91,,
31-12-2019 15:20,6.4,47,0,27.41,8.38,2.59,0,0.97,0,2.34,7,28.9,,
31-12-2019 15:30,6.4,43,0,27.4,8.38,2.64,0,1.32,0,2.67,7,28.9,,
31-12-2019 15:40,6.6,40,0,27.41,8.38,2.68,0,1.35,0,3.35,7.01,28.91,,
31-12-2019 15:50,6.8,41,0,27.41,8.37,2.71,0,1.36,0,3.55,6.98,28.91,,
31-12-2019 16:00,6.8,38,0,27.39,8.37,2.75,0,1.53,0,3.69,6.99,28.91,,
31-12-2019 16:10,7.1,38,0,27.4,8.37,2.9,0,1.58,0,3.68,6.97,28.92,,
31-12-2019 16:20,7,41,0,27.39,8.37,3.09,0,1.58,0,3.59,6.98,28.91,,
31-12-2019 16:30,7.2,47,0,27.4,8.37,3.01,0,1.59,0,4.02,6.98,28.91,,
31-12-2019 16:40,6.8,46,0,27.39,8.37,3.18,0,1.8,0,4.61,6.97,28.91,,
31-12-2019 16:50,6.9,48,0,27.4,8.37,3.18,0,1.66,0,3.82,6.96,28.91,,
31-12-2019 17:00,6.7,48,0,27.4,8.37,3.15,0,1.73,0,4.28,6.98,28.91,,
31-12-2019 17:10,6.8,45,0,27.39,8.37,3.21,0,1.83,0,4.12,6.97,28.91,,
31-12-2019 17:20,6.6,46,0,27.39,8.37,3.38,0,1.77,0,3.79,6.97,28.91,,
31-12-2019 17:30,6.5,47,0,27.39,8.37,3.25,0,1.79,0,4.06,6.98,28.91,,
31-12-2019 17:40,6.3,54,0,27.38,8.37,3.22,0,1.91,0,4.04,6.96,28.91,,
31-12-2019 17:50,6.6,55,0,27.39,8.37,4.58,0,2.05,0,4.43,6.97,28.92,,
31-12-2019 18:00,6.3,56,0,27.39,8.37,3.55,0,2.4,0,3.95,6.98,28.91,,
31-12-2019 18:10,6.5,57,0,27.38,8.37,3.65,0,2.46,0,4.8,6.96,28.92,,
31-12-2019 18:20,6.8,57,0,27.38,8.37,3.61,0,2.43,0,4.24,6.97,28.91,,
31-12-2019 18:30,6.6,62,0,27.37,8.37,3.47,0,2.33,0,4.4,6.96,28.92,,
31-12-2019 18:40,6.6,59,0,27.38,8.37,3.47,0,2.24,0,4.33,6.95,28.91,,
31-12-2019 18:50,6.5,59,0,27.38,8.37,3.43,0,2.2,0,3.94,6.96,28.92,,
31-12-2019 19:00,6.7,59,0,27.37,8.37,3.71,0,2.23,0,4.19,6.95,28.92,,
31-12-2019 19:10,6.1,62,0,27.38,8.37,3.68,0,2.19,0,3.78,6.93,28.91,,
31-12-2019 19:20,6.3,60,0,27.37,8.37,3.36,0,2.01,0,3.46,6.92,28.91,,
31-12-2019 19:30,6.3,59,0,27.38,8.37,3.72,0,2.07,0,2.96,6.93,28.91,,
31-12-2019 19:40,5.9,59,0,27.36,8.37,3.46,0,2.1,0,3.79,6.95,28.91,,
31-12-2019 19:50,6.5,58,0,27.36,8.37,3.43,0,1.85,0,3.11,6.93,28.91,,
31-12-2019 20:00,6.1,62,0,27.36,8.37,3.21,0,1.81,0,3.31,6.92,28.91,,
31-12-2019 20:10,5.5,60,0,27.37,8.37,5.2,0,2.13,0,3.47,6.93,28.91,,
31-12-2019 20:20,4.9,61,0,27.37,8.37,3.51,0,1.88,0,2.68,6.92,28.92,,
31-12-2019 20:30,5.9,54,0,27.37,8.37,3.53,0,2,0,3.48,6.93,28.92,,
31-12-2019 20:40,6.1,58,0,27.36,8.37,3.24,0,1.81,0,2.5,6.92,28.92,,
31-12-2019 20:50,6.4,61,0,27.35,8.37,3.21,0,1.59,0,2.66,6.92,28.92,,
31-12-2019 21:00,6.1,59,0,27.35,8.37,3.98,0,1.72,0,3.26,6.9,28.92,,
31-12-2019 21:10,6.3,59,0,27.34,8.37,3.24,0,1.62,0,2.37,6.93,28.91,,
31-12-2019 21:20,6.2,58,0,27.33,8.37,3.13,0,1.54,0,2.26,6.9,28.91,,
31-12-2019 21:30,6.1,59,0,27.33,8.37,3.07,0,1.66,0,2.78,6.92,28.91,,
31-12-2019 21:40,6.1,58,0,27.32,8.37,2.95,0,1.45,0,2.55,6.91,28.91,,
31-12-2019 21:50,6.2,59,0,27.31,8.37,2.97,0,1.66,0,2.52,6.93,28.91,,
31-12-2019 22:00,6.3,58,0,27.31,8.37,3.44,0,1.5,0,2.75,6.92,28.91,,
31-12-2019 22:10,6.1,58,0,27.32,8.37,3.17,0,1.57,0,2.77,6.91,28.93,,
31-12-2019 22:20,6.1,58,0,27.31,8.37,3.35,0,1.52,0,2.93,6.9,28.94,,
31-12-2019 22:30,5.9,58,0,27.31,8.37,3.29,0,1.46,0,2.91,6.89,28.93,,
31-12-2019 22:40,5.9,60,0,27.31,8.37,3.28,0,1.36,0,2.21,6.88,28.93,,
31-12-2019 22:50,6.1,63,0,27.3,8.37,3.21,0,1.43,0,2.21,6.89,28.93,,
31-12-2019 23:00,6.4,62,0,27.3,8.37,3.18,0,1.51,0,2.48,6.88,28.93,,
31-12-2019 23:10,6.5,64,0,27.31,8.37,3.12,0,1.29,0,1.85,6.88,28.94,,
31-12-2019 23:20,6.3,63,0,27.31,8.37,3.34,0,1.26,0,2.11,6.88,28.94,,
31-12-2019 23:30,5.8,62,0,27.31,8.37,3.06,0,1.41,0,2.02,6.87,28.94,,
31-12-2019 23:40,6.1,64,0,27.31,8.37,3.1,0,1.27,0,1.85,6.88,28.93,,
31-12-2019 23:50,6.3,77,0,27.31,8.37,3.17,0,1.43,0,1.67,6.87,28.93,,
01-01-2020 00:00,6.3,79,0,27.31,8.37,2.95,0,1.23,0,1.51,6.87,28.93,,
01-01-2020 00:10,6.3,81,0,27.31,8.37,2.98,0,1.25,0,1.67,6.86,28.93,,
01-01-2020 00:20,7,82,0,27.3,8.37,3.06,0,1.23,0,1.73,6.87,28.93,,
01-01-2020 00:30,6.5,80,0,27.31,8.37,3,0,1.19,0,1.68,6.87,28.93,,
01-01-2020 00:40,6.6,83,0,27.3,8.37,3.13,0,1.28,0,1.71,6.86,28.93,,
01-01-2020 00:50,6.4,82,0,27.31,8.37,3.19,0,1.35,0,1.62,6.85,28.93,,
01-01-2020 01:00,6.2,84,0,27.3,8.37,2.84,0,1.18,0,1.56,6.86,28.94,,
01-01-2020 01:10,6.2,81,0,27.29,8.37,2.85,0,1.23,0,1.68,6.86,28.95,,
01-01-2020 01:20,6.6,78,0,27.29,8.37,3,0,1.17,0,1.26,6.86,28.95,,
01-01-2020 01:30,5.5,81,0,27.3,8.37,2.94,0,1.29,0,1.35,6.84,28.95,,
01-01-2020 01:40,5.2,79,0,27.3,8.37,2.96,0,1.32,0,1.21,6.84,28.95,,
01-01-2020 01:50,5.8,81,0,27.29,8.37,2.88,0,1.26,0,1.73,6.82,28.95,,
01-01-2020 02:00,5.7,85,0,27.28,8.37,2.93,0,1.14,0,1.31,6.83,28.94,,
01-01-2020 02:10,5.4,79,0,27.29,8.37,3.06,0,1.21,0,1.53,6.84,28.94,,
01-01-2020 02:20,5.3,77,0,27.28,8.37,3.01,0,1.14,0,1.36,6.83,28.94,,
01-01-2020 02:30,5.3,78,0,27.27,8.37,3.03,0,1.14,0,1.25,6.82,28.94,,
01-01-2020 02:40,5.3,82,0,27.27,8.37,3.11,0,1.04,0,1.32,6.81,28.95,,
01-01-2020 02:50,5.2,78,0,27.26,8.37,2.98,0,0.97,0,1.08,6.81,28.94,,
01-01-2020 03:00,4.6,76,0,27.24,8.37,2.82,0,0.96,0,0.94,6.8,28.93,,
01-01-2020 03:10,4.6,71,0,27.22,8.37,2.78,0,0.92,0,0.82,6.81,28.92,,
01-01-2020 03:20,4.9,71,0,27.22,8.37,2.7,0,0.95,0,0.66,6.81,28.92,,
01-01-2020 03:30,4.8,79,0,27.22,8.37,2.79,0,0.95,0,0.8,6.81,28.92,,
01-01-2020 03:40,4.6,79,0,27.21,8.37,2.82,0,0.95,0,0.73,6.8,28.92,,
01-01-2020 03:50,4.3,68,0,27.22,8.37,2.92,0,0.8,0,0.48,6.8,28.92,,
01-01-2020 04:00,4.7,73,0,27.22,8.37,2.78,0,0.84,0,0.49,6.78,28.92,,
01-01-2020 04:10,4.9,70,0,27.22,8.37,2.86,0,0.75,0,0.67,6.79,28.92,,
01-01-2020 04:20,4.6,68,0,27.22,8.37,2.99,0,0.89,0,0.76,6.8,28.93,,
01-01-2020 04:30,4.4,69,0,27.22,8.37,2.85,0,0.79,0,0.53,6.79,28.92,,
01-01-2020 04:40,4.1,74,0,27.22,8.37,3.04,0,0.89,0,0.91,6.78,28.92,,
01-01-2020 04:50,4.5,65,0,27.21,8.37,3.27,0,0.84,0,0.73,6.77,28.92,,
01-01-2020 05:00,4.2,71,0,27.19,8.37,3.08,0,0.78,0,0.43,6.79,28.92,,
01-01-2020 05:10,3.9,70,0,27.2,8.37,2.99,0,0.72,0,0.29,6.78,28.92,,
01-01-2020 05:20,3.8,71,0,27.2,8.37,3.05,0,0.77,0,0.42,6.77,28.93,,
01-01-2020 05:30,3.9,67,0,27.21,8.37,3.09,0,0.92,0,0.79,6.77,28.93,,
01-01-2020 05:40,4.2,62,0,27.19,8.37,2.93,0,0.91,0,0.23,6.76,28.93,,
01-01-2020 05:50,4.5,59,0,27.21,8.37,2.96,0,0.85,0,0.59,6.76,28.94,,
01-01-2020 06:00,4.2,60,0,27.24,8.36,2.82,0,0.87,0,0.53,6.75,28.94,,
01-01-2020 06:10,4.1,56,0,27.23,8.37,2.78,0,0.87,0,0.3,6.77,28.94,,
01-01-2020 06:20,5.1,59,0,27.25,8.37,2.85,0,0.93,0,0.6,6.77,28.94,,
01-01-2020 06:30,4.5,59,0,27.25,8.36,2.77,0,1.14,0,0.5,6.75,28.94,,
01-01-2020 06:40,4.2,61,0,27.25,8.37,2.87,0,0.82,0,0.59,6.75,28.94,,
01-01-2020 06:50,4.4,133,0,27.24,8.36,2.87,0,0.9,0,0.67,6.74,28.95,,
01-01-2020 07:00,4,160,0,27.17,8.37,2.81,0,0.76,0,0.5,6.78,28.59,,
01-01-2020 07:10,6.1,140,0,27.21,8.37,2.88,0,0.83,0,0.86,6.77,28.84,,
01-01-2020 07:20,3.8,136,0,27.21,8.37,2.83,0,0.72,0,0.78,6.76,28.82,,
01-01-2020 07:30,4.6,155,0,27.19,8.37,2.76,0,0.73,0,0.66,6.76,28.82,,
01-01-2020 07:40,4.3,158,0,27.18,8.37,2.87,0,0.91,0,0.65,6.76,28.81,,
01-01-2020 07:50,3.3,154,0,27.18,8.37,2.91,0,0.71,0,0.58,6.76,28.77,,
01-01-2020 08:00,2.6,166,0,27.2,8.37,2.84,0,0.73,0,0.92,6.75,28.83,,
01-01-2020 08:10,2.1,158,0,27.2,8.37,2.94,0,0.87,0,0.5,6.73,28.84,,
01-01-2020 08:20,1.9,176,0,27.22,8.37,3,0,0.95,0,1.04,6.73,28.86,,
01-01-2020 08:30,1.5,211,0,27.21,8.37,2.91,0,0.88,0,0.58,6.74,28.88,,
01-01-2020 08:40,7.1,117,0,27.21,8.37,3.38,0,0.94,0,0.97,6.74,28.89,,
01-01-2020 08:50,8.2,125,0,27.23,8.37,3.02,0,0.99,0,1.3,6.75,28.91,,
01-01-2020 09:00,6.4,121,0,27.24,8.37,3.5,0,0.98,0,1.45,6.75,28.92,,
01-01-2020 09:10,5.5,93,0,27.24,8.36,2.87,0,0.74,0,0.76,6.73,28.93,,
01-01-2020 09:20,5.6,78,0,27.25,8.37,2.89,0,0.84,0,0.81,6.74,28.93,,
01-01-2020 09:30,4.2,72,0,27.26,8.36,2.94,0,0.78,0,0.65,6.74,28.94,,
01-01-2020 09:40,3.3,57,0,27.27,8.37,2.84,0,0.69,0,0.53,6.75,28.94,,
01-01-2020 09:50,3.4,56,0,27.28,8.37,2.81,0,0.71,0,0.49,6.75,28.94,,
01-01-2020 10:00,3.2,47,0,27.28,8.37,3.02,0,0.82,0,1.01,6.77,28.94,,
01-01-2020 10:10,2.4,40,0,27.28,8.37,2.8,0,0.57,0,0.15,6.77,28.92,,
01-01-2020 10:20,2.5,48,0,27.17,8.37,2.5,0,0.64,0,0.03,6.81,28.84,,
01-01-2020 10:30,2.7,36,0,27.17,8.37,2.43,0,0.63,0,0.25,6.82,28.84,,
01-01-2020 10:40,2.2,32,0,27.17,8.37,2.44,0,0.69,0,0.47,6.81,28.84,,
01-01-2020 10:50,2.2,44,0,27.22,8.37,2.48,0,0.67,0,0.36,6.81,28.85,,
01-01-2020 11:00,4.1,54,0,27.24,8.37,2.55,0,0.63,0,0.06,6.81,28.87,,
01-01-2020 11:10,5.2,56,0,27.18,8.37,2.45,0,0.53,0,0.01,6.83,28.84,,
01-01-2020 11:20,5.3,60,0,27.17,8.37,2.33,0,0.67,0,0,6.84,28.84,,
01-01-2020 11:30,5.4,72,0,27.14,8.37,2.57,0,0.51,0,0.45,6.87,28.83,,
01-01-2020 11:40,4.3,74,0,27.14,8.37,2.32,0,0.44,0,0.23,6.87,28.83,,
01-01-2020 11:50,3.8,65,0,27.17,8.37,2.33,0,0.43,0,0.01,6.86,28.84,,
01-01-2020 12:00,3.7,64,0,27.17,8.37,2.39,0,0.62,0,0.39,6.87,28.84,,
01-01-2020 12:10,3.8,62,0,27.26,8.37,2.61,0,0.8,0,0.65,6.84,28.89,,
01-01-2020 12:20,3.6,55,0,27.28,8.37,2.63,0,0.68,0,0.5,6.86,28.88,,
01-01-2020 12:30,3.5,54,0,27.28,8.37,2.51,0,0.65,0,0.12,6.87,28.88,,
01-01-2020 12:40,3.5,51,0,27.28,8.37,2.57,0,0.68,0,0.42,6.87,28.87,,
01-01-2020 12:50,3.6,50,0,27.26,8.38,2.41,0,0.56,0,0.52,6.9,28.87,,
01-01-2020 13:00,3.3,48,0,27.28,8.37,2.76,0,0.72,0,0.75,6.9,28.88,,
01-01-2020 13:10,3.1,48,0,27.3,8.37,2.5,0,0.87,0,1.56,6.9,28.88,,
01-01-2020 13:20,2.8,40,0,27.31,8.38,2.5,0,0.89,0,1.18,6.91,28.88,,
01-01-2020 13:30,2.7,40,0,27.37,8.37,2.72,0,0.96,0,1.36,6.9,28.91,,
01-01-2020 13:40,3.2,39,0,27.4,8.37,2.68,0,0.93,0,1.71,6.89,28.92,,
01-01-2020 13:50,3,48,0,27.41,8.37,2.72,0,1.17,0,1.55,6.94,28.91,,
01-01-2020 14:00,2.8,35,0,27.44,8.37,2.77,0,1.16,0,2.13,6.93,28.92,,
01-01-2020 14:10,3.2,33,0,27.42,8.38,2.81,0,1.2,0,2.29,6.97,28.91,,
01-01-2020 14:20,3.5,34,0,27.37,8.38,2.72,0,1.02,0,1.82,7,28.88,,
01-01-2020 14:30,3.5,35,0,27.35,8.38,2.57,0,1.05,0,1.76,6.98,28.86,,
01-01-2020 14:40,3.5,36,0,27.35,8.38,2.52,0,1.13,0,2.24,6.99,28.87,,
01-01-2020 14:50,3.6,32,0,27.39,8.38,2.6,0,1.33,0,2.09,7,28.89,,
01-01-2020 15:00,3.7,29,0,27.36,8.38,2.69,0,1.32,0,2.5,7,28.87,,
01-01-2020 15:10,3.6,30,0,27.42,8.38,2.72,0,1.72,0,3.19,7.01,28.9,,
01-01-2020 15:20,3.7,31,0,27.47,8.38,2.97,0,1.84,0,3.52,7.05,28.91,,
01-01-2020 15:30,3.5,26,0,27.29,8.38,2.43,0,0.6,0,0.92,7,28.82,,
01-01-2020 15:40,3.5,28,0,27.33,8.38,2.47,0,0.87,0,1.53,7.03,28.83,,
01-01-2020 15:50,3.5,27,0,27.31,8.38,2.37,0,0.71,0,0.53,7.01,28.82,,
01-01-2020 16:00,3.5,34,0,27.29,8.38,2.37,0,0.53,0,0.29,6.98,28.81,,
01-01-2020 16:10,3.6,32,0,27.29,8.38,2.3,0,0.51,0,0.38,7,28.8,,
01-01-2020 16:20,3.8,37,0,27.27,8.38,2.32,0,0.54,0,0.49,6.99,28.81,,
01-01-2020 16:30,3.8,34,0,27.26,8.38,8.24,0,0.66,0,0.55,6.96,28.8,,
01-01-2020 16:40,3.8,33,0,27.27,8.38,2.33,0,0.56,0,0.19,6.98,28.81,,
01-01-2020 16:50,3.7,31,0,27.26,8.38,2.34,0,0.54,0,0.43,7,28.81,,
01-01-2020 17:00,3.5,41,0,27.26,8.38,2.37,0,0.59,0,0,6.99,28.81,,
01-01-2020 17:10,3.4,33,0,27.26,8.38,2.34,0,0.5,0,0.07,6.98,28.81,,
01-01-2020 17:20,3.8,37,0,27.25,8.38,2.34,0,0.69,0,0.2,7,28.82,,
01-01-2020 17:30,4.1,36,0,27.25,8.38,2.32,0,0.55,0,0.03,6.98,28.81,,
01-01-2020 17:40,4.2,29,0,27.25,8.38,2.33,0,0.59,0,0.21,6.96,28.82,,
01-01-2020 17:50,4.3,31,0,27.26,8.38,2.33,0,0.47,0,0.13,6.99,28.82,,
01-01-2020 18:00,4.2,31,0,27.27,8.38,2.33,0,0.6,0,0.13,6.98,28.82,,
01-01-2020 18:10,4.1,27,0,27.27,8.38,2.28,0,0.76,0,0,6.97,28.83,,
01-01-2020 18:20,4,29,0,27.27,8.38,2.33,0,0.9,0,0.3,6.98,28.83,,
01-01-2020 18:30,4.3,29,0,27.27,8.38,2.36,0,0.83,0,0.47,7,28.83,,
01-01-2020 18:40,4.8,28,0,27.27,8.38,2.33,0,1.13,0,1.07,7,28.83,,
01-01-2020 18:50,4.6,32,0,27.27,8.38,2.41,0,1.22,0,1.49,7.01,28.83,,
01-01-2020 19:00,4.4,29,0,27.27,8.38,2.47,0,1.44,0,1.9,7.02,28.83,,
01-01-2020 19:10,4.1,26,0,27.27,8.38,2.45,0,1.13,0,1.15,7.03,28.83,,
01-01-2020 19:20,4.4,25,0,27.26,8.38,2.44,0,1.26,0,1.76,7.03,28.83,,
01-01-2020 19:30,4.6,29,0,27.26,8.38,2.42,0,1.31,0,1.5,7.03,28.82,,
01-01-2020 19:40,4.1,22,0,27.26,8.38,2.51,0,1.39,0,1.76,7.04,28.83,,
01-01-2020 19:50,3.9,23,0,27.28,8.38,2.37,0,1.35,0,1.58,7.03,28.83,,
01-01-2020 20:00,4.2,35,0,27.27,8.38,2.43,0,1.42,0,1.8,7.04,28.82,,
01-01-2020 20:10,4.2,38,0,27.28,8.38,2.35,0,1.36,0,1.47,7.02,28.82,,
01-01-2020 20:20,4.3,40,0,27.27,8.38,2.47,0,1.43,0,1.79,7.03,28.83,,
01-01-2020 20:30,4.6,40,0,27.27,8.38,2.5,0,1.36,0,1.72,7.02,28.83,,
01-01-2020 20:40,4,38,0,27.27,8.38,2.48,0,1.32,0,1.39,6.98,28.83,,
01-01-2020 20:50,3.9,40,0,27.26,8.38,2.46,0,1.45,0,2.2,7.02,28.83,,
01-01-2020 21:00,3.9,34,0,27.27,8.38,2.47,0,1.26,0,1.7,7.02,28.83,,
01-01-2020 21:10,4.2,36,0,27.27,8.38,2.46,0,1.23,0,1.69,6.98,28.83,,
01-01-2020 21:20,3.8,36,0,27.26,8.38,2.46,0,1.47,0,1.67,6.99,28.83,,
01-01-2020 21:30,3.2,40,0,27.27,8.37,2.46,0,1.38,0,2.41,6.91,28.84,,
01-01-2020 21:40,3.4,46,0,27.27,8.38,2.52,0,1.47,0,1.9,6.98,28.84,,
01-01-2020 21:50,3.1,49,0,27.26,8.38,2.43,0,1.47,0,1.95,6.95,28.83,,
01-01-2020 22:00,3.3,47,0,27.26,8.37,2.46,0,1.37,0,1.77,6.95,28.82,,
01-01-2020 22:10,3.2,40,0,27.26,8.37,2.5,0,1.39,0,1.81,6.94,28.83,,
01-01-2020 22:20,2.9,30,0,27.26,8.38,2.45,0,1.5,0,1.76,6.94,28.83,,
01-01-2020 22:30,2.6,33,0,27.27,8.38,2.54,0,1.49,0,2.07,6.93,28.83,,
01-01-2020 22:40,2.2,21,0,27.26,8.37,2.5,0,1.51,0,1.99,6.91,28.83,,
01-01-2020 22:50,1.8,307,0,27.26,8.38,2.57,0,1.62,0,1.87,6.94,28.83,,
01-01-2020 23:00,2.6,279,0,27.27,8.37,2.55,0,2.01,0,3.12,6.95,28.82,,
01-01-2020 23:10,2.1,285,0,27.27,8.37,2.6,0,1.77,0,3,6.91,28.8,,
01-01-2020 23:20,2.6,290,0,27.27,8.37,2.54,0,1.7,0,2.86,6.94,28.8,,
01-01-2020 23:30,2.5,300,0,27.27,8.37,2.57,0,1.77,0,2.84,6.9,28.81,,
01-01-2020 23:40,1.8,310,0,27.25,8.37,2.51,0,1.71,0,2.7,6.93,28.8,,
01-01-2020 23:50,2.1,309,0,27.25,8.37,2.59,0,1.8,0,2.68,6.9,28.8,,
02-01-2020 00:00,2.3,329,0,27.23,8.37,2.51,0,1.07,0,1.21,6.88,28.83,,
02-01-2020 00:10,2.4,333,0,27.24,8.37,2.51,0,1.05,0,1.42,6.88,28.82,,
02-01-2020 00:20,2.3,313,0,27.23,8.37,2.48,0,1.14,0,0.56,6.88,28.83,,
02-01-2020 00:30,1.8,326,0,27.24,8.37,2.44,0,1.15,0,0.32,6.89,28.82,,
02-01-2020 00:40,1.7,339,0,27.22,8.37,2.49,0,1.1,0,0.51,6.88,28.84,,
02-01-2020 00:50,1.4,346,0,27.23,8.37,2.45,0,1.07,0,0.8,6.87,28.83,,
02-01-2020 01:00,2.8,72,0,27.23,8.37,2.4,0,1.17,0,1.04,6.87,28.83,,
02-01-2020 01:10,5.7,104,0,27.22,8.37,2.54,0,1.01,0,0.84,6.86,28.85,,
02-01-2020 01:20,5.3,95,0,27.22,8.37,2.46,0,1.11,0,0.59,6.88,28.85,,
02-01-2020 01:30,5.3,91,0,27.21,8.37,2.85,0,1.09,0,0.51,6.86,28.85,,
02-01-2020 01:40,5.1,84,0,27.21,8.37,2.51,0,1.16,0,1.53,6.87,28.85,,
02-01-2020 01:50,4.3,83,0,27.22,8.37,2.59,0,1.27,0,1.74,6.88,28.85,,
02-01-2020 02:00,3.5,71,0,27.21,8.37,2.64,0,1.22,0,1.76,6.87,28.82,,
02-01-2020 02:10,2.7,65,0,27.2,8.37,2.7,0,1.31,0,1.7,6.86,28.81,,
02-01-2020 02:20,2.2,47,0,27.19,8.37,2.59,0,1.27,0,1.92,6.85,28.8,,
02-01-2020 02:30,1.9,3,0,27.2,8.37,2.64,0,1.19,0,1.91,6.86,28.81,,
02-01-2020 02:40,1.5,350,0,27.2,8.37,2.7,0,1.12,0,1.31,6.81,28.82,,
02-01-2020 02:50,1.5,303,0,27.2,8.37,2.54,0,1.08,0,1.31,6.85,28.83,,
02-01-2020 03:00,1.3,303,0,27.18,8.37,2.69,0,1.07,0,1.6,6.83,28.81,,
02-01-2020 03:10,1,286,0,27.17,8.37,2.63,0,1.17,0,1.19,6.85,28.81,,
02-01-2020 03:20,1,278,0,27.16,8.37,2.59,0,0.98,0,1.27,6.83,28.8,,
02-01-2020 03:30,1.2,278,0,27.16,8.37,2.6,0,1.03,0,1.21,6.82,28.81,,
02-01-2020 03:40,1.1,292,0,27.16,8.37,2.58,0,0.93,0,1.17,6.81,28.81,,
02-01-2020 03:50,1,296,0,27.16,8.37,2.57,0,1.22,0,1.72,6.84,28.8,,
02-01-2020 04:00,0.9,277,0,27.17,8.37,2.52,0,1.08,0,1.13,6.83,28.8,,
02-01-2020 04:10,1.3,305,0,27.18,8.37,2.55,0,1.07,0,1.2,6.82,28.81,,
02-01-2020 04:20,1.6,309,0,27.15,8.37,2.52,0,1.1,0,0.93,6.81,28.8,,
02-01-2020 04:30,1.7,315,0,27.15,8.37,2.6,0,1.01,0,0.98,6.81,28.81,,
02-01-2020 04:40,1.6,329,0,27.16,8.37,2.64,0,0.88,0,0.73,6.81,28.8,,
02-01-2020 04:50,0.9,315,0,27.15,8.37,2.66,0,0.93,0,0.9,6.82,28.81,,
02-01-2020 05:00,1.5,289,0,27.14,8.37,2.62,0,0.84,0,0.62,6.8,28.81,,
02-01-2020 05:10,1.4,301,0,27.15,8.37,2.64,0,0.9,0,0.5,6.81,28.81,,
02-01-2020 05:20,1.4,292,0,27.16,8.37,2.63,0,0.84,0,0.58,6.82,28.82,,
02-01-2020 05:30,1.2,289,0,27.15,8.37,2.67,0,0.69,0,0.48,6.78,28.81,,
02-01-2020 05:40,1.5,295,0,27.15,8.36,2.54,0,0.95,0,0.7,6.78,28.81,,
02-01-2020 05:50,1.7,310,0,27.16,8.37,2.58,0,0.94,0,0.8,6.79,28.82,,
02-01-2020 06:00,1.7,300,0,27.14,8.37,2.57,0,0.97,0,0.86,6.78,28.83,,
02-01-2020 06:10,1.7,306,0,27.16,8.37,2.6,0,0.93,0,0.9,6.79,28.82,,
20-01-2020 10:20,2.6,42,0,28.27,8.2,9.23,0,0.95,0,11.71,7.59,,80,26.8
20-01-2020 10:30,3.2,28,0,28.52,8.2,10.09,0,1.16,0,11.99,7.55,,76,27.5
20-01-2020 10:40,3.2,18,0,28.36,8.2,13.43,0,1.2,0,13.33,7.58,,74,28
20-01-2020 10:50,3.1,32,0,28.18,8.2,15.2,0,1.3,0,13.89,7.6,,78,27.1
20-01-2020 11:00,2.9,41,0,28.67,8.2,14.73,0,1.47,0,15.2,7.58,,79,26.7
20-01-2020 11:10,3.2,34,0,28.69,8.2,15.25,0,1.35,0,15.34,7.53,,80,26.4
20-01-2020 11:20,2.4,44,0,27.55,8.42,3.62,0,1.53,0,0.98,6.65,30.19,80,26.6
20-01-2020 11:30,3.2,41,0,27.4,8.42,3.06,0,1.73,0,1.38,6.81,30.25,82,26.2
20-01-2020 11:40,3.2,32,0,27.51,8.42,3.35,0,2.3,0,2.11,6.88,30.25,83,26.4
20-01-2020 11:50,3.4,35,0,27.48,8.42,3.31,0,2.32,0,2.6,6.9,30.27,82,26.2
20-01-2020 12:00,3.7,40,0,27.57,8.42,3.25,0,2.2,0,2.2,6.96,30.25,82,26.4
20-01-2020 12:10,4.1,30,0,27.51,8.42,3.06,0,1.63,0,1.32,6.95,30.28,82,26.3
20-01-2020 12:20,4,35,0,27.61,8.42,3.16,0,1.95,0,1.53,6.99,30.26,83,26.4
20-01-2020 12:30,4.3,31,0,27.43,8.42,2.87,0,1.57,0,0.52,6.92,30.3,83,26.4
20-01-2020 12:40,4.3,36,0,27.49,8.42,2.9,0,1.54,0,0.79,6.93,30.28,83,26.5
20-01-2020 12:50,4.5,33,0,27.69,8.42,3.09,0,1.71,0,1.53,6.99,30.24,84,26.6
20-01-2020 13:00,4.7,41,0,27.72,8.42,3.03,0,2.22,0,1.68,6.98,30.22,83,26.4
20-01-2020 13:10,4.7,35,0,27.71,8.42,3.09,0,2.23,0,1.9,7.04,30.24,83,26.5
20-01-2020 13:20,4.6,37,0,27.73,8.42,3.11,0,2.57,0,2.4,7.15,30.26,81,26.5
20-01-2020 13:30,4.8,36,0,27.7,8.42,3.06,0,2.25,0,2.16,7.16,30.26,82,26.6
20-01-2020 13:40,4.9,39,0,27.68,8.42,3.07,0,2.36,0,2.25,7.17,30.26,82,26.6
20-01-2020 13:50,4.8,42,0,27.68,8.42,3.04,0,2.29,0,2.06,7.19,30.26,81,26.6
20-01-2020 14:00,5.2,37,0,27.67,8.42,3.06,0,2.48,0,2.28,7.24,30.28,80,26.5
20-01-2020 14:10,5.1,35,0,27.64,8.42,2.85,0,2.46,0,2.62,7.26,30.29,79,26.5
20-01-2020 14:20,5.3,41,0,27.6,8.42,2.9,0,2.32,0,2.96,7.28,30.31,82,26.7
20-01-2020 14:30,5.5,39,0,27.59,8.42,2.94,0,2.74,0,3.18,7.3,30.32,82,26.7
20-01-2020 14:40,5.5,43,0,27.55,8.42,2.76,0,2.09,0,2.03,7.29,30.33,82,26.8
20-01-2020 14:50,5.4,41,0,27.46,8.42,2.78,0,2.75,0,2.7,7.29,30.33,80,26.6
20-01-2020 15:00,5.5,45,0,27.46,8.46,2.69,0,2.56,0,2.65,7.29,30.34,79,26.6
20-01-2020 15:10,5.3,44,0,27.5,8.46,2.73,0,2.39,0,2.56,7.34,30.35,79,26.6
20-01-2020 15:20,5.6,43,0,27.49,8.46,2.8,0,2.61,0,2.96,7.35,30.36,82,26.6
20-01-2020 15:30,5.4,45,0,27.5,8.46,2.68,0,2.86,0,3.75,7.39,30.36,82,26.6
20-01-2020 15:40,5.6,48,0,27.5,8.46,2.8,0,2.85,0,3.64,7.42,30.36,82,26.6
20-01-2020 15:50,5.6,48,0,27.48,8.46,2.66,0,2.72,0,3.04,7.42,30.36,80,26.6
20-01-2020 16:00,5.8,48,0,27.47,8.46,2.69,0,3.24,0,4.03,7.43,30.36,82,26.7
20-01-2020 16:10,5.8,51,0,27.44,8.46,2.7,0,3.16,0,3.81,7.43,30.37,81,26.6
20-01-2020 16:20,5.7,52,0,27.43,8.46,2.7,0,3.36,0,4.32,7.43,30.37,81,26.6
20-01-2020 16:30,5.8,53,0,27.4,8.46,2.64,0,4.03,0,4.44,7.43,30.37,81,26.7
20-01-2020 16:40,5.8,52,0,27.38,8.46,2.59,0,3.41,0,4.53,7.42,30.38,81,26.6
20-01-2020 16:50,5.5,49,0,27.35,8.46,2.65,0,3.6,0,5.01,7.39,30.38,81,26.5
20-01-2020 17:00,5.7,51,0,27.33,8.46,2.65,0,3.59,0,4.83,7.33,30.39,83,26.6
20-01-2020 17:10,5.3,55,0,27.32,8.46,2.6,0,2.94,0,3.13,7.3,30.39,83,26.6
20-01-2020 17:20,5.5,55,0,27.32,8.46,2.63,0,3.05,0,3.4,7.31,30.4,82,26.6
20-01-2020 17:30,5.4,54,0,27.32,8.46,2.59,0,2.92,0,2.97,7.3,30.4,80,26.4
20-01-2020 17:40,5.3,53,0,27.29,8.46,2.58,0,3.06,0,3.11,7.28,30.4,81,26.4
20-01-2020 17:50,5,49,0,27.27,8.46,2.59,0,3,0,3.18,7.27,30.4,80,26.4
20-01-2020 18:00,5,57,0,27.27,8.46,2.63,0,2.93,0,2.73,7.25,30.41,84,26.6
20-01-2020 18:10,4.8,57,0,27.26,8.46,2.54,0,3.15,0,3.55,7.22,30.41,81,26.4
20-01-2020 18:20,5,61,0,27.26,8.46,2.66,0,3.7,0,4.2,7.19,30.42,81,26.4
20-01-2020 18:30,4.5,60,0,27.27,8.46,2.61,0,4.21,0,4.88,7.15,30.42,81,26.3
20-01-2020 18:40,5.1,57,0,27.26,8.46,2.64,0,3.38,0,4.39,7.16,30.42,82,26.5
20-01-2020 18:50,5.1,59,0,27.25,8.46,2.67,0,3.55,0,4.42,7.13,30.43,82,26.4
20-01-2020 19:00,5.1,60,0,27.23,8.46,2.61,0,3.07,0,3.83,7.12,30.43,82,26.4
20-01-2020 19:10,5.2,60,0,27.24,8.46,2.52,0,2.93,0,3.65,7.14,30.43,80,26.3
20-01-2020 19:20,5.2,52,0,27.25,8.46,2.61,0,3.7,0,3.65,7.13,30.43,82,26.4
20-01-2020 19:30,5.1,60,0,27.24,8.46,2.53,0,2.72,0,3.3,7.11,30.44,81,26.3
20-01-2020 19:40,5.3,57,0,27.24,8.46,2.52,0,2.82,0,2.95,7.11,30.44,82,26.5
20-01-2020 19:50,5.2,56,0,27.24,8.46,2.54,0,2.53,0,2.97,7.11,30.43,80,26.4
20-01-2020 20:00,5.5,55,0,27.24,8.46,2.56,0,2.27,0,2.7,7.09,30.44,80,26.3
20-01-2020 20:10,5.6,54,0,27.24,8.46,2.56,0,3.15,0,3.63,7.1,30.43,81,26.4
20-01-2020 20:20,5.5,52,0,27.23,8.46,2.58,0,2.66,0,2.93,7.09,30.44,81,26.3
20-01-2020 20:30,5.5,51,0,27.21,8.46,2.58,0,2.54,0,2.94,7.07,30.44,79,26.3
20-01-2020 20:40,5.8,59,0,27.22,8.46,2.58,0,3.04,0,3.48,7.05,30.45,80,26.4
20-01-2020 20:50,5.7,59,0,27.22,8.46,2.61,0,3.31,0,3.57,7.04,30.45,80,26.3
20-01-2020 21:00,5.8,61,0,27.2,8.46,2.55,0,2.53,0,3.83,7.06,30.43,81,26.4
20-01-2020 21:10,5.7,62,0,27.2,8.46,2.64,0,2.61,0,3.33,7.04,30.43,78,26.3
20-01-2020 21:20,5.5,60,0,27.2,8.5,2.6,0,2.54,0,2.42,7.02,30.43,81,26.5
20-01-2020 21:30,5.5,59,0,27.2,8.5,2.7,0,2.62,0,3.42,7,30.44,79,26.3
20-01-2020 21:40,5.4,63,0,27.19,8.5,2.6,0,2.45,0,2.98,6.99,30.44,78,26.3
20-01-2020 21:50,5.6,61,0,27.19,8.5,2.55,0,2.71,0,2.42,6.98,30.44,81,26.3
20-01-2020 22:00,5.3,62,0,27.21,8.5,2.51,0,2.35,0,2.47,6.97,30.44,78,26.3
20-01-2020 22:10,5,58,0,27.21,8.5,2.55,0,2.33,0,2.7,6.96,30.45,79,26.3
20-01-2020 22:20,5.1,63,0,27.22,8.5,2.54,0,2.4,0,2.94,6.94,30.45,79,26.2
20-01-2020 22:30,5.1,60,0,27.22,8.5,2.5,0,2.57,0,3.36,6.92,30.44,79,26.2
20-01-2020 22:40,4.8,64,0,27.25,8.5,2.53,0,2.47,0,2.25,6.93,30.44,79,26.3
20-01-2020 22:50,4.8,70,0,27.27,8.46,2.66,0,2.14,0,2.3,6.95,30.43,81,26.3
20-01-2020 23:00,4.8,68,0,27.27,8.46,2.51,0,2.02,0,1.84,6.94,30.43,79,26.2
20-01-2020 23:10,4.7,67,0,27.26,8.46,2.53,0,2.16,0,1.92,6.9,30.44,81,26.4
20-01-2020 23:20,4.9,66,0,27.24,8.5,2.58,0,2.49,0,2.45,6.84,30.46,80,26.2
20-01-2020 23:30,4.9,60,0,27.23,8.5,2.58,0,2.5,0,2.46,6.79,30.47,79,26.2
20-01-2020 23:40,4.8,58,0,27.22,8.5,2.52,0,2.73,0,2.69,6.78,30.47,79,26.1
20-01-2020 23:50,5.1,52,0,27.19,8.46,2.43,0,1.9,0,1.58,6.87,30.43,79,26.2
21-01-2020 00:00,5.3,68,0,27.21,8.46,2.42,0,1.82,0,1.83,6.9,30.42,81,26.4
21-01-2020 00:10,5.1,58,0,27.19,8.46,2.4,0,1.86,0,1.5,6.88,30.42,78,26.1
21-01-2020 00:20,5.3,57,0,27.24,8.46,2.4,0,2.4,0,2.27,6.95,30.4,80,26.2
21-01-2020 00:30,5.2,62,0,27.2,8.46,2.46,0,1.63,0,1.35,6.88,30.42,79,26.1
21-01-2020 00:40,5.4,63,0,27.19,8.46,2.33,0,1.8,0,1.06,6.92,30.4,78,26.1
21-01-2020 00:50,4.9,65,0,27.23,8.46,2.37,0,1.63,0,0.76,6.97,30.39,79,26.2
21-01-2020 01:00,5.6,58,0,27.23,8.46,2.38,0,1.45,0,1.32,6.98,30.39,77,26
21-01-2020 01:10,5.1,65,0,27.23,8.46,2.37,0,1.9,0,1.36,6.98,30.39,77,26.1
21-01-2020 01:20,5.2,67,0,27.24,8.46,2.36,0,1.57,0,0.87,6.96,30.39,77,26.1
21-01-2020 01:30,4.9,63,0,27.22,8.46,2.42,0,1.56,0,1.17,6.95,30.4,79,26
21-01-2020 01:40,4.7,62,0,27.23,8.46,2.36,0,1.58,0,0.91,6.95,30.4,78,26
21-01-2020 01:50,4.9,65,0,27.23,8.46,2.39,0,1.69,0,0.58,6.95,30.39,77,26
21-01-2020 02:00,4.4,63,0,27.22,8.46,2.35,0,1.69,0,0.74,6.95,30.39,79,26.1
21-01-2020 02:10,4.7,58,0,27.22,8.46,2.32,0,1.44,0,0.68,6.95,30.39,79,26
21-01-2020 02:20,4.5,59,0,27.22,8.46,2.35,0,1.39,0,0.73,6.97,30.39,78,25.9
21-01-2020 02:30,4.2,59,0,27.22,8.46,2.28,0,1.77,0,0.91,6.96,30.39,79,25.9
21-01-2020 02:40,4.6,57,0,27.22,8.46,2.33,0,1.69,0,0.95,6.95,30.39,75,25.9
21-01-2020 02:50,4.3,55,0,27.23,8.46,2.35,0,1.85,0,1,6.94,30.4,76,25.8
21-01-2020 03:00,4.5,60,0,27.21,8.46,2.35,0,2.11,0,2.02,6.93,30.4,78,26
21-01-2020 03:10,4.4,61,0,27.2,8.46,2.4,0,1.66,0,1.16,6.92,30.4,74,25.9
21-01-2020 03:20,4.5,57,0,27.22,8.46,2.3,0,1.59,0,0.92,6.92,30.41,76,25.9
21-01-2020 03:30,4.1,62,0,27.22,8.46,2.36,0,1.6,0,1.29,6.91,30.41,76,25.8
21-01-2020 03:40,3.9,58,0,27.21,8.46,2.46,0,1.97,0,1.22,6.91,30.41,76,25.9
21-01-2020 03:50,4.4,38,0,27.19,8.46,2.35,0,1.98,0,1.36,6.87,30.42,77,25.9
21-01-2020 04:00,4.5,47,0,27.19,8.46,2.33,0,1.9,0,1.15,6.84,30.43,75,25.8
21-01-2020 04:10,4,49,0,27.2,8.46,2.42,0,2.18,0,2.32,6.88,30.42,78,25.8
21-01-2020 04:20,4.4,50,0,27.19,8.46,2.35,0,2.06,0,1.94,6.84,30.44,74,25.8
21-01-2020 04:30,4.2,56,0,27.17,8.5,2.32,0,1.92,0,1.15,6.8,30.46,77,25.9
21-01-2020 04:40,4.4,65,0,27.17,8.46,2.39,0,1.84,0,1.72,6.81,30.45,76,25.8
21-01-2020 04:50,4,56,0,27.16,8.5,2.36,0,1.94,0,1.19,6.79,30.47,73,25.8
21-01-2020 05:00,3.9,52,0,27.15,8.5,2.34,0,1.69,0,1.15,6.78,30.47,76,25.9
21-01-2020 05:10,4.1,64,0,27.13,8.5,2.31,0,1.82,0,1.03,6.78,30.47,78,26
21-01-2020 05:20,4.4,64,0,27.13,8.5,2.3,0,1.68,0,1,6.76,30.48,74,25.8
21-01-2020 05:30,4,65,0,27.12,8.5,2.32,0,1.51,0,0.7,6.74,30.49,76,25.8
21-01-2020 05:40,4.6,54,0,27.11,8.5,2.3,0,1.51,0,1.08,6.74,30.5,79,26.1
21-01-2020 05:50,4.6,40,0,27.1,8.5,2.32,0,1.68,0,1.21,6.72,30.51,76,25.9
21-01-2020 06:00,4.2,42,0,27.11,8.5,2.26,0,1.61,0,0.69,6.72,30.5,76,25.8
21-01-2020 06:10,4.4,61,0,27.1,8.49,2.4,0,1.79,0,1.04,6.7,30.5,76,25.9
21-01-2020 06:20,5.3,56,0,27.09,8.49,2.3,0,1.75,0,0.86,6.69,30.51,73,25.8
21-01-2020 06:30,4.6,50,0,27.08,8.49,2.34,0,1.85,0,1,6.7,30.51,73,25.8
21-01-2020 06:40,3.9,46,0,27.08,8.5,2.27,0,1.76,0,1.2,6.71,30.51,74,25.8
21-01-2020 06:50,4.2,49,0,27.08,8.5,2.29,0,1.64,0,0.42,6.71,30.51,76,25.9
21-01-2020 07:00,5.1,47,0,27.09,8.49,2.27,0,1.47,0,0.28,6.7,30.51,74,26
21-01-2020 07:10,4.8,54,0,27.06,8.49,2.35,0,1.44,0,0.52,6.71,30.52,75,25.9
21-01-2020 07:20,5.2,48,0,27.07,8.5,2.27,0,1.2,0,0.08,6.75,30.5,74,26.1
21-01-2020 07:30,4.3,55,0,27.05,8.5,2.35,0,1.53,0,0.92,6.74,30.5,76,26.1
21-01-2020 07:40,4.4,45,0,27.06,8.5,2.32,0,1.51,0,0.72,6.72,30.51,74,26
21-01-2020 07:50,5.5,49,0,27.07,8.49,2.27,0,1.8,0,0.75,6.71,30.52,75,26.1
21-01-2020 08:00,4.9,49,0,27.07,8.49,2.28,0,1.37,0,0.31,6.68,30.53,73,26.1
21-01-2020 08:10,4.5,50,0,27.06,8.49,2.35,0,1.54,0,0.54,6.68,30.53,74,26.2
21-01-2020 08:20,4.5,54,0,27.05,8.5,2.28,0,1.57,0,0.48,6.73,30.51,75,26.1
21-01-2020 08:30,4.7,49,0,27.07,8.49,2.41,0,1.06,0,0,6.72,30.52,75,26.3
21-01-2020 08:40,5.2,49,0,27.07,8.49,2.24,0,1.09,0,0.09,6.72,30.52,72,26.2
21-01-2020 08:50,4.5,60,0,27.06,8.49,2.28,0,1.25,0,0,6.74,30.52,74,26.2
21-01-2020 09:00,4.5,54,0,27.08,8.49,2.22,0,0.96,0,0,6.74,30.53,74,26.5
21-01-2020 09:10,4.9,70,0,27.08,8.49,2.29,0,1.07,0,0,6.73,30.54,72,26.5
21-01-2020 09:20,4.4,69,0,27.09,8.49,2.25,0,1.16,0,0,6.75,30.54,74,26.6
21-01-2020 09:30,5.1,65,0,27.1,8.49,2.26,0,0.74,0,0,6.75,30.54,73,26.5
21-01-2020 09:40,5.2,58,0,27.11,8.49,2.32,0,1.01,0,0,6.75,30.54,75,26.5
21-01-2020 09:50,4.6,49,0,27.12,8.49,2.25,0,0.87,0,0,6.76,30.54,74,26.6
21-01-2020 10:00,4.9,51,0,27.13,8.5,2.26,0,1.17,0,0,6.78,30.54,72,26.6
21-01-2020 10:10,4.7,56,0,27.16,8.5,2.39,0,0.92,0,0,6.84,30.52,71,26.6
21-01-2020 10:20,4.7,51,0,27.17,8.5,2.24,0,0.96,0,0,6.84,30.53,73,26.6
21-01-2020 10:30,5,48,0,27.18,8.5,2.22,0,1.07,0,0.15,6.86,30.53,74,26.6
21-01-2020 10:40,4.9,43,0,27.24,8.5,2.35,0,0.96,0,0,6.9,30.52,73,26.6
21-01-2020 10:50,4.9,41,0,27.25,8.46,2.28,0,0.93,0,0,6.95,30.52,73,26.5
21-01-2020 11:00,4.8,45,0,27.25,8.46,2.27,0,0.98,0,0,6.95,30.52,75,26.6
21-01-2020 11:10,4.7,42,0,27.28,8.46,2.27,0,0.79,0,0,6.96,30.52,72,26.6
21-01-2020 11:20,4.8,43,0,27.33,8.46,2.23,0,1.07,0,0,7.04,30.5,74,26.6
21-01-2020 11:30,4.7,44,0,27.34,8.46,2.21,0,0.94,0,0,7.04,30.5,75,26.6
21-01-2020 11:40,4.6,37,0,27.36,8.46,2.29,0,1.11,0,0.14,7.1,30.5,75,26.6
21-01-2020 11:50,4.4,48,0,27.38,8.46,2.32,0,1.03,0,0,7.11,30.5,75,26.6
21-01-2020 12:00,4.6,46,0,27.39,8.46,2.28,0,1,0,0,7.11,30.5,73,26.6
21-01-2020 12:10,4.7,50,0,27.41,8.46,2.25,0,0.92,0,0,7.13,30.5,76,26.7
21-01-2020 12:20,4.7,45,0,27.45,8.46,2.23,0,0.92,0,0,7.15,30.5,75,26.6
21-01-2020 12:30,4.7,44,0,27.46,8.46,2.32,0,0.87,0,0,7.18,30.5,76,26.6
21-01-2020 12:40,4.5,41,0,27.47,8.46,2.24,0,1.24,0,0.25,7.19,30.5,76,26.6
21-01-2020 12:50,4.5,42,0,27.55,8.46,2.26,0,1.05,0,0,7.22,30.49,77,26.7
21-01-2020 13:00,4.8,43,0,27.54,8.46,2.26,0,1.27,0,0.2,7.29,30.49,75,26.6
21-01-2020 13:10,4.5,52,0,27.52,8.46,2.27,0,1.11,0,0.02,7.3,30.49,76,26.7
21-01-2020 13:20,4.4,47,0,27.54,8.46,2.24,0,1.4,0,0.82,7.32,30.49,74,26.6
21-01-2020 13:30,4.4,38,0,27.58,8.46,2.26,0,1.05,0,0,7.36,30.49,75,26.7
21-01-2020 13:40,4.4,43,0,27.58,8.46,2.33,0,1.7,0,0.9,7.36,30.49,75,26.6
21-01-2020 13:50,4.6,43,0,27.54,8.46,2.3,0,1.93,0,1.3,7.39,30.49,78,26.7
21-01-2020 14:00,5.1,46,0,27.6,8.46,2.31,0,1.63,0,0.85,7.41,30.49,77,26.6
21-01-2020 14:10,5,32,0,27.6,8.46,2.31,0,1.52,0,0.95,7.43,30.49,78,26.6
21-01-2020 14:20,4.9,33,0,27.6,8.46,2.24,0,1.45,0,0.87,7.44,30.49,80,26.8
21-01-2020 14:30,4.8,36,0,27.63,8.46,2.27,0,1.39,0,0.9,7.48,30.48,78,26.8
21-01-2020 14:40,5.1,39,0,27.6,8.46,2.35,0,1.85,0,1.38,7.52,30.48,77,26.7
21-01-2020 14:50,5.3,45,0,27.59,8.46,2.28,0,1.93,0,0.84,7.54,30.48,79,26.9
21-01-2020 15:00,5.2,44,0,27.59,8.46,2.25,0,1.87,0,1.48,7.5,30.49,79,26.9
21-01-2020 15:10,5.7,47,0,27.72,8.46,2.27,0,2.2,0,1.41,7.62,30.48,77,26.8
21-01-2020 15:20,5.4,48,0,27.73,8.46,2.32,0,2.59,0,2.53,7.68,30.47,77,26.7
21-01-2020 15:30,5.5,44,0,27.67,8.46,2.33,0,2.48,0,2.45,7.65,30.48,76,26.8
21-01-2020 15:40,5.5,45,0,27.66,8.46,2.36,0,2.4,0,2.4,7.65,30.48,77,27
21-01-2020 15:50,5.7,44,0,27.63,8.46,2.35,0,2.55,0,2.68,7.64,30.48,78,26.8
21-01-2020 16:00,5.9,42,0,27.61,8.46,2.32,0,2.05,0,1.5,7.62,30.49,78,26.8
21-01-2020 16:10,5.9,47,0,27.62,8.46,2.35,0,2.62,0,2.31,7.63,30.49,77,26.8
21-01-2020 16:20,5.9,47,0,27.61,8.46,2.35,0,2.38,0,3.12,7.64,30.49,79,26.8
21-01-2020 16:30,6.1,51,0,27.6,8.46,2.31,0,2.39,0,2.73,7.63,30.49,78,26.8
21-01-2020 16:40,5.9,43,0,27.58,8.46,2.42,0,3.03,0,3.17,7.6,30.49,76,26.7
21-01-2020 16:50,5.9,41,0,27.56,8.46,2.41,0,2.8,0,3.26,7.59,30.49,75,26.7
21-01-2020 17:00,5.6,43,0,27.54,8.46,2.4,0,3.25,0,3.56,7.55,30.5,77,26.8
21-01-2020 17:10,5.8,43,0,27.55,8.46,2.42,0,2.71,0,2.88,7.54,30.49,75,26.6
21-01-2020 17:20,6,40,0,27.57,8.46,2.41,0,3.26,0,4.25,7.58,30.48,78,26.7
21-01-2020 17:30,5.6,37,0,27.56,8.46,2.38,0,3.62,0,4.39,7.6,30.47,78,26.6
21-01-2020 17:40,6.1,41,0,27.56,8.46,2.35,0,3.17,0,4.1,7.65,30.46,76,26.6
21-01-2020 17:50,5.9,46,0,27.56,8.46,2.44,0,3.22,0,3.97,7.64,30.47,77,26.6
21-01-2020 18:00,5.7,42,0,27.55,8.2,2.33,0,3.54,0,4.61,7.63,30.47,76,26.5
21-01-2020 18:10,5.7,45,0,27.54,8.2,2.43,0,4.15,0,4.9,7.61,30.47,77,26.6
21-01-2020 18:20,5.8,44,0,27.54,8.2,2.4,0,4.39,0,12.97,7.67,30.45,78,26.6
21-01-2020 18:30,5.4,44,0,27.53,8.2,2.52,0,4.06,0,1.96,7.69,30.45,77,26.6
21-01-2020 18:40,6,47,0,27.52,8.2,2.56,0,5.02,0,17.22,7.69,30.45,75,26.6
21-01-2020 18:50,5.4,46,0,27.49,8.2,2.42,0,4.81,0,5.99,7.91,30.4,76,26.6
21-01-2020 19:00,5.3,49,0,27.49,8.2,2.34,0,4.92,0,14.25,7.92,30.4,77,26.7
21-01-2020 19:10,5.3,52,0,27.49,8.2,2.4,0,5.27,0,2.58,7.96,30.39,76,26.6
21-01-2020 19:20,5.8,48,0,27.49,8.2,2.53,0,4.89,0,5.96,7.89,30.4,74,26.6
21-01-2020 19:30,5.2,52,0,27.48,8.2,2.42,0,5.29,0,1.92,7.89,30.39,77,26.6
21-01-2020 19:40,5.9,51,0,27.48,8.2,2.56,0,5.09,0,6.07,7.91,30.4,73,26.6
21-01-2020 19:50,5.7,55,0,27.47,8.2,2.48,0,5.85,0,17.86,7.88,30.4,74,26.6
21-01-2020 20:00,5.5,57,0,27.43,8.2,2.47,0,5.55,0,5.13,7.88,30.39,76,26.8
21-01-2020 20:10,5.9,56,0,27.43,8.2,2.43,0,5.57,0,5.39,7.84,30.39,73,26.7
21-01-2020 20:20,5.5,57,0,27.44,8.2,2.64,0,4.32,0,3.83,7.83,30.4,75,26.8
21-01-2020 20:30,5.4,54,0,27.41,8.2,2.56,0,6.29,0,3.1,7.93,30.38,74,26.6
21-01-2020 20:40,5.9,55,0,27.4,8.2,2.54,0,10.46,0,15.73,8.01,30.36,73,26.6
21-01-2020 20:50,5.5,58,0,27.39,8.2,2.46,0,7.43,0,19.07,8.08,30.35,75,26.6
21-01-2020 21:00,5.8,58,0,27.38,8.2,2.46,0,8.8,0,16.18,8.12,30.34,73,26.7
21-01-2020 21:10,5.2,59,0,27.4,8.2,2.51,0,11.58,0,14.16,8.12,30.34,76,26.6
21-01-2020 21:20,5.2,61,0,27.4,8.2,2.48,0,5.48,0,9.6,8.09,30.35,73,26.7
21-01-2020 21:30,5.4,67,0,27.39,8.2,2.56,0,5.39,0,14.22,8.07,30.35,72,26.7
21-01-2020 21:40,5.2,71,0,27.39,8.2,2.47,0,6.71,0,13.1,8.04,30.35,76,26.7
21-01-2020 21:50,5,75,0,27.39,8.2,2.44,0,14.38,0,34.91,8.01,30.36,75,26.6
21-01-2020 22:00,5.1,74,0,27.38,8.2,2.46,0,5.16,0,11.33,7.99,30.36,76,26.7
21-01-2020 22:10,5.4,72,0,27.36,8.2,2.47,0,11.42,0,12.52,7.94,30.35,74,26.7
21-01-2020 22:20,5.3,67,0,27.35,8.2,2.53,0,6.35,0,47.92,7.88,30.35,74,26.6
21-01-2020 22:30,5.4,69,0,27.36,8.2,2.53,0,6.62,0,8.89,7.88,30.35,74,26.7
21-01-2020 22:40,5.4,66,0,27.34,8.2,2.61,0,6.37,0,19.29,7.85,30.35,75,26.6
21-01-2020 22:50,5.2,65,0,27.35,8.2,2.51,0,3.2,0,7.8,7.81,30.35,74,26.6
21-01-2020 23:00,5.5,67,0,27.35,8.2,2.52,0,6.97,0,14.69,7.85,30.35,76,26.8
21-01-2020 23:10,4.9,68,0,27.35,8.2,2.53,0,8.72,0,13.62,7.82,30.35,76,26.6
21-01-2020 23:20,4.9,64,0,27.34,8.2,2.44,0,9.58,0,11.4,7.8,30.36,77,26.7
21-01-2020 23:30,4.4,55,0,27.36,8.2,2.41,0,10.99,0,7.43,7.8,30.36,78,26.6
21-01-2020 23:40,5.1,58,0,27.35,8.2,2.51,0,10.14,0,14.33,7.77,30.36,76,26.6
21-01-2020 23:50,5.1,56,0,27.35,8.2,2.62,0,7.16,0,10.76,7.76,30.36,74,26.6
22-01-2020 00:00,5,56,0,27.37,8.2,2.62,0,6.09,0,12.31,7.74,30.36,74,26.6
22-01-2020 00:10,4.9,57,0,27.35,8.2,2.63,0,4.51,0,7.65,7.7,30.36,77,26.6
22-01-2020 00:20,4.7,58,0,27.36,8.2,2.53,0,9.04,0,18.55,7.69,30.36,77,26.5
22-01-2020 00:30,5,55,0,27.37,8.2,2.54,0,9.39,0,21.04,7.68,30.36,78,26.6
22-01-2020 00:40,4.9,50,0,27.35,8.2,2.59,0,8.46,0,15.31,7.59,30.36,77,26.6
22-01-2020 00:50,4.7,53,0,27.34,8.2,2.6,0,4.14,0,9.68,7.55,30.35,78,26.6
22-01-2020 01:00,4.9,56,0,27.34,8.2,2.71,0,5.72,0,11.39,7.54,30.35,78,26.6
22-01-2020 01:10,4.8,55,0,27.34,8.2,2.71,0,6.06,0,7.63,7.53,30.35,77,26.6
22-01-2020 01:20,4.7,58,0,27.33,8.2,2.67,0,5.88,0,4.61,7.5,30.36,75,26.5
22-01-2020 01:30,4.6,56,0,27.32,8.2,2.63,0,5.04,0,12.38,7.43,30.36,78,26.6
22-01-2020 01:40,4.8,45,0,27.33,8.2,2.7,0,5.35,0,12.28,7.41,30.37,75,26.5
22-01-2020 01:50,4.7,56,0,27.28,8.5,2.41,0,5.44,0,7.43,7.09,30.31,77,26.6
22-01-2020 02:00,4.6,47,0,27.28,8.5,2.47,0,3.75,0,9.36,7.13,30.32,76,26.5
22-01-2020 02:10,4.5,56,0,27.28,8.5,2.56,0,5.06,0,14.16,7.1,30.31,77,26.6
22-01-2020 02:20,4.9,46,0,27.28,8.5,2.41,0,5.69,0,3.86,7.07,30.31,78,26.6
22-01-2020 02:30,5.1,44,0,27.28,8.49,2.41,0,5.3,0,15.2,7.08,30.31,77,26.5
22-01-2020 02:40,4.4,46,0,27.29,8.5,2.43,0,2.29,0,4.11,7.12,30.31,78,26.4
22-01-2020 02:50,4.7,45,0,27.28,8.5,2.45,0,5.71,0,11.86,7.11,30.31,77,26.4
22-01-2020 03:00,4.5,51,0,27.28,8.5,2.41,0,5.63,0,6.44,7.11,30.31,77,26.4
22-01-2020 03:10,5,44,0,27.29,8.5,2.49,0,5.87,0,9.85,7.12,30.32,79,26.4
22-01-2020 03:20,4.7,43,0,27.29,8.5,2.54,0,4.64,0,5.75,7.12,30.32,78,26.3
22-01-2020 03:30,4.9,45,0,27.29,8.5,2.45,0,5.39,0,8.3,7.11,30.32,77,26.3
22-01-2020 03:40,5.1,46,0,27.28,8.5,2.51,0,5.93,0,10.02,7.1,30.32,77,26.4
22-01-2020 03:50,4.8,47,0,27.29,8.5,2.47,0,4.37,0,11.04,7.11,30.32,80,26.4
22-01-2020 04:00,4.8,45,0,27.28,8.5,2.54,0,3.71,0,11.8,7.12,30.32,78,26.4
22-01-2020 04:10,5.1,48,0,27.3,8.5,2.57,0,7.74,0,9.28,7.13,30.32,79,26.5
22-01-2020 04:20,4.9,46,0,27.28,8.5,2.73,0,5.8,0,6.97,7.11,30.32,78,26.4
22-01-2020 04:30,5.2,42,0,27.27,8.5,2.84,0,5.37,0,20.02,7.1,30.32,79,26.4
22-01-2020 04:40,5.3,46,0,27.27,8.5,2.78,0,5.56,0,5.54,7.1,30.33,79,26.4
22-01-2020 04:50,5.7,44,0,27.27,8.5,2.64,0,5.39,0,5.38,7.11,30.33,78,26.3
22-01-2020 05:00,5.4,45,0,27.27,8.5,2.89,0,5.56,0,5.83,7.1,30.33,78,26.3
22-01-2020 05:10,5.7,45,0,27.27,8.2,2.88,0,7.12,0,8.98,7.12,30.33,78,26.2
22-01-2020 05:20,5.7,41,0,27.27,8.2,2.89,0,6.06,0,7.57,7.13,30.32,80,26.3
22-01-2020 05:30,5.5,41,0,27.28,8.2,3.06,0,5.63,0,4.97,7.16,30.32,78,26.3
22-01-2020 05:40,5.5,45,0,27.27,8.3,3.13,0,4.23,0,7.92,7.15,30.32,81,26.4
22-01-2020 05:50,5.2,44,0,27.29,8.3,3.41,0,12.52,0,14.64,7.12,30.32,81,26.5
22-01-2020 06:00,5.1,48,0,27.29,8.5,3.19,0,9.21,0,10.36,6.99,30.32,79,26.2
22-01-2020 06:10,5.3,46,0,27.27,8.49,2.89,0,5.93,0,7.79,6.86,30.33,78,26.3
22-01-2020 06:20,5.4,52,0,27.29,8.48,3.54,0,6.65,0,6.05,6.8,30.33,79,26.4
22-01-2020 06:30,5.5,49,0,27.29,8.48,3.39,0,4.44,0,12.48,6.79,30.33,78,26.3
22-01-2020 06:40,5.3,43,0,27.28,8.48,3.08,0,5.53,0,8.45,6.79,30.33,80,26.4
22-01-2020 06:50,5.4,45,0,27.27,8.48,3.11,0,5.8,0,9.67,6.78,30.33,78,26.4
22-01-2020 07:00,5.4,57,0,27.28,8.48,2.98,0,5.8,0,10.77,6.78,30.33,78,26.4
22-01-2020 07:10,5.2,50,0,27.29,8.48,3.07,0,5.51,0,11.07,6.77,30.34,79,26.4
22-01-2020 07:20,5.2,50,0,27.28,8.48,3.24,0,5.74,0,13.55,6.76,30.34,78,26.5
22-01-2020 07:30,5.2,58,0,27.29,8.48,3.09,0,6.5,0,10.75,6.74,30.34,78,26.5
22-01-2020 07:40,5.4,59,0,27.29,8.48,3.09,0,5.31,0,17.47,6.74,30.34,79,26.5
22-01-2020 07:50,5.3,50,0,27.29,8.48,3.31,0,9.11,0,10.13,6.71,30.35,78,26.6
22-01-2020 08:00,5.2,56,0,27.27,8.48,3.18,0,4.85,0,15.29,6.77,30.34,78,26.6
22-01-2020 08:10,5.3,53,0,27.27,8.48,3.15,0,5.32,0,5.25,6.79,30.34,79,26.6
22-01-2020 08:20,5.2,47,0,27.27,8.48,3.54,0,6.23,0,8,6.81,30.34,78,26.7
22-01-2020 08:30,5.4,50,0,27.27,8.48,3.33,0,2.5,0,11.43,6.82,30.34,79,26.8
22-01-2020 08:40,5.8,48,0,27.28,8.48,3.52,0,6.21,0,8.22,6.83,30.34,75,26.7
22-01-2020 08:50,5.8,46,0,27.28,8.49,3.33,0,4.2,0,8.57,6.86,30.35,78,26.7
22-01-2020 09:00,5.9,48,0,27.28,8.49,3.16,0,4.97,0,25.25,6.89,30.35,79,26.7
22-01-2020 09:10,5.7,50,0,27.3,8.49,3.18,0,4.62,0,16.43,6.91,30.35,79,26.9
22-01-2020 09:20,5.4,43,0,27.3,8.49,3.12,0,5.06,0,5.19,6.93,30.36,77,26.8
22-01-2020 09:30,5.6,46,0,27.31,8.49,3.01,0,4.21,0,6.86,6.94,30.36,78,27
22-01-2020 09:40,5.9,44,0,27.32,8.49,2.85,0,5.33,0,9.21,7,30.37,79,26.9
22-01-2020 09:50,6.3,43,0,27.32,8.5,2.97,0,5.11,0,11.19,7.04,30.38,80,26.8
22-01-2020 10:00,6.5,50,0,27.33,8.5,3.12,0,4.6,0,10.43,7.06,30.37,81,26.9
22-01-2020 10:10,6.7,47,0,27.33,8.5,2.82,0,4.51,0,6.17,7.08,30.37,80,26.9
22-01-2020 10:20,6.4,41,0,27.33,8.5,2.75,0,5.62,0,9.25,7.15,30.38,81,26.9
22-01-2020 10:30,6.3,42,0,27.3,8.46,2.71,0,2.33,0,2.56,6.72,30.42,79,26.9
22-01-2020 10:40,6.8,41,0,27.32,8.47,2.86,0,2.67,0,3.47,6.75,30.44,78,26.8
22-01-2020 10:50,6.4,44,0,27.33,8.49,2.76,0,3.32,0,4.69,6.96,30.44,79,27
22-01-2020 11:00,6.1,42,0,27.37,8.49,2.84,0,2.95,0,4.41,7.02,30.45,77,26.9
22-01-2020 11:10,6.1,44,0,27.41,8.5,2.83,0,3.06,0,4.57,7.11,30.43,79,27
22-01-2020 11:20,6.2,48,0,27.42,8.3,2.83,0,3.54,0,5.34,7.22,30.42,78,27
22-01-2020 11:30,6.2,45,0,27.45,8.3,2.7,0,3.49,0,3.73,7.25,30.43,78,27
22-01-2020 11:40,6.1,46,0,27.47,8.3,2.92,0,3.64,0,6.02,7.31,30.42,77,27
22-01-2020 11:50,5.9,42,0,27.48,8.3,2.76,0,3.75,0,5.09,7.36,30.42,79,27.1
22-01-2020 12:00,5.7,44,0,27.5,8.3,2.78,0,3.58,0,5.04,7.41,30.42,80,27.2
22-01-2020 12:10,5.7,46,0,27.51,8.3,2.67,0,3.42,0,6.39,7.45,30.42,80,27.2
22-01-2020 12:20,5.8,42,0,27.52,8.3,2.74,0,4.02,0,5.3,7.46,30.42,79,27
22-01-2020 12:30,5.9,40,0,27.54,8.3,2.67,0,3.81,0,4.75,7.49,30.42,80,27.1
22-01-2020 12:40,5.9,40,0,27.55,8.3,2.75,0,3.57,0,4.77,7.5,30.42,80,27.2
22-01-2020 12:50,6.1,42,0,27.53,8.3,2.65,0,4.58,0,4.92,7.54,30.42,80,27.2
22-01-2020 13:00,6.1,46,0,27.55,8.3,2.73,0,4.47,0,3.96,7.52,30.43,80,27
22-01-2020 13:10,6.1,43,0,27.54,8.3,2.97,0,4.22,0,5.42,7.54,30.43,80,27.2
22-01-2020 13:20,6.3,48,0,27.54,8.3,2.71,0,3.75,0,5.65,7.44,30.46,81,27.2
22-01-2020 13:30,6.1,45,0,27.56,8.3,2.77,0,3.72,0,8.55,7.5,30.45,81,27.3
22-01-2020 13:40,6.4,40,0,27.54,8.5,2.81,0,2.81,0,4.66,7.22,30.48,80,27.1
22-01-2020 13:50,6.6,39,0,27.48,8.47,2.93,0,3.01,0,4.11,6.78,30.5,80,27
22-01-2020 14:00,6.5,40,0,27.51,8.47,2.94,0,2.32,0,3.21,6.84,30.5,81,27
22-01-2020 14:10,6.3,41,0,27.5,8.48,2.82,0,2.83,0,4.35,6.9,30.5,80,27
22-01-2020 14:20,6.5,39,0,27.5,8.48,2.9,0,3,0,4.66,6.95,30.5,81,27.1
22-01-2020 14:30,6.6,45,0,27.49,8.48,2.88,0,2.96,0,4.2,6.95,30.5,80,27.1
22-01-2020 14:40,6.3,46,0,27.5,8.48,2.95,0,3.62,0,7.06,6.98,30.5,80,27
22-01-2020 14:50,6.2,41,0,27.51,8.47,3.03,0,3.41,0,6.12,6.88,30.5,80,27
22-01-2020 15:00,6.3,45,0,27.51,8.48,3.18,0,5.24,0,8.81,6.91,30.49,82,27.2
22-01-2020 15:10,6.4,43,0,27.49,8.48,3.19,0,5.12,0,3.61,6.91,30.49,81,27
22-01-2020 15:20,6.8,45,0,27.49,8.48,3.25,0,4.81,0,18.19,6.92,30.5,80,27
22-01-2020 15:30,6.5,43,0,27.51,8.48,3.15,0,4.76,0,9.05,6.98,30.48,81,27.1
22-01-2020 15:40,6.4,46,0,27.48,8.48,3.29,0,4.6,0,16.07,6.95,30.49,80,26.9
22-01-2020 15:50,6.6,46,0,27.49,8.48,3.22,0,5.12,0,15.56,6.99,30.48,82,27.1
22-01-2020 16:00,6.6,43,0,27.48,8.48,3.33,0,5.82,0,11.48,7.01,30.5,81,26.9
22-01-2020 16:10,6.8,43,0,27.48,8.48,3.16,0,6.18,0,12.93,7.01,30.48,82,27.2
22-01-2020 16:20,6.7,49,0,27.46,8.48,3.26,0,7.42,0,11.45,6.96,30.48,81,27
22-01-2020 16:30,6.6,51,0,27.45,8.48,3.55,0,5,0,13.06,6.94,30.47,80,27
22-01-2020 16:40,6.5,53,0,27.47,8.48,3.27,0,8.35,0,16.29,7.02,30.47,82,27
22-01-2020 16:50,6.6,49,0,27.47,8.48,3.37,0,5.26,0,17.97,7.06,30.47,81,26.9
22-01-2020 17:00,6.5,47,0,27.47,8.49,3.32,0,16.39,0,25.95,7.09,30.46,81,27
22-01-2020 17:10,6.6,49,0,27.47,8.49,3.4,0,3.61,0,19.65,7.09,30.46,80,26.8
22-01-2020 17:20,6.6,49,0,27.44,8.48,3.43,0,7.09,0,19.08,7.03,30.46,80,26.9
22-01-2020 17:30,6.5,49,0,27.44,8.48,3.44,0,6.46,0,13.3,7,30.45,82,26.9
22-01-2020 17:40,6.3,51,0,27.43,8.48,3.65,0,8.85,0,7.49,6.97,30.45,81,26.8
22-01-2020 17:50,6.1,50,0,27.41,8.47,3.76,0,6.24,0,10.22,6.86,30.45,83,26.8
22-01-2020 18:00,6.2,54,0,27.38,8.47,4.09,0,8.32,0,10.72,6.76,30.45,83,26.9
22-01-2020 18:10,6.6,47,0,27.33,8.46,3.64,0,6.65,0,10.34,6.71,30.44,82,26.7
22-01-2020 18:20,6.2,48,0,27.34,8.46,3.72,0,3.07,0,5.92,6.65,30.44,82,26.7
22-01-2020 18:30,6,52,0,27.26,8.46,3.18,0,4.41,0,6.2,6.68,30.43,82,26.6
22-01-2020 18:40,6.1,54,0,27.26,8.46,3.21,0,3.59,0,5.75,6.65,30.43,84,26.7
22-01-2020 18:50,6.1,56,0,27.26,8.45,3.38,0,3.47,0,5.73,6.62,30.43,83,26.8
22-01-2020 19:00,6.1,52,0,27.25,8.45,3.21,0,3.09,0,5.27,6.58,30.44,83,26.7
22-01-2020 19:10,6.2,53,0,27.26,8.45,3.25,0,3.28,0,5.03,6.59,30.43,82,26.7
22-01-2020 19:20,6.6,53,0,27.26,8.45,3.45,0,3.44,0,5.28,6.57,30.43,83,26.7
22-01-2020 19:30,6.2,54,0,27.25,8.45,3.45,0,2.66,0,3.92,6.53,30.43,82,26.8
22-01-2020 19:40,6.2,52,0,27.24,8.45,3.18,0,2.38,0,3.3,6.49,30.43,82,26.7
22-01-2020 19:50,6.2,52,0,27.23,8.45,3.04,0,2.29,0,2.93,6.46,30.44,81,26.6
22-01-2020 20:00,6.1,47,0,27.24,8.45,3.07,0,2.02,0,2.75,6.47,30.43,82,26.7
22-01-2020 20:10,6.3,55,0,27.23,8.45,3.14,0,2.23,0,2.26,6.45,30.43,83,26.9
22-01-2020 20:20,6.3,54,0,27.24,8.45,3.12,0,1.91,0,2.55,6.46,30.43,81,26.8
22-01-2020 20:30,6.5,53,0,27.24,8.45,3.23,0,2.14,0,3,6.45,30.42,82,26.9
22-01-2020 20:40,6.8,51,0,27.25,8.45,3.22,0,2.47,0,3.42,6.47,30.42,80,26.8
22-01-2020 20:50,6.4,54,0,27.25,8.45,3.65,0,2.11,0,2.92,6.43,30.43,81,26.8
22-01-2020 21:00,6.2,58,0,27.24,8.45,3.39,0,2.29,0,3.31,6.45,30.42,81,26.7
22-01-2020 21:10,6,58,0,27.25,8.45,3.67,0,2.5,0,3.22,6.45,30.42,81,26.8
22-01-2020 21:20,6,61,0,27.24,8.45,3.51,0,2.55,0,3.51,6.44,30.42,80,26.8
22-01-2020 21:30,5.8,57,0,27.24,8.44,3.73,0,2.29,0,3.27,6.41,30.42,79,26.6
22-01-2020 21:40,5.7,61,0,27.24,8.45,3.36,0,2.18,0,2.79,6.45,30.41,80,26.7
22-01-2020 21:50,5.6,64,0,27.25,8.45,3.54,0,1.99,0,2.94,6.46,30.41,79,26.8
22-01-2020 22:00,5.5,63,0,27.24,8.45,3.46,0,2.34,0,2.87,6.47,30.41,78,26.7
22-01-2020 22:10,5.1,60,0,27.24,8.45,3.45,0,2.35,0,3.3,6.49,30.4,79,26.7
22-01-2020 22:20,5.4,56,0,27.25,8.45,3.73,0,2.64,0,3.85,6.48,30.4,78,26.7
22-01-2020 22:30,5.9,54,0,27.24,8.45,3.63,0,2.28,0,3.25,6.48,30.4,79,26.6
22-01-2020 22:40,5.6,58,0,27.24,8.45,3.84,0,2.53,0,3.39,6.47,30.4,83,26.8
22-01-2020 22:50,5.8,57,0,27.23,8.45,3.35,0,2.34,0,2.66,6.46,30.4,81,26.8
22-01-2020 23:00,5.5,65,0,27.23,8.45,3.48,0,1.89,0,2.8,6.45,30.4,76,26.6
22-01-2020 23:10,5.7,67,0,27.24,8.45,3.67,0,2.66,0,3.69,6.45,30.4,79,26.9
22-01-2020 23:20,5.6,65,0,27.24,8.45,3.7,0,2.58,0,3.88,6.44,30.4,79,26.7
22-01-2020 23:30,5.5,64,0,27.24,8.44,4.09,0,2.68,0,3.88,6.42,30.4,81,26.6
22-01-2020 23:40,5.4,64,0,27.24,8.44,4.44,0,2.57,0,4.04,6.42,30.4,80,26.7
22-01-2020 23:50,5.2,67,0,27.22,8.44,3.83,0,2.01,0,2.85,6.43,30.39,80,26.7
23-01-2020 00:00,5.3,69,0,27.22,8.44,4.19,0,2.68,0,3.66,6.42,30.4,80,26.6
23-01-2020 00:10,5.1,66,0,27.21,8.45,3.53,0,2.19,0,2.63,6.44,30.39,80,26.6
23-01-2020 00:20,5,69,0,27.21,8.45,3.55,0,1.9,0,2.43,6.44,30.39,81,26.7
23-01-2020 00:30,5,63,0,27.22,8.44,4.07,0,2.2,0,3,6.43,30.39,80,26.6
23-01-2020 00:40,4.9,62,0,27.22,8.44,3.95,0,2.13,0,2.72,6.43,30.39,80,26.6
23-01-2020 00:50,5.2,59,0,27.21,8.44,3.63,0,1.99,0,2.61,6.43,30.39,80,26.6
23-01-2020 01:00,4.7,68,0,27.23,8.44,4.76,0,2.61,0,3.76,6.41,30.4,82,26.5
23-01-2020 01:10,5.1,67,0,27.21,8.44,4.18,0,2.26,0,3.42,6.42,30.39,82,26.5
23-01-2020 01:20,5.1,59,0,27.21,8.44,3.55,0,1.99,0,2.47,6.42,30.39,81,26.5
23-01-2020 01:30,5.1,63,0,27.22,8.44,4.01,0,2.18,0,2.95,6.41,30.39,82,26.5
23-01-2020 01:40,5,60,0,27.22,8.44,4.26,0,2.47,0,3.84,6.42,30.39,81,26.3
23-01-2020 01:50,5.4,62,0,27.22,8.44,4.31,0,2.04,0,3.26,6.42,30.39,80,26.4
23-01-2020 02:00,5.1,57,0,27.21,8.44,4.02,0,2.48,0,2.96,6.42,30.39,83,26.4
23-01-2020 02:10,5,56,0,27.22,8.44,3.96,0,2.19,0,3.47,6.42,30.39,83,26.5
23-01-2020 02:20,5,57,0,27.21,8.44,4.19,0,2.35,0,3.32,6.41,30.39,82,26.3
23-01-2020 02:30,5.1,52,0,27.2,8.44,3.92,0,2.55,0,3.45,6.4,30.39,81,26.4
23-01-2020 02:40,5.1,52,0,27.21,8.44,4.04,0,2.48,0,3.12,6.4,30.39,83,26.4
23-01-2020 02:50,4.8,54,0,27.2,8.44,4.26,0,2.47,0,3.46,6.39,30.39,83,26.3
23-01-2020 03:00,5,56,0,27.21,8.44,4.9,0,2.45,0,3.98,6.39,30.39,81,26.4
23-01-2020 03:10,5.1,56,0,27.2,8.44,4.09,0,2.1,0,2.78,6.39,30.39,81,26.4
23-01-2020 03:20,5.1,51,0,27.22,8.44,4.82,0,2.65,0,3.68,6.38,30.39,81,26.5
23-01-2020 03:30,5.2,49,0,27.19,8.44,3.45,0,1.63,0,1.7,6.39,30.39,81,26.4
23-01-2020 03:40,5.4,54,0,27.19,8.44,3.67,0,1.83,0,2.2,6.39,30.39,81,26.4
23-01-2020 03:50,5.2,48,0,27.19,8.44,4.41,0,2.23,0,2.96,6.37,30.39,78,26.4
23-01-2020 04:00,5.5,55,0,27.2,8.44,3.97,0,2.2,0,2.49,6.39,30.39,79,26.4
23-01-2020 04:10,5.7,59,0,27.2,8.44,3.95,0,2.28,0,2.64,6.39,30.39,79,26.4
23-01-2020 04:20,5.7,58,0,27.2,8.44,4.51,0,2.47,0,3.15,6.38,30.38,79,26.3
23-01-2020 04:30,6,62,0,27.2,8.44,4.43,0,2.46,0,3.09,6.37,30.38,81,26.4
23-01-2020 04:40,5.4,63,0,27.19,8.44,3.87,0,1.95,0,2.65,6.39,30.38,78,26.4
23-01-2020 04:50,5,58,0,27.17,8.44,3.96,0,1.89,0,2.41,6.37,30.38,82,26.5
23-01-2020 05:00,5.2,57,0,27.19,8.44,4.16,0,2.15,0,2.69,6.37,30.38,80,26.3
23-01-2020 05:10,5.4,52,0,27.19,8.44,4.95,0,2.63,0,2.95,6.36,30.38,81,26.4
23-01-2020 05:20,5,48,0,27.18,8.44,4.58,0,2.18,0,3.04,6.35,30.38,78,26.3
23-01-2020 05:30,4.8,44,0,27.16,8.44,4,0,1.82,0,1.94,6.36,30.38,82,26.4
23-01-2020 05:40,5,48,0,27.16,8.44,4.15,0,2.1,0,2.31,6.36,30.38,79,26.3
23-01-2020 05:50,5.3,44,0,27.17,8.44,4.52,0,1.78,0,2.01,6.35,30.38,81,26.2
23-01-2020 06:00,5.4,49,0,27.18,8.44,4.89,0,2.1,0,2.84,6.34,30.38,81,26.4
23-01-2020 06:10,5.2,46,0,27.15,8.44,3.96,0,1.91,0,2.2,6.34,30.38,82,26.2
23-01-2020 06:20,5.3,45,0,27.17,8.44,4.39,0,1.88,0,2.21,6.34,30.38,83,26.3
23-01-2020 06:30,5.2,47,0,27.16,8.44,4.11,0,1.8,0,1.78,6.34,30.38,84,26.4
23-01-2020 06:40,5.3,44,0,27.17,8.44,4.72,0,2.01,0,2.54,6.33,30.38,81,26.1
23-01-2020 06:50,5.6,44,0,27.15,8.44,4.73,0,1.91,0,2.41,6.33,30.38,81,26.3
23-01-2020 07:00,5.5,40,0,27.15,8.44,4.44,0,1.56,0,1.46,6.33,30.38,82,26.4
23-01-2020 07:10,5.6,45,0,27.16,8.44,4.82,0,1.46,0,1.65,6.32,30.38,82,26.4
23-01-2020 07:20,5.6,40,0,27.15,8.45,4.03,0,1.42,0,1.34,6.33,30.38,82,26.3
23-01-2020 07:30,5.8,39,0,27.16,8.44,4.95,0,1.78,0,2.12,6.32,30.38,81,26.4
23-01-2020 07:40,5.9,37,0,27.16,8.44,4.39,0,1.56,0,2.2,6.32,30.38,80,26.4
23-01-2020 07:50,5.5,37,0,27.16,8.44,5.05,0,1.6,0,2.14,6.29,30.38,84,26.6
23-01-2020 08:00,5.4,40,0,27.16,8.44,4.08,0,1.36,0,1.59,6.31,30.38,82,26.6
23-01-2020 08:10,5.5,46,0,27.17,8.44,4.41,0,1.52,0,1.66,6.3,30.38,81,26.6
23-01-2020 08:20,5.6,48,0,27.17,8.44,4.55,0,1.55,0,1.65,6.28,30.38,79,26.6
23-01-2020 08:30,5.6,44,0,27.17,8.45,4.09,0,1.73,0,1.9,6.31,30.38,80,26.6
23-01-2020 08:40,5.7,43,0,27.19,8.45,3.99,0,1.39,0,1.47,6.32,30.38,82,26.8
23-01-2020 08:50,5.4,42,0,27.2,8.45,3.98,0,1.83,0,2.67,6.33,30.38,79,26.6
23-01-2020 09:00,5.6,40,0,27.21,8.45,4.1,0,1.65,0,1.73,6.32,30.38,78,26.6
23-01-2020 09:10,5.6,39,0,27.24,8.45,3.75,0,1.72,0,2.04,6.4,30.37,79,26.7
23-01-2020 09:20,5.8,37,0,27.25,8.45,3.88,0,1.71,0,1.78,6.4,30.36,78,26.7
23-01-2020 09:30,5.8,41,0,27.26,8.45,3.7,0,1.62,0,1.63,6.4,30.36,80,26.6
23-01-2020 09:40,5.3,39,0,27.27,8.45,3.76,0,1.37,0,1.13,6.4,30.36,81,26.9
23-01-2020 09:50,5.6,41,0,27.28,8.45,3.69,0,1.05,0,0.89,6.43,30.35,79,26.8
23-01-2020 10:00,5.7,38,0,27.3,8.45,3.38,0,1.23,0,1.14,6.48,30.34,78,26.8
23-01-2020 10:10,5.5,44,0,27.31,8.45,3.56,0,1.49,0,1.77,6.48,30.34,79,26.8
23-01-2020 10:20,5.6,40,0,27.35,8.45,3.26,0,1.53,0,1.71,6.56,30.33,81,26.9
23-01-2020 10:30,4.8,46,0,27.38,8.46,2.99,0,1.49,0,1.72,6.6,30.33,79,26.8
23-01-2020 10:40,5.7,40,0,27.42,8.46,3.16,0,1.6,0,1.67,6.62,30.33,80,26.9
23-01-2020 10:50,5.6,48,0,27.43,8.46,3.19,0,1.79,0,1.82,6.65,30.33,79,26.8
23-01-2020 11:00,5.8,41,0,27.45,8.46,3.04,0,1.54,0,1.94,6.66,30.33,80,26.8
23-01-2020 11:10,5.5,48,0,27.45,8.46,3.35,0,1.83,0,2.25,6.69,30.33,80,27
23-01-2020 11:20,5.7,48,0,27.47,8.46,3.19,0,1.9,0,2.83,6.72,30.32,79,26.9
23-01-2020 11:30,5.6,51,0,27.48,8.46,3.19,0,1.87,0,1.76,6.7,30.33,77,26.8
23-01-2020 11:40,5.5,44,0,27.46,8.46,3.08,0,1.88,0,2.26,6.69,30.33,78,26.9
23-01-2020 11:50,5.8,43,0,27.47,8.46,3.08,0,1.64,0,1.39,6.7,30.33,78,26.8
23-01-2020 12:00,5.6,44,0,27.48,8.46,3.09,0,1.94,0,2.38,6.73,30.33,78,26.9
23-01-2020 12:10,5.8,42,0,27.45,8.47,3.22,0,2.01,0,3.02,6.78,30.33,79,27
23-01-2020 12:20,5.8,45,0,27.43,8.46,3.26,0,2.39,0,3.44,6.75,30.33,78,26.8
23-01-2020 12:30,5.6,45,0,27.45,8.46,3.22,0,2.11,0,3.11,6.75,30.33,77,26.7
23-01-2020 12:40,5.4,47,0,27.51,8.47,3.29,0,2.61,0,4.25,6.86,30.33,77,26.7
23-01-2020 12:50,5.2,45,0,27.55,8.47,3.3,0,2.8,0,5.01,6.98,30.32,77,26.8
23-01-2020 13:00,5.2,47,0,27.54,8.47,3.37,0,2.69,0,4.38,6.93,30.33,76,26.8
23-01-2020 13:10,4.9,48,0,27.56,8.47,3.16,0,2.6,0,4.96,6.96,30.33,77,26.8
23-01-2020 13:20,5.5,47,0,27.58,8.48,3.16,0,3.29,0,9,7.01,30.33,77,26.7
23-01-2020 13:30,5.4,43,0,27.56,8.48,3.49,0,3.36,0,4.81,7.03,30.32,78,26.8
23-01-2020 13:40,5.3,43,0,27.59,8.48,3.15,0,2.6,0,4.51,7,30.33,77,26.9
23-01-2020 13:50,5.3,45,0,27.57,8.47,3.24,0,3.04,0,4.43,6.97,30.32,76,26.9
23-01-2020 14:00,4.8,43,0,27.56,8.48,3.28,0,3.26,0,5.19,6.97,30.33,77,26.9
23-01-2020 14:10,3.9,47,0,27.59,8.48,3.18,0,3.21,0,5.12,7.02,30.33,77,26.9
23-01-2020 14:20,3.6,49,0,27.63,8.48,3.26,0,2.88,0,4.36,7.05,30.33,78,27
23-01-2020 14:30,3.4,44,0,27.63,8.48,3.18,0,3.06,0,4.76,7.06,30.33,75,26.8
23-01-2020 14:40,4,44,0,27.66,8.48,3.07,0,2.31,0,3.73,7.01,30.33,78,27
23-01-2020 14:50,4.7,41,0,27.63,8.48,3.1,0,3.21,0,3.76,7.07,30.33,78,26.9
23-01-2020 15:00,4.7,35,0,27.63,8.48,3.04,0,2.81,0,4.26,7.01,30.33,79,27.1
23-01-2020 15:10,4.8,40,0,27.62,8.48,2.89,0,2.4,0,3.79,7.01,30.33,77,27.1
23-01-2020 15:20,5.1,43,0,27.61,8.48,2.9,0,2.3,0,3.4,6.99,30.33,77,27
23-01-2020 15:30,5.4,45,0,27.59,8.48,2.82,0,2.78,0,4.38,6.99,30.33,77,27.1
23-01-2020 15:40,5.4,42,0,27.56,8.48,2.84,0,3.19,0,4.23,6.99,30.33,79,27
23-01-2020 15:50,5.7,45,0,27.56,8.48,2.94,0,3.24,0,4.73,6.99,30.33,77,26.9
23-01-2020 16:00,5.8,39,0,27.61,8.48,3,0,3.67,0,18.55,7.08,30.33,77,26.9
23-01-2020 16:10,5.7,40,0,27.6,8.49,3.02,0,4.13,0,6.48,7.16,30.33,77,26.9
23-01-2020 16:20,5.9,36,0,27.54,8.49,2.96,0,4.66,0,6.73,7.1,30.33,78,26.9
23-01-2020 16:30,6.5,30,0,27.54,8.49,3.07,0,4.67,0,5.61,7.13,30.33,77,26.8
23-01-2020 16:40,6,31,0,27.51,8.49,2.91,0,4.73,0,8.86,7.09,30.33,78,27
23-01-2020 16:50,6,30,0,27.48,8.48,3.11,0,5.16,0,12.23,7.03,30.33,78,26.6
23-01-2020 17:00,5.7,37,0,27.47,8.48,3.15,0,4.34,0,8.77,7,30.33,76,26.9
23-01-2020 17:10,5.7,29,0,27.46,8.48,3.14,0,4.86,0,5.77,6.97,30.33,77,26.9
23-01-2020 17:20,5.3,36,0,27.47,8.48,3.22,0,4.13,0,8.18,6.99,30.33,78,26.9
23-01-2020 17:30,5.3,36,0,27.47,8.48,3.07,0,5.14,0,8.46,7.03,30.33,76,26.7
23-01-2020 17:40,5.4,37,0,27.46,8.48,3.29,0,4.08,0,4.06,7,30.33,78,26.7
23-01-2020 17:50,5.8,33,0,27.44,8.48,3.15,0,4.93,0,9.42,6.98,30.33,77,26.7
23-01-2020 18:00,5.9,33,0,27.43,8.48,3.22,0,4.61,0,8.19,6.93,30.33,79,26.7
23-01-2020 18:10,5.8,34,0,27.42,8.47,3.08,0,5.33,0,11.51,6.9,30.34,78,26.6
23-01-2020 18:20,5.7,29,0,27.41,8.47,3.27,0,4.29,0,7.82,6.85,30.34,81,26.6
23-01-2020 18:30,6,37,0,27.38,8.47,3.26,0,4.48,0,7.05,6.81,30.34,80,26.7
23-01-2020 18:40,5.8,36,0,27.38,8.47,3.35,0,4.82,0,8.56,6.78,30.34,80,26.6
23-01-2020 18:50,5.8,35,0,27.37,8.46,3.31,0,4.58,0,4.62,6.74,30.34,82,26.7
23-01-2020 19:00,5.6,37,0,27.36,8.46,3.38,0,4.02,0,6.58,6.71,30.34,80,26.6
23-01-2020 19:10,5.9,41,0,27.36,8.46,3.31,0,4.12,0,3.42,6.71,30.35,81,26.6
23-01-2020 19:20,5.9,34,0,27.36,8.46,3.35,0,4.01,0,6.41,6.69,30.35,81,26.8
23-01-2020 19:30,6.1,38,0,27.34,8.46,3.25,0,4.13,0,4.72,6.7,30.35,79,26.5
23-01-2020 19:40,5.8,40,0,27.32,8.46,3.29,0,3.69,0,5.12,6.65,30.35,80,26.6
23-01-2020 19:50,6.2,45,0,27.32,8.46,3.26,0,4.06,0,4.37,6.63,30.35,80,26.6
23-01-2020 20:00,6.2,34,0,27.3,8.46,3.27,0,3.19,0,5.38,6.6,30.36,82,26.6
23-01-2020 20:10,6.6,38,0,27.3,8.46,3.28,0,3.34,0,4.35,6.55,30.36,80,26.6
23-01-2020 20:20,6.8,34,0,27.27,8.45,3.49,0,3.4,0,6.87,6.51,30.37,81,26.6
23-01-2020 20:30,6.8,33,0,27.25,8.45,3.37,0,2.94,0,4.44,6.5,30.37,80,26.6
23-01-2020 20:40,6.4,38,0,27.23,8.45,3.58,0,2.87,0,4.58,6.44,30.38,79,26.5
23-01-2020 20:50,6.5,40,0,27.2,8.45,3.34,0,2.35,0,3.1,6.42,30.38,81,26.6
23-01-2020 21:00,6.2,42,0,27.18,8.45,3.47,0,1.92,0,2.5,6.39,30.39,80,26.6
23-01-2020 21:10,6.2,39,0,27.2,8.45,3.43,0,2.15,0,2.53,6.41,30.39,78,26.4
23-01-2020 21:20,5.7,40,0,27.2,8.45,3.63,0,1.85,0,2.81,6.36,30.4,79,26.6
23-01-2020 21:30,5.9,38,0,27.18,8.45,3.7,0,2.21,0,3.32,6.4,30.4,78,26.6
23-01-2020 21:40,5.8,35,0,27.3,8.47,2.96,0,3.26,0,5.41,6.68,30.36,79,26.5
23-01-2020 21:50,5.6,37,0,27.3,8.47,3.09,0,3.24,0,5.01,6.68,30.36,80,26.6
23-01-2020 22:00,5.2,37,0,27.31,8.46,3.17,0,3.07,0,5.19,6.65,30.36,78,26.4
23-01-2020 22:10,5.2,43,0,27.3,8.46,3.16,0,3.29,0,12.96,6.62,30.36,80,26.4
23-01-2020 22:20,5.2,36,0,27.29,8.46,3.17,0,3.14,0,5.07,6.57,30.36,79,26.5
23-01-2020 22:30,5,39,0,27.34,8.46,2.91,0,3.32,0,5.02,6.61,30.32,78,26.3
23-01-2020 22:40,4.9,38,0,27.36,8.46,2.97,0,3.69,0,5.48,6.62,30.32,78,26.3
23-01-2020 22:50,4.9,34,0,27.37,8.46,3.06,0,3.61,0,17.64,6.6,30.33,78,26.3
23-01-2020 23:00,4.7,32,0,27.35,8.46,3.21,0,3.39,0,5,6.57,30.33,80,26.4
23-01-2020 23:10,4.2,41,0,27.35,8.45,3.19,0,3.66,0,5.56,6.54,30.34,79,26.2
23-01-2020 23:20,4.2,33,0,27.33,8.45,3.37,0,3.37,0,5.04,6.5,30.35,76,26.1
23-01-2020 23:30,3.8,34,0,27.31,8.45,3.48,0,2.85,0,4.41,6.41,30.34,77,26.1
23-01-2020 23:40,3.7,44,0,27.29,8.45,3.49,0,2.6,0,3.26,6.36,30.34,79,26.2
23-01-2020 23:50,3.7,40,0,27.29,8.44,3.75,0,2.46,0,3.31,6.35,30.33,78,26.3
24-01-2020 00:00,3.4,29,0,27.29,8.44,3.59,0,2.77,0,3.6,6.33,30.33,77,26.2
24-01-2020 00:10,3.2,39,0,27.29,8.44,3.74,0,2.02,0,2.81,6.32,30.33,76,26.1
24-01-2020 00:20,3.3,39,0,27.28,8.44,3.98,0,2.16,0,3.03,6.32,30.33,76,26.1
24-01-2020 00:30,3.1,39,0,27.26,8.44,3.48,0,2.15,0,2.54,6.33,30.31,79,26.2
24-01-2020 00:40,3.1,48,0,27.28,8.44,3.62,0,2.18,0,2.67,6.34,30.31,78,26.1
24-01-2020 00:50,3.2,42,0,27.27,8.45,3.56,0,2.22,0,2.72,6.35,30.31,77,26.1
24-01-2020 01:00,3.5,41,0,27.27,8.45,3.55,0,2.06,0,2.68,6.36,30.31,77,26
24-01-2020 01:10,3.6,40,0,27.27,8.45,3.68,0,2.05,0,2.4,6.35,30.31,75,25.9
24-01-2020 01:20,3.8,46,0,27.28,8.44,4.18,0,2.13,0,2.91,6.34,30.32,76,26
24-01-2020 01:30,4,36,0,27.27,8.45,4.25,0,2.23,0,3.01,6.34,30.32,77,26.1
24-01-2020 01:40,3.9,34,0,27.24,8.45,3.53,0,1.91,0,2.68,6.39,30.31,75,25.8
24-01-2020 01:50,4,33,0,27.25,8.45,3.69,0,1.96,0,2.65,6.37,30.31,76,25.9
24-01-2020 02:00,4.2,32,0,27.26,8.45,3.8,0,1.78,0,2.43,6.36,30.31,78,25.9
24-01-2020 02:10,4.2,34,0,27.27,8.44,3.99,0,2.22,0,2.87,6.35,30.31,79,25.9
24-01-2020 02:20,4.3,32,0,27.26,8.44,3.9,0,1.96,0,2.52,6.34,30.31,78,25.9
24-01-2020 02:30,4.2,26,0,27.25,8.45,3.71,0,2.06,0,2.23,6.37,30.31,76,25.7
24-01-2020 02:40,4.1,17,0,27.24,8.45,3.4,0,1.88,0,2.24,6.39,30.3,77,25.7
24-01-2020 02:50,3,5,0,27.24,8.45,3.63,0,1.88,0,2.25,6.38,30.3,80,25.5
24-01-2020 03:00,3,1,0,27.23,8.45,3.55,0,2.19,0,2.23,6.37,30.3,80,25.6
24-01-2020 03:10,3,358,0,27.24,8.44,3.68,0,2.11,0,2.27,6.36,30.3,77,25.3
24-01-2020 03:20,3,357,0,27.24,8.44,3.67,0,1.83,0,1.99,6.35,30.31,79,25.3
24-01-2020 03:30,2.6,352,0,27.25,8.44,4.12,0,2.24,0,2.91,6.34,30.3,80,25.2
24-01-2020 03:40,2.5,0,0,27.24,8.44,3.83,0,2.13,0,2.4,6.33,30.3,82,25.3
24-01-2020 03:50,1.9,328,0,27.21,8.44,3.68,0,2.43,0,2.32,6.34,30.31,83,25
24-01-2020 04:00,2,332,0,27.23,8.44,3.57,0,2.28,0,2.6,6.32,30.31,83,24.8
24-01-2020 04:10,2.2,324,0,27.23,8.44,4.2,0,2.05,0,2.47,6.31,30.31,83,24.6
24-01-2020 04:20,2.5,322,0,27.21,8.44,3.52,0,1.68,0,1.84,6.35,30.3,83,24.3
24-01-2020 04:30,2.5,333,0,27.19,8.44,3.36,0,1.77,0,1.63,6.33,30.3,85,24.5
24-01-2020 04:40,2.6,328,0,27.22,8.44,3.47,0,2.26,0,2.9,6.34,30.3,85,24.4
24-01-2020 04:50,2.1,322,0,27.19,8.44,3.55,0,1.73,0,1.6,6.34,30.3,86,24
24-01-2020 05:00,2.5,322,0,27.17,8.44,3.3,0,1.52,0,1.37,6.36,30.3,86,24.1
24-01-2020 05:10,2.3,316,0,27.18,8.44,3.18,0,1.47,0,1.52,6.35,30.3,88,23.8
24-01-2020 05:20,2.2,321,0,27.18,8.44,3.27,0,1.66,0,1.47,6.36,30.3,88,23.7
24-01-2020 05:30,2.6,325,0,27.19,8.44,3.49,0,1.87,0,2.46,6.33,30.3,88,23.8
24-01-2020 05:40,2.7,332,0,27.21,8.44,3.82,0,1.85,0,2.12,6.32,30.3,88,23.8
24-01-2020 05:50,2.6,333,0,27.19,8.44,4.09,0,2,0,2.76,6.27,30.3,88,23.6
24-01-2020 06:00,2.6,324,0,27.19,8.44,4.07,0,2.07,0,3.15,6.27,30.3,90,23.5
24-01-2020 06:10,2.3,315,0,27.16,8.44,3.73,0,1.93,0,2.42,6.3,30.3,91,23.3
24-01-2020 06:20,2.6,316,0,27.22,8.44,4.13,0,2.16,0,3.15,6.28,30.31,91,23.4
24-01-2020 06:30,3,320,0,27.21,8.44,4.45,0,2.29,0,2.82,6.29,30.3,91,23.2
24-01-2020 06:40,2.8,320,0,27.18,8.44,3.62,0,1.69,0,1.36,6.34,30.3,92,23.4
24-01-2020 06:50,2.5,319,0,27.19,8.44,3.66,0,1.62,0,1.54,6.36,30.3,92,23.4
24-01-2020 07:00,2.1,323,0,27.18,8.44,3.41,0,1.49,0,1.46,6.35,30.29,92,23.4
24-01-2020 07:10,1.8,326,0,27.16,8.44,3.33,0,1.31,0,1.11,6.37,30.29,91,23.3
24-01-2020 07:20,1.9,319,0,27.17,8.44,3.3,0,1.42,0,0.96,6.36,30.3,91,23.4
24-01-2020 07:30,1.8,315,0,27.16,8.45,3.45,0,1.25,0,1.01,6.37,30.3,91,23.7
24-01-2020 07:40,2.3,318,0,27.18,8.44,3.55,0,1.3,0,1.04,6.36,30.29,90,23.8
24-01-2020 07:50,3,322,0,27.17,8.44,3.5,0,1.18,0,0.57,6.36,30.29,88,24
24-01-2020 08:00,2.9,336,0,27.17,8.44,3.85,0,1.4,0,1.51,6.35,30.3,88,24.3
24-01-2020 08:10,2.9,337,0,27.18,8.44,3.73,0,1.31,0,0.83,6.34,30.3,87,24.5
24-01-2020 08:20,3.1,337,0,27.19,8.44,3.68,0,1.35,0,0.93,6.35,30.3,86,24.6
24-01-2020 08:30,2.6,343,0,27.21,8.44,3.79,0,1.45,0,1.22,6.34,30.3,85,24.9
24-01-2020 08:40,2.2,341,0,27.2,8.45,3.7,0,1.21,0,0.75,6.37,30.3,85,25.1
24-01-2020 08:50,2.1,337,0,27.23,8.45,3.68,0,1.24,0,1.05,6.38,30.3,83,25.1
24-01-2020 09:00,2.5,21,0,27.24,8.45,3.58,0,1.36,0,0.91,6.4,30.26,78,25.6
24-01-2020 09:10,3.1,28,0,27.25,8.45,3.68,0,1.29,0,0.68,6.43,30.3,79,25.8
24-01-2020 09:20,3,26,0,27.27,8.45,3.8,0,1.34,0,1.21,6.43,30.3,78,25.8
24-01-2020 09:30,3.2,29,0,27.25,8.44,4.06,0,1.44,0,1.33,6.42,30.3,79,25.9
24-01-2020 09:40,3,29,0,27.29,8.45,3.77,0,1.34,0,0.62,6.43,30.3,79,25.8
24-01-2020 09:50,2.8,34,0,27.26,8.45,3.75,0,1.02,0,0.61,6.43,30.29,81,26.1
24-01-2020 10:00,3,32,0,27.27,8.45,3.7,0,1.11,0,0.5,6.43,30.29,80,25.9
24-01-2020 10:10,3,33,0,27.3,8.44,3.84,0,1.03,0,0.51,6.4,30.3,79,25.9
24-01-2020 10:20,2.7,30,0,27.3,8.44,4.43,0,1.11,0,0.39,6.36,30.29,79,26.1
24-01-2020 10:30,2.6,32,0,27.35,8.44,4.44,0,1.03,0,0.71,6.32,30.3,79,26.1
24-01-2020 10:40,2.6,32,0,27.42,8.45,3.86,0,1.11,0,0.05,6.43,30.3,79,26.1
24-01-2020 10:50,3,46,0,27.5,8.45,3.39,0,0.89,0,0.05,6.54,30.3,75,26.2
24-01-2020 11:00,2.9,47,0,27.38,8.45,3.99,0,1.16,0,0.72,6.43,30.31,77,26.2
24-01-2020 11:10,3.5,43,0,27.48,8.45,3.64,0,1.2,0,0.69,6.54,30.31,76,26.2
24-01-2020 11:20,3.7,39,0,27.51,8.45,3.63,0,1.2,0,0.58,6.59,30.29,76,26.2
24-01-2020 11:30,3.4,43,0,27.57,8.46,3.24,0,0.92,0,0,6.61,30.3,74,26.1
24-01-2020 11:40,3.5,43,0,27.59,8.46,3.1,0,0.84,0,0,6.64,30.3,75,26.1
24-01-2020 11:50,3.9,44,0,27.62,8.46,3.17,0,0.82,0,0.02,6.66,30.3,76,26.1
24-01-2020 12:00,3.7,45,0,27.59,8.46,3.28,0,0.88,0,0,6.67,30.3,75,26.2
24-01-2020 12:10,3.7,53,0,27.62,8.46,3.24,0,0.94,0,0.16,6.7,30.3,76,26.1
24-01-2020 12:20,4,46,0,27.61,8.46,3,0,1.04,0,0.32,6.73,30.3,77,26.1
24-01-2020 12:30,3.8,40,0,27.67,8.46,3.14,0,1.03,0,0.12,6.74,30.3,76,26
24-01-2020 12:40,4,42,0,27.65,8.46,3.13,0,1.15,0,0.37,6.76,30.3,78,26.2
24-01-2020 12:50,4.2,38,0,27.65,8.47,3.06,0,1.25,0,0.38,6.77,30.3,76,26
24-01-2020 13:00,4.7,45,0,27.62,8.47,3.54,0,1.2,0,0.93,6.78,30.3,78,26.1
24-01-2020 13:10,4.6,43,0,27.65,8.47,3.39,0,1.25,0,0.61,6.79,30.3,77,26.2
24-01-2020 13:20,4.9,41,0,27.62,8.47,3.27,0,1.25,0,0.45,6.81,30.3,78,26.2
24-01-2020 13:30,4.8,38,0,27.62,8.47,3.37,0,1.27,0,0.98,6.82,30.3,78,26.2
24-01-2020 13:40,5.1,42,0,27.63,8.47,3.35,0,1.36,0,0.95,6.84,30.3,76,26.1
24-01-2020 13:50,5.2,40,0,27.6,8.47,3.51,0,1.73,0,1.49,6.85,30.3,77,26.1
24-01-2020 14:00,5.1,41,0,27.63,8.47,3.46,0,1.93,0,2.01,6.88,30.3,77,26.1
24-01-2020 14:10,5.5,37,0,27.67,8.47,3.45,0,1.54,0,1.71,6.91,30.3,77,26.1
24-01-2020 14:20,5.4,32,0,27.7,8.47,3.43,0,1.62,0,1.78,6.94,30.3,78,26.2
24-01-2020 14:30,5.4,30,0,27.63,8.47,3.38,0,2.18,0,2.74,6.96,30.3,76,26.2
24-01-2020 14:40,5.1,31,0,27.63,8.48,3.35,0,1.97,0,2.81,6.98,30.3,76,26.2
24-01-2020 14:50,4.9,36,0,27.74,8.48,3.35,0,2.2,0,2.54,7.03,30.3,77,26.3
24-01-2020 15:00,4.8,35,0,27.74,8.48,3.37,0,1.95,0,2.64,7.04,30.3,79,26.4
24-01-2020 15:10,5,38,0,27.73,8.48,3.26,0,2.2,0,2.97,7.05,30.3,77,26.3
24-01-2020 15:20,4.8,41,0,27.72,8.48,3.28,0,2.12,0,3.14,7.06,30.3,78,26.4
24-01-2020 15:30,5,40,0,27.71,8.48,3.16,0,2.34,0,3.3,7.07,30.3,76,26.3
24-01-2020 15:40,4.9,41,0,27.74,8.48,3.33,0,2.07,0,2.73,7.1,30.31,76,26.4
24-01-2020 15:50,4.9,44,0,27.72,8.48,3.24,0,2.63,0,3.97,7.11,30.31,75,26.4
24-01-2020 16:00,5.2,48,0,27.72,8.49,3.24,0,2.85,0,4.23,7.14,30.31,77,26.5
24-01-2020 16:10,5.2,40,0,27.7,8.49,3.28,0,2.81,0,4.32,7.14,30.31,78,26.6
24-01-2020 16:20,5.2,38,0,27.68,8.49,3.33,0,2.98,0,4.94,7.16,30.31,76,26.6
24-01-2020 16:30,5.3,39,0,27.66,8.49,3.13,0,2.79,0,4.59,7.18,30.3,76,26.4
24-01-2020 16:40,4.6,34,0,27.64,8.49,3.16,0,3.1,0,5.14,7.19,30.31,75,26.3
24-01-2020 16:50,4.2,38,0,27.64,8.49,3.09,0,3.41,0,3.32,7.22,30.31,75,26.5
24-01-2020 17:00,4.5,38,0,27.62,8.49,3.14,0,3.37,0,5,7.21,30.3,74,26.4
24-01-2020 17:10,4.4,31,0,27.61,8.49,3.06,0,3.47,0,8.87,7.21,30.31,76,26.3
24-01-2020 17:20,4.1,27,0,27.6,8.49,3.13,0,3.11,0,4.84,7.22,30.31,76,26.5
24-01-2020 17:30,4.5,31,0,27.59,8.49,3.05,0,2.96,0,3.54,7.21,30.31,74,26.3
24-01-2020 17:40,4.7,32,0,27.58,8.49,3.07,0,3.52,0,5.58,7.19,30.31,74,26.2
24-01-2020 17:50,4.7,32,0,27.57,8.49,3.02,0,2.95,0,4.82,7.18,30.31,76,26.3
24-01-2020 18:00,5.3,24,0,27.55,8.48,3.19,0,4.34,0,2.57,7.1,30.31,73,26
24-01-2020 18:10,5.2,31,0,27.54,8.48,2.98,0,3.48,0,4.55,7.1,30.31,77,26.2
24-01-2020 18:20,5,23,0,27.53,8.48,3.09,0,4.24,0,2,7.12,30.31,77,26.1
24-01-2020 18:30,4.9,32,0,27.52,8.48,3.07,0,4.13,0,5.39,7.09,30.32,77,26.1
24-01-2020 18:40,4.8,29,0,27.49,8.48,3.03,0,3.76,0,2.08,7.04,30.32,78,26.1
24-01-2020 18:50,4.8,33,0,27.49,8.48,3.01,0,4.06,0,4.58,7.06,30.32,77,26.1
24-01-2020 19:00,4.7,28,0,27.47,8.48,3.18,0,3.91,0,5.31,7.03,30.32,77,26.1
24-01-2020 19:10,4.5,28,0,27.44,8.48,3,0,3.58,0,6.53,7.02,30.32,77,26.1
24-01-2020 19:20,4.5,38,0,27.44,8.48,3.08,0,3.62,0,5.44,7.01,30.32,74,26
24-01-2020 19:30,4.3,37,0,27.42,8.48,3.08,0,3.73,0,4.94,7.02,30.32,74,26
24-01-2020 19:40,4,39,0,27.42,8.48,3.01,0,3.38,0,5.43,7,30.32,74,26
24-01-2020 19:50,4.4,37,0,27.42,8.48,3.04,0,3.34,0,5.08,6.99,30.32,72,26
24-01-2020 20:00,3.9,39,0,27.4,8.48,2.89,0,3.41,0,6.18,6.95,30.33,77,26.2
24-01-2020 20:10,4.2,35,0,27.4,8.48,3.01,0,3.38,0,5.33,6.92,30.33,75,26.1
24-01-2020 20:20,4.3,40,0,27.41,8.47,2.97,0,3.16,0,3.4,6.9,30.34,74,26
24-01-2020 20:30,4.2,42,0,27.42,8.47,3.12,0,3.04,0,4.82,6.86,30.34,75,26.1
24-01-2020 20:40,4.6,43,0,27.38,8.47,3.05,0,2.93,0,4.96,6.87,30.34,74,26.1
24-01-2020 20:50,4.6,44,0,27.38,8.47,3.04,0,3.08,0,4.54,6.87,30.34,75,26
24-01-2020 21:00,4.6,45,0,27.37,8.47,2.88,0,2.93,0,4.41,6.88,30.34,74,26.1
24-01-2020 21:10,4.7,48,0,27.34,8.47,2.89,0,3.21,0,4.33,6.89,30.34,75,26
24-01-2020 21:20,4.6,35,0,27.34,8.47,2.81,0,2.83,0,4.29,6.86,30.34,75,26
24-01-2020 21:30,4.9,44,0,27.35,8.47,2.94,0,3.07,0,4.39,6.82,30.34,74,26.1
24-01-2020 21:40,4.7,47,0,27.33,8.47,2.89,0,2.95,0,4.21,6.82,30.34,74,26.1
24-01-2020 21:50,5.1,44,0,27.32,8.47,2.91,0,2.88,0,4.12,6.78,30.35,74,26.1
24-01-2020 22:00,4.9,39,0,27.32,8.47,3.08,0,3.2,0,4.92,6.75,30.35,73,26
24-01-2020 22:10,4.3,37,0,27.33,8.5,2.62,0,3.28,0,4.73,7.16,30.34,76,26
24-01-2020 22:20,4.5,32,0,27.33,8.49,2.52,0,3.66,0,5.34,7.12,30.34,73,25.9
24-01-2020 22:30,4.6,25,0,27.32,8.49,2.39,0,4.13,0,6.59,7.15,30.34,72,25.9
24-01-2020 22:40,4.3,22,0,27.33,8.5,2.42,0,4.21,0,5.52,7.25,30.33,74,25.9
24-01-2020 22:50,4.6,32,0,27.33,8.5,2.39,0,4.14,0,5.01,7.26,30.33,74,25.9
24-01-2020 23:00,4.7,38,0,27.34,8.5,2.38,0,4.71,0,5.46,7.31,30.32,73,25.7
24-01-2020 23:10,4.5,46,0,27.33,8.5,2.33,0,4.22,0,8.27,7.32,30.32,74,25.8
24-01-2020 23:20,4.5,39,0,27.33,8.5,2.35,0,3.78,0,5.96,7.29,30.32,73,25.8
24-01-2020 23:30,4.2,41,0,27.32,8.5,2.37,0,4.4,0,4.25,7.31,30.32,73,25.8
24-01-2020 23:40,4.4,44,0,27.32,8.5,2.44,0,5.26,0,10.18,7.31,30.32,76,25.8
24-01-2020 23:50,4.3,44,0,27.31,8.5,2.57,0,4.5,0,6.32,7.3,30.33,71,25.5
25-01-2020 00:00,4.3,38,0,27.3,8.5,2.38,0,4.81,0,7.42,7.3,30.32,76,25.7
25-01-2020 00:10,4.1,44,0,27.31,8.5,2.47,0,5.27,0,5.45,7.29,30.33,72,25.5
25-01-2020 00:20,3.8,50,0,27.32,8.5,2.36,0,4.91,0,5.43,7.32,30.32,76,25.6
25-01-2020 00:30,4.2,49,0,27.31,8.5,2.49,0,5,0,7.26,7.29,30.31,77,25.8
25-01-2020 00:40,4.1,45,0,27.31,8.5,2.38,0,4.65,0,5.66,7.26,30.32,76,25.5
25-01-2020 00:50,4.3,42,0,27.31,8.5,2.49,0,3.67,0,4.64,7.24,30.32,74,25.5
25-01-2020 01:00,4.1,43,0,27.32,8.5,2.44,0,4.14,0,3.65,7.22,30.33,75,25.5
25-01-2020 01:10,4.2,41,0,27.33,8.5,2.54,0,5.16,0,6.21,7.22,30.33,74,25.4
25-01-2020 01:20,4.8,47,0,27.32,8.5,2.7,0,4.52,0,7.74,7.21,30.33,75,25.5
25-01-2020 01:30,4.5,40,0,27.32,8.49,2.68,0,4.37,0,6.35,7.18,30.33,76,25.3
25-01-2020 01:40,4.5,41,0,27.31,8.49,2.73,0,4.06,0,4.8,7.16,30.33,75,25.4
25-01-2020 01:50,4.4,41,0,27.33,8.49,3.1,0,4.36,0,6.35,7.14,30.33,77,25.4
25-01-2020 02:00,4.5,31,0,27.31,8.49,2.71,0,4.03,0,6.93,7.14,30.33,77,25.4
25-01-2020 02:10,4,36,0,27.33,8.49,2.94,0,4.9,0,8.23,7.13,30.33,76,25.3
25-01-2020 02:20,4.2,33,0,27.31,8.49,2.91,0,4.01,0,6.25,7.1,30.33,75,25.1
25-01-2020 02:30,3.8,23,0,27.32,8.49,2.86,0,3.96,0,5.82,7.1,30.33,75,25.1
25-01-2020 02:40,4.1,20,0,27.3,8.49,2.78,0,3.67,0,4.15,7.1,30.32,77,25.2
25-01-2020 02:50,3.9,31,0,27.29,8.49,2.75,0,3.74,0,5.15,7.09,30.32,78,25.4
25-01-2020 03:00,3.8,28,0,27.31,8.49,2.81,0,4.08,0,4.79,7.09,30.32,77,25.1
25-01-2020 03:10,3.8,29,0,27.31,8.49,2.93,0,3.42,0,2.46,7.02,30.31,77,25.2
25-01-2020 03:20,3.6,23,0,27.31,8.48,3.16,0,3.49,0,4.56,6.96,30.31,78,25.2
25-01-2020 03:30,2.9,8,0,27.29,8.48,3.21,0,3.6,0,4.88,6.91,30.32,77,25.1
25-01-2020 03:40,3.3,357,0,27.29,8.48,2.86,0,2.99,0,4.56,6.86,30.31,79,24.9
25-01-2020 03:50,2.7,345,0,27.24,8.48,2.77,0,2.72,0,3.77,6.82,30.31,80,24.5
25-01-2020 04:00,2.5,322,0,27.19,8.48,2.42,0,2.33,0,2.16,6.8,30.31,80,24.2
25-01-2020 04:10,2.4,320,0,27.2,8.48,2.34,0,2.53,0,3.05,6.83,30.31,82,24
25-01-2020 04:20,2.7,325,0,27.21,8.48,2.44,0,2.44,0,2.35,6.8,30.31,83,24
25-01-2020 04:30,2.5,311,0,27.18,8.48,2.45,0,2.27,0,2.9,6.82,30.31,85,23.5
25-01-2020 04:40,2.2,306,0,27.17,8.48,2.36,0,2.2,0,2.11,6.8,30.31,85,23.4
25-01-2020 04:50,2.6,301,0,27.19,8.48,2.32,0,1.96,0,1.61,6.79,30.31,85,23.2
25-01-2020 05:00,2.9,308,0,27.15,8.48,2.32,0,1.85,0,1.95,6.79,30.31,86,23
25-01-2020 05:10,2.6,310,0,27.16,8.48,2.24,0,1.59,0,2.05,6.77,30.31,87,23
25-01-2020 05:20,2.6,309,0,27.16,8.48,2.25,0,1.92,0,1.2,6.77,30.31,87,22.9
25-01-2020 05:30,2.5,301,0,27.17,8.48,2.21,0,1.67,0,0.63,6.75,30.3,88,23
25-01-2020 05:40,2.6,301,0,27.17,8.47,2.17,0,1.61,0,1.05,6.72,30.3,89,23.1
25-01-2020 05:50,2.5,296,0,27.17,8.47,2.11,0,1.18,0,0.21,6.7,30.29,89,22.9
25-01-2020 06:00,2.6,302,0,27.17,8.47,2.1,0,1.3,0,0.53,6.69,30.29,90,23.1
25-01-2020 06:10,2.6,304,0,27.19,8.47,2.08,0,1.37,0,0.77,6.67,30.29,91,23
25-01-2020 06:20,2.4,311,0,27.19,8.47,2.08,0,1.38,0,0.65,6.68,30.29,91,22.9
25-01-2020 06:30,2.3,304,0,27.19,8.47,2.14,0,2.47,0,1.13,6.67,30.3,92,22.8
25-01-2020 06:40,2.4,317,0,27.19,8.47,2.12,0,1.35,0,0.24,6.67,30.3,91,22.8
25-01-2020 06:50,2.2,303,0,27.19,8.47,2.12,0,1.43,0,0.58,6.67,30.29,92,22.9
25-01-2020 07:00,2.1,312,0,27.19,8.47,2.11,0,1.2,0,0.29,6.67,30.3,92,23
25-01-2020 07:10,2.8,310,0,27.17,8.47,2.22,0,1.42,0,0.16,6.65,30.3,93,22.9
25-01-2020 07:20,3.3,320,0,27.19,8.47,2.16,0,1.29,0,0.24,6.66,30.3,92,23.1
25-01-2020 07:30,3.4,319,0,27.18,8.47,2.13,0,1.17,0,0.09,6.65,30.3,92,23.1
25-01-2020 07:40,3.5,321,0,27.19,8.47,2.1,0,1.37,0,0,6.65,30.3,92,23.4
25-01-2020 07:50,3.1,322,0,27.18,8.47,2.3,0,1.6,0,0.56,6.68,30.3,91,23.5
25-01-2020 08:00,3.2,327,0,27.19,8.47,2.16,0,0.96,0,0,6.68,30.3,90,23.6
25-01-2020 08:10,3,327,0,27.18,8.47,2.24,0,1.28,0,0,6.69,30.3,88,23.8
25-01-2020 08:20,2.8,331,0,27.2,8.47,2.22,0,1.1,0,0,6.67,30.3,87,23.9
25-01-2020 08:30,2.8,325,0,27.21,8.47,2.24,0,1.05,0,0,6.64,30.3,86,24.3
25-01-2020 08:40,2.6,334,0,27.22,8.47,2.22,0,0.9,0,0,6.66,30.3,84,24.4
25-01-2020 08:50,1.9,347,0,27.22,8.47,2.13,0,0.72,0,0,6.69,30.3,81,24.6
25-01-2020 09:00,1.5,357,0,27.23,8.47,2.15,0,0.79,0,0,6.7,30.3,81,25.1
25-01-2020 09:10,2.1,5,0,27.24,8.47,2.18,0,0.8,0,0,6.7,30.3,79,25
25-01-2020 09:20,2,27,0,27.26,8.47,2.34,0,0.54,0,0,6.72,30.3,74,25.2
25-01-2020 09:30,2.4,19,0,27.28,8.47,2.28,0,0.7,0,0,6.72,30.3,75,25.4
25-01-2020 09:40,1.8,38,0,27.31,8.47,2.37,0,0.65,0,0,6.7,30.3,73,25.3
25-01-2020 09:50,1.8,38,0,27.34,8.47,2.32,0,0.7,0,0,6.68,30.3,74,25.3
25-01-2020 10:00,1.3,47,0,27.37,8.47,2.85,0,0.76,0,0,6.66,30.31,75,26.1
25-01-2020 10:10,1.9,41,0,27.41,8.47,2.42,0,0.72,0,0,6.64,30.31,73,26
25-01-2020 10:20,1.9,40,0,27.43,8.47,2.27,0,0.66,0,0,6.67,30.31,75,25.9
25-01-2020 10:30,2.7,47,0,27.44,8.48,2.29,0,0.6,0,0,6.7,30.31,74,25.6
25-01-2020 10:40,2.7,57,0,27.46,8.48,2.26,0,0.65,0,0,6.71,30.3,76,25.7
25-01-2020 10:50,3,37,0,27.47,8.48,2.22,0,0.55,0,0,6.71,30.3,76,25.6
25-01-2020 11:00,4,43,0,27.49,8.48,2.23,0,0.7,0,0,6.73,30.31,77,25.4
25-01-2020 11:10,3.8,47,0,27.49,8.48,2.52,0,0.52,0,0,6.75,30.31,78,25.5
25-01-2020 11:20,4.4,54,0,27.51,8.48,2.28,0,0.61,0,0,6.77,30.31,78,25.5
25-01-2020 11:30,4.4,55,0,27.5,8.48,2.29,0,0.58,0,0,6.78,30.31,79,25.5
25-01-2020 11:40,4.8,54,0,27.5,8.48,2.42,0,0.85,0,0,6.81,30.31,79,25.5
25-01-2020 11:50,4.4,55,0,27.53,8.48,2.35,0,0.59,0,0,6.81,30.31,79,25.4
25-01-2020 12:00,4.1,58,0,27.54,8.48,2.38,0,0.59,0,0,6.82,30.31,79,25.5
25-01-2020 12:10,4,55,0,27.54,8.48,2.34,0,0.65,0,0,6.84,30.31,80,25.5
25-01-2020 12:20,4,52,0,27.54,8.48,2.4,0,0.68,0,0,6.86,30.31,80,25.6
25-01-2020 12:30,4.2,50,0,27.56,8.48,2.34,0,0.79,0,0,6.87,30.31,75,25.7
25-01-2020 12:40,4.2,53,0,27.55,8.48,2.38,0,0.72,0,0,6.89,30.31,76,25.8
25-01-2020 12:50,4.3,58,0,27.58,8.48,2.36,0,0.7,0,0,6.9,30.31,75,25.7
25-01-2020 13:00,4,52,0,27.58,8.48,2.31,0,0.54,0,0,6.91,30.31,77,25.8
25-01-2020 13:10,4.6,56,0,27.61,8.49,2.28,0,0.67,0,0,6.93,30.31,78,25.8
25-01-2020 13:20,4.8,50,0,27.62,8.48,2.29,0,0.73,0,0,6.93,30.31,77,25.9
25-01-2020 13:30,4.5,57,0,27.62,8.48,2.28,0,0.66,0,0,6.95,30.31,75,25.8
25-01-2020 13:40,4.4,57,0,27.62,8.49,2.37,0,0.58,0,0,7.02,30.31,75,25.8
25-01-2020 13:50,4.6,62,0,27.63,8.49,2.33,0,0.71,0,0,7.06,30.31,74,25.8
25-01-2020 14:00,4.1,60,0,27.64,8.49,2.35,0,0.59,0,0,7.05,30.31,75,25.9
25-01-2020 14:10,4.3,57,0,27.66,8.49,2.27,0,0.59,0,0,7.05,30.32,77,26.1
25-01-2020 14:20,4.5,54,0,27.66,8.49,2.3,0,0.66,0,0,7.07,30.32,77,26
25-01-2020 14:30,4.2,62,0,27.64,8.49,2.31,0,0.74,0,0,7.12,30.32,76,26
25-01-2020 14:40,4.3,69,0,27.65,8.49,2.26,0,0.71,0,0,7.14,30.32,75,26
25-01-2020 14:50,4,73,0,27.64,8.49,2.35,0,0.87,0,0,7.16,30.32,76,26
25-01-2020 15:00,4.2,67,0,27.64,8.49,2.28,0,0.93,0,0,7.15,30.32,75,26
25-01-2020 15:10,4.5,65,0,27.63,8.49,2.26,0,0.7,0,0,7.14,30.32,76,26
25-01-2020 15:20,4.2,65,0,27.64,8.49,2.23,0,0.71,0,0,7.13,30.32,77,26.1
25-01-2020 15:30,4.5,66,0,27.63,8.49,2.18,0,0.74,0,0,7.16,30.32,76,26.2
25-01-2020 15:40,4.4,70,0,27.62,8.49,2.19,0,0.71,0,0,7.16,30.32,77,26.3
25-01-2020 15:50,4,77,0,27.61,8.49,2.17,0,0.69,0,0,7.17,30.32,75,26.3
25-01-2020 16:00,3.9,71,0,27.61,8.49,2.22,0,0.65,0,0,7.21,30.32,77,26.3
25-01-2020 16:10,3.5,76,0,27.61,8.49,2.17,0,0.9,0,0,7.25,30.32,76,26.3
25-01-2020 16:20,3.6,75,0,27.61,8.5,2.18,0,0.83,0,0,7.29,30.32,76,26.5
25-01-2020 16:30,3.8,70,0,27.61,8.5,2.26,0,0.91,0,0,7.3,30.32,75,26.3
25-01-2020 16:40,4,68,0,27.6,8.5,2.15,0,0.94,0,0,7.29,30.32,74,26.2
25-01-2020 16:50,3.8,67,0,27.61,8.5,2.16,0,1.04,0,0,7.32,30.32,76,26.3
25-01-2020 17:00,3.9,56,0,27.61,8.5,2.2,0,1.05,0,0,7.32,30.32,75,26.4
25-01-2020 17:10,4.2,54,0,27.6,8.5,2.17,0,1.05,0,0,7.33,30.32,74,26.2
25-01-2020 17:20,4.2,59,0,27.61,8.5,2.17,0,0.88,0,0,7.3,30.32,74,26.3
25-01-2020 17:30,4.4,51,0,27.6,8.5,2.2,0,1.12,0,0,7.28,30.32,76,26.4
25-01-2020 17:40,4.1,54,0,27.59,8.5,2.23,0,1.28,0,0.01,7.31,30.32,75,26.4
25-01-2020 17:50,4.5,51,0,27.58,8.5,2.15,0,1.36,0,0.23,7.25,30.32,77,26.1
25-01-2020 18:00,4.5,55,0,27.56,8.5,2.23,0,1.12,0,0.14,7.25,30.32,75,26
25-01-2020 18:10,4.4,54,0,27.55,8.5,2.19,0,1.53,0,0.67,7.26,30.32,76,25.9
25-01-2020 18:20,3.7,51,0,27.55,8.5,2.17,0,1.69,0,0.34,7.25,30.32,77,26.1
25-01-2020 18:30,4.3,57,0,27.53,8.5,2.32,0,1.61,0,0.46,7.26,30.33,77,26
25-01-2020 18:40,4.3,54,0,27.52,8.5,2.25,0,1.74,0,1.39,7.25,30.33,76,25.9
25-01-2020 18:50,4,62,0,27.5,8.5,2.21,0,1.73,0,1.16,7.26,30.33,76,26
25-01-2020 19:00,3.8,55,0,27.48,8.5,2.24,0,1.98,0,1.58,7.27,30.33,74,25.9
25-01-2020 19:10,4.1,55,0,27.49,8.5,2.37,0,2.36,0,2.12,7.28,30.33,78,26.1
25-01-2020 19:20,4,58,0,27.45,8.5,2.18,0,2.13,0,1.7,7.27,30.33,76,26
25-01-2020 19:30,4.3,63,0,27.46,8.5,2.37,0,2.18,0,2.21,7.26,30.33,75,25.9
25-01-2020 19:40,4.2,55,0,27.45,8.5,2.67,0,2.89,0,2.93,7.24,30.33,76,26
25-01-2020 19:50,4.5,45,0,27.43,8.5,3.56,0,2.46,0,2.37,7.25,30.33,79,26.1
25-01-2020 20:00,4.9,48,0,27.43,8.5,2.42,0,2.4,0,2.3,7.26,30.33,76,26
25-01-2020 20:10,4.4,51,0,27.42,8.5,2.33,0,2.29,0,2.3,7.26,30.34,75,26
25-01-2020 20:20,4.1,56,0,27.42,8.5,2.38,0,2.63,0,2.52,7.27,30.33,77,26
25-01-2020 20:30,3.6,57,0,27.42,8.5,2.44,0,2.4,0,2.96,7.25,30.33,77,26.1
25-01-2020 20:40,3.7,63,0,27.41,8.5,2.76,0,3.13,0,3.68,7.24,30.33,76,26
25-01-2020 20:50,3.8,56,0,27.43,8.5,2.31,0,2.26,0,2.15,7.23,30.33,77,26.1
25-01-2020 21:00,4,58,0,27.47,8.5,2.33,0,2.74,0,2.8,7.24,30.33,76,26.1
25-01-2020 21:10,3.9,62,0,27.48,8.5,2.31,0,2.25,0,2.7,7.27,30.33,76,26.1
25-01-2020 21:20,3.8,58,0,27.47,8.5,2.43,0,2.75,0,3.85,7.3,30.33,74,26
25-01-2020 21:30,3.7,55,0,27.49,8.5,2.31,0,2.85,0,3.37,7.32,30.33,74,26
25-01-2020 21:40,3.6,53,0,27.5,8.5,2.52,0,2.74,0,3.81,7.32,30.33,73,26
25-01-2020 21:50,3.3,57,0,27.49,8.5,2.32,0,3.07,0,4.28,7.34,30.33,77,26.1
25-01-2020 22:00,3.5,65,0,27.48,8.5,2.36,0,3.16,0,4.52,7.35,30.33,76,26.1
25-01-2020 22:10,3.7,59,0,27.47,8.3,2.31,0,2.39,0,3.58,7.35,30.33,78,26.1
25-01-2020 22:20,3.7,53,0,27.49,8.3,2.32,0,3.38,0,4.83,7.39,30.33,75,25.9
25-01-2020 22:30,3.3,60,0,27.48,8.3,2.4,0,3.19,0,4.79,7.37,30.33,74,26
25-01-2020 22:40,3.2,56,0,27.44,8.3,2.33,0,3.19,0,3.58,7.35,30.34,74,25.8
25-01-2020 22:50,2.7,62,0,27.46,8.5,2.41,0,2.91,0,3.64,7.35,30.33,72,25.9
25-01-2020 23:00,2,65,0,27.45,8.5,2.63,0,3.04,0,4.16,7.33,30.33,76,26.1
25-01-2020 23:10,2.3,71,0,27.45,8.5,2.43,0,3.7,0,4.33,7.32,30.33,71,25.9
25-01-2020 23:20,2.4,68,0,27.46,8.5,2.46,0,3.5,0,4.88,7.31,30.33,75,26
25-01-2020 23:30,2.5,64,0,27.45,8.5,2.92,0,3.38,0,4.23,7.32,30.33,75,26
25-01-2020 23:40,2.1,80,0,27.46,8.5,2.34,0,3.54,0,4.85,7.31,30.33,72,25.8
25-01-2020 23:50,2.1,107,0,27.46,8.5,2.34,0,3.6,0,4.76,7.31,30.33,71,25.8
26-01-2020 00:00,2.2,102,0,27.46,8.5,2.33,0,3.35,0,5.12,7.28,30.33,71,25.8
26-01-2020 00:10,2.1,97,0,27.46,8.5,2.39,0,3.53,0,5.12,7.28,30.33,75,25.9
26-01-2020 00:20,2.2,106,0,27.47,8.5,2.38,0,4.96,0,4.69,7.31,30.33,74,25.8
26-01-2020 00:30,2.2,105,0,27.46,8.5,2.29,0,4.62,0,5.89,7.29,30.33,73,25.8
26-01-2020 00:40,2.4,108,0,27.46,8.5,3.57,0,4.08,0,6.37,7.31,30.32,75,25.9
26-01-2020 00:50,2.4,127,0,27.44,8.5,2.38,0,4.47,0,5.89,7.26,30.32,75,25.9
26-01-2020 01:00,2.5,128,0,27.45,8.5,2.44,0,3.31,0,4.61,7.25,30.32,76,25.9
26-01-2020 01:10,2.4,141,0,27.45,8.5,2.32,0,3.27,0,4.29,7.26,30.32,75,25.8
26-01-2020 01:20,2.6,141,0,27.46,8.5,2.39,0,4.4,0,5.8,7.24,30.32,73,25.8
26-01-2020 01:30,2.1,134,0,27.45,8.5,2.29,0,4.11,0,3.75,7.21,30.32,74,25.8
26-01-2020 01:40,2,127,0,27.44,8.5,2.3,0,5.48,0,2.31,7.23,30.32,73,25.8
26-01-2020 01:50,2.2,147,0,27.43,8.5,2.29,0,4.11,0,5.02,7.21,30.32,75,25.7
26-01-2020 02:00,2,137,0,27.42,8.5,2.3,0,4.16,0,10.11,7.2,30.32,75,25.7
26-01-2020 02:10,2.4,146,0,27.41,8.5,2.33,0,4.22,0,4.69,7.18,30.32,74,25.7
26-01-2020 02:20,1.9,138,0,27.4,8.49,2.42,0,4.19,0,4.48,7.16,30.32,72,25.7
26-01-2020 02:30,1.6,163,0,27.38,8.49,2.44,0,4.21,0,6.6,7.09,30.32,73,25.6
26-01-2020 02:40,1.9,172,0,27.37,8.48,2.68,0,3.65,0,4.86,6.87,30.33,74,25.7
26-01-2020 02:50,1.9,163,0,27.36,8.48,2.6,0,3.56,0,5.05,6.9,30.34,74,25.7
26-01-2020 03:00,1.8,179,0,27.36,8.48,2.74,0,3.44,0,5.32,6.88,30.33,76,25.6
26-01-2020 03:10,1.6,262,0,27.32,8.48,2.63,0,3.64,0,4.4,6.8,30.33,81,24.7
26-01-2020 03:20,2.2,277,0,27.29,8.48,2.89,0,2.91,0,3.87,6.74,30.33,83,24.2
26-01-2020 03:30,2.5,279,0,26.75,8.38,3.36,0,3.39,0,4.46,6.18,29.42,84,23.9
26-01-2020 03:40,2.4,274,0,26.91,8.4,3.09,0,2.97,0,3.82,6.22,29.66,84,23.9
26-01-2020 03:50,2.4,267,0,26.99,8.41,3.03,0,2.87,0,4.67,6.3,29.76,85,23.7
26-01-2020 04:00,2.6,275,0,26.95,8.43,2.68,0,3.29,0,4.39,6.51,29.89,86,23.6
26-01-2020 04:10,3.1,282,0,27.12,8.45,2.55,0,3.28,0,2.59,6.74,30.09,88,23.5
26-01-2020 04:20,3.2,284,0,27.16,8.46,2.5,0,3.99,0,1.07,6.74,30.14,88,23.4
26-01-2020 04:30,3.2,278,0,27.19,8.46,2.47,0,3.41,0,4.83,6.75,30.16,88,23.3
26-01-2020 04:40,3.1,280,0,27.27,8.47,2.38,0,4.15,0,1.48,6.88,30.25,87,23.2
26-01-2020 04:50,3.1,278,0,27.31,8.48,2.44,0,5.07,0,10.17,6.94,30.3,88,23.2
26-01-2020 05:00,3,272,0,27.28,8.48,2.43,0,5.32,0,2.59,6.94,30.32,87,22.9
26-01-2020 05:10,2.7,280,0,27.27,8.48,2.38,0,4.45,0,6.41,6.94,30.33,88,22.9
26-01-2020 05:20,3,271,0,27.25,8.48,2.18,0,3.89,0,5.18,6.95,30.34,88,22.9
26-01-2020 05:30,2.8,276,0,27.24,8.48,2.33,0,3.52,0,5.35,6.91,30.34,87,22.8
26-01-2020 05:40,3.1,280,0,27.24,8.48,2.35,0,5.44,0,10.04,6.93,30.32,88,22.7
26-01-2020 05:50,3.2,294,0,27.25,8.48,2.43,0,5.29,0,10.76,7.01,30.31,89,22.7
26-01-2020 06:00,3.9,294,0,27.28,8.48,2.31,0,4.69,0,6.73,7.01,30.3,88,22.5
26-01-2020 06:10,4,289,0,27.2,8.47,2.55,0,5.71,0,9.87,6.88,30.2,89,22.8
26-01-2020 06:20,3.9,294,0,27.11,8.46,2.57,0,4.92,0,5.47,6.77,30.17,89,22.6
26-01-2020 06:30,4,292,0,27.07,8.45,2.7,0,4.31,0,9.98,6.7,30.09,89,22.5
26-01-2020 06:40,3.7,291,0,27.13,8.46,2.61,0,4.26,0,6.46,6.75,30.15,88,22.4
26-01-2020 06:50,3.8,293,0,27.04,8.44,2.85,0,5.09,0,4.81,6.62,30.05,90,22.6
26-01-2020 07:00,3.8,290,0,27.12,8.45,2.87,0,4.84,0,7.67,6.67,30.07,89,22.5
26-01-2020 07:10,3.8,289,0,27.18,8.46,2.72,0,5.08,0,2.76,6.84,30.16,88,22.6
26-01-2020 07:20,4.1,299,0,27.18,8.46,2.67,0,3.84,0,16.54,6.87,30.16,88,22.7
26-01-2020 07:30,3.5,296,0,27.21,8.46,2.74,0,5.4,0,10.08,6.87,30.16,87,22.9
26-01-2020 07:40,3.4,283,0,27.21,8.46,2.57,0,5.03,0,8.25,6.92,30.17,86,23.1
26-01-2020 07:50,3.3,290,0,27.21,8.47,2.62,0,4.65,0,7.08,6.94,30.18,85,23.4
26-01-2020 08:00,4,292,0,27.22,8.47,2.72,0,5.05,0,5.35,6.94,30.18,84,23.5
26-01-2020 08:10,3.9,287,0,27.23,8.47,2.6,0,5.26,0,12.12,7.03,30.17,83,23.8
26-01-2020 08:20,3.7,286,0,27.27,8.49,2.61,0,4.95,0,7.58,7.17,30.24,82,24
26-01-2020 08:30,3.8,290,0,27.25,8.49,2.37,0,3.59,0,5.91,7.25,30.18,83,24.2
26-01-2020 08:40,3.2,288,0,27.28,8.49,2.43,0,3.6,0,4.84,7.3,30.24,81,24.4
26-01-2020 08:50,3,293,0,27.31,8.5,2.29,0,3.47,0,5.06,7.33,30.29,80,24.7
26-01-2020 09:00,2.5,284,0,27.33,8.5,2.3,0,3.59,0,5.29,7.33,30.3,78,25.1
26-01-2020 09:10,2,266,0,27.36,8.5,2.36,0,2.71,0,3.48,7.36,30.3,77,25.6
26-01-2020 09:20,1.5,270,0,27.39,8.5,2.43,0,3.24,0,4.48,7.3,30.3,76,25.8
26-01-2020 09:30,0.8,245,0,27.44,8.49,2.5,0,3.11,0,3.59,7.34,30.25,73,26.4
26-01-2020 09:40,0.6,226,0,27.49,8.49,2.53,0,2.9,0,4.33,7.31,30.25,73,26.9
26-01-2020 09:50,1,189,0,27.55,8.5,2.56,0,2.72,0,3.76,7.39,30.26,72,26.9
26-01-2020 10:00,1.3,181,0,27.61,8.5,2.5,0,2.69,0,3.69,7.45,30.28,73,26.3
26-01-2020 10:10,1.6,152,0,27.58,8.5,2.48,0,3.98,0,5.07,7.52,30.28,74,26.1
26-01-2020 10:20,1.8,151,0,27.66,8.5,2.58,0,2.79,0,2.95,7.51,30.29,77,26.2
26-01-2020 10:30,2.2,155,0,27.66,8.3,4.07,0,3.14,0,4.26,7.54,30.29,77,26
26-01-2020 10:40,2.8,147,0,27.64,8.3,2.58,0,2.34,0,3.22,7.56,30.31,77,25.9
26-01-2020 10:50,3.2,152,0,27.62,8.3,2.69,0,2.52,0,3.6,7.61,30.32,76,25.9
26-01-2020 11:00,3.4,152,0,27.67,8.3,2.46,0,2.39,0,3.24,7.67,30.32,78,26
26-01-2020 11:10,3,147,0,27.69,8.3,3.14,0,2.77,0,3.08,7.78,30.32,77,25.9
26-01-2020 11:20,3.2,142,0,27.74,8.3,2.5,0,2.51,0,3.35,7.83,30.32,78,25.9
26-01-2020 11:30,3,138,0,27.72,8.3,2.7,0,4.1,0,9.67,7.9,30.32,77,26
26-01-2020 11:40,3.1,135,0,27.76,8.3,2.39,0,3.52,0,5.12,8.02,30.31,74,26.1
26-01-2020 11:50,3.2,138,0,27.81,8.3,2.45,0,3.17,0,3.82,8.11,30.31,74,26.1
26-01-2020 12:00,3.1,137,0,27.84,8.3,2.49,0,4.51,0,6.97,8.21,30.31,76,26
26-01-2020 12:10,2.9,137,0,27.88,8.3,2.55,0,4.57,0,5.06,8.35,30.31,76,26
26-01-2020 12:20,2.8,139,0,27.96,8.3,3.03,0,4.53,0,3.33,8.39,30.31,73,26.2
26-01-2020 12:30,3.1,140,0,28.02,8.3,2.95,0,3.79,0,6.17,8.44,30.31,72,26.4
26-01-2020 12:40,3.5,148,0,28.07,8.3,2.79,0,4.6,0,7.06,8.54,30.31,74,26.2
26-01-2020 12:50,3,149,0,28.12,8.3,2.8,0,5.3,0,4.62,8.73,30.3,73,26.4
26-01-2020 13:00,3,145,0,28.19,8.3,2.76,0,5.61,0,9.05,8.98,30.29,73,26.3
26-01-2020 13:10,2.7,132,0,28.27,8.3,2.93,0,5.3,0,27.15,8.2,30.3,75,26.3
26-01-2020 13:20,2.8,129,0,28.31,8.3,3.17,0,8.97,0,14.69,8.2,30.29,73,26.4
26-01-2020 13:30,3.2,125,0,28.3,8.3,3.31,0,5.06,0,8.92,8.2,30.29,75,26.3
26-01-2020 13:40,3.1,129,0,28.27,8.3,3.15,0,6.54,0,9.99,8.2,30.29,76,26.5
26-01-2020 13:50,2.9,137,0,28.22,8.3,2.68,0,5.35,0,9.8,8.2,30.3,75,26.4
26-01-2020 14:00,3.2,132,0,28.21,8.3,2.85,0,5.35,0,7.98,8.2,30.31,75,26.2
26-01-2020 14:10,3.1,130,0,28.2,8.3,2.93,0,9.79,0,22.97,8.2,30.31,74,26.5
26-01-2020 14:20,3,129,0,28.21,8.3,2.7,0,3.77,0,6,8.2,30.33,76,26.5
26-01-2020 14:30,2.9,135,0,28.27,8.3,2.75,0,5.66,0,8.97,8.2,30.33,75,26.4
26-01-2020 14:40,3.2,140,0,28.25,8.3,2.61,0,4.58,0,8.18,8.2,30.33,76,26.4
26-01-2020 14:50,3,132,0,28.35,8.3,2.8,0,6.05,0,10.55,8.2,30.33,77,26.4
26-01-2020 15:00,3,143,0,28.39,8.3,2.73,0,4.92,0,10.21,8.2,30.32,77,26.6
26-01-2020 15:10,2.8,141,0,28.96,8.3,4.22,0,6.82,0,13.21,8.94,29.67,78,26.6
26-01-2020 15:20,2.6,135,0,29.18,8.38,4.84,0,6.56,0,8.32,7.29,28.61,75,26.6
26-01-2020 15:30,2.7,124,0,29.22,8.25,5.69,0,5.15,0,8.67,5.65,27.75,77,26.6
26-01-2020 15:40,2.8,128,0,28.89,8.39,5.03,0,8.34,0,15.16,6.81,28.67,78,26.6
26-01-2020 15:50,2.9,137,0,29.07,8.25,5.72,0,6.24,0,6.28,5.29,27.94,73,26.6
26-01-2020 16:00,3.2,130,0,28.92,8.2,6.02,0,6.85,0,8.51,4.67,27.44,69,27
26-01-2020 16:10,2.9,130,0,28.81,8.2,6.5,0,7.64,0,22.16,4.52,27.34,71,27
26-01-2020 16:20,2.7,134,0,28.84,8.11,7.18,0,7.3,0,14.95,3.82,26.88,72,26.9
26-01-2020 16:30,2.9,131,0,28.24,8.37,5.76,0,9.66,0,14.43,6.38,28.93,71,26.9
26-01-2020 16:40,2.6,128,0,28.23,8.42,4.71,0,11.2,0,24.89,6.7,29.46,70,26.9
26-01-2020 16:50,2.5,132,0,28.22,8.45,4.39,0,10.94,0,16.74,7.17,29.52,71,26.9
26-01-2020 17:00,2.7,118,0,28.43,8.31,5.28,0,12.4,0,27.87,5.83,28.58,70,26.8
26-01-2020 17:10,2.7,121,0,28.46,8.3,5.84,0,8.14,0,21.02,5.57,28.54,71,26.7
26-01-2020 17:20,2.9,117,0,28.37,8.32,5.53,0,6.83,0,12.84,5.93,28.49,70,26.6
26-01-2020 17:30,3,117,0,28.29,8.37,5.02,0,11,0,18.68,6.6,28.96,71,26.7
26-01-2020 17:40,3.1,116,0,28.36,8.43,4.51,0,16.86,0,27.38,7.07,29.42,70,26.6
26-01-2020 17:50,3.4,111,0,28.42,8.38,4.92,0,20.99,0,31.42,6.67,29.02,73,26.6
26-01-2020 18:00,3.5,112,0,28.44,8.45,4.41,0,37.66,0,32.48,7.34,29.34,75,26.7
26-01-2020 18:10,3.7,108,0,28.32,8.3,5.14,0,10.56,0,11.61,5.79,28.39,74,26.6
26-01-2020 18:20,3.6,107,0,28.38,8.35,5.02,0,10.62,0,19.96,6.31,28.69,73,26.6
26-01-2020 18:30,3.4,108,0,28.34,8.35,5.11,0,5.94,0,11.51,6.28,28.62,70,26.6
26-01-2020 18:40,3.6,114,0,28.17,8.31,5.33,0,19.71,0,10.73,5.9,28.25,72,26.6
26-01-2020 18:50,3.3,108,0,28.11,8.33,6.11,0,14.2,0,17.46,6.02,28.25,74,26.6
26-01-2020 19:00,3.4,107,0,28.17,8.32,6.07,0,10.38,0,16.18,5.91,28.16,75,26.6
26-01-2020 19:10,3.5,110,0,28.04,8.29,9.33,0,7.95,0,14.19,5.36,27.81,78,26.8
26-01-2020 19:20,3.8,113,0,28.09,8.3,6.73,0,9.41,0,13.58,5.33,27.95,76,26.6
26-01-2020 19:30,3.2,117,0,28.13,8.34,6.85,0,6.16,0,8.42,5.83,28.14,74,26.5
26-01-2020 19:40,3.3,121,0,27.86,8.29,6.79,0,12.88,0,21.88,5.28,27.76,75,26.5
26-01-2020 19:50,2.9,118,0,28.09,8.42,5.68,0,10.25,0,12.59,6.92,28.39,77,26.5
26-01-2020 20:00,3.1,118,0,28.01,8.4,5.54,0,14.98,0,12.08,6.99,28.61,76,26.4
26-01-2020 20:10,3,112,0,27.83,8.38,5.68,0,11.04,0,16.08,6.69,28.42,77,26.6
26-01-2020 20:20,3.3,117,0,27.78,8.37,5.92,0,9.08,0,13.7,6.52,28.27,75,26.4
26-01-2020 20:30,2.9,111,0,27.8,8.39,5.82,0,6.68,0,11.57,6.76,28.32,77,26.6
26-01-2020 20:40,2.8,114,0,27.74,8.41,5.48,0,12.5,0,28,7.02,28.53,77,26.5
26-01-2020 20:50,3,110,0,27.74,8.41,5.91,0,10.1,0,12.84,7.01,28.55,77,26.5
26-01-2020 21:00,2.9,109,0,27.87,8.47,5.33,0,11.77,0,14.3,7.27,28.98,76,26.4
26-01-2020 21:10,2.9,112,0,27.97,8.5,5.08,0,9.92,0,21.51,8.13,28.96,77,26.5
26-01-2020 21:20,2.7,112,0,27.72,8.44,5.42,0,10.03,0,15.19,7.22,28.73,75,26.5
26-01-2020 21:30,2.8,114,0,27.65,8.42,5.67,0,7.6,0,25.7,6.8,28.6,76,26.4
26-01-2020 21:40,3,116,0,27.66,8.42,5.9,0,8.6,0,15.74,6.49,28.58,76,26.4
26-01-2020 21:50,2.8,111,0,27.64,8.44,5.32,0,9.61,0,16.74,7.03,28.76,76,26.5
26-01-2020 22:00,2.7,112,0,27.81,8.48,5.02,0,8.99,0,15,7.57,28.98,77,26.5
26-01-2020 22:10,3,112,0,27.82,8.48,5.38,0,12.55,0,19.07,7.19,29.05,77,26.4
26-01-2020 22:20,2.4,119,0,27.93,8.3,4.86,0,11.7,0,24.77,7.64,29.3,75,26.4
26-01-2020 22:30,2.6,119,0,27.88,8.3,4.85,0,11.63,0,17.83,7.67,29.29,79,26.6
26-01-2020 22:40,2.8,121,0,27.82,8.3,4.29,0,11.48,0,16.84,7.93,29.43,76,26.4
26-01-2020 22:50,2.8,122,0,27.67,8.3,4.77,0,7.56,0,11.16,7.65,29.28,77,26.5
26-01-2020 23:00,2.7,119,0,27.62,8.3,4.35,0,12.04,0,35.58,7.96,29.43,76,26.4
26-01-2020 23:10,2.7,126,0,27.91,8.3,2.45,0,6.54,0,13.6,8.2,30.29,77,26.4
26-01-2020 23:20,2.8,132,0,27.94,8.3,2.55,0,14.25,0,25.03,8.2,30.28,76,26.4
26-01-2020 23:30,2.9,128,0,27.9,8.3,2.55,0,8.48,0,12.55,8.2,30.28,78,26.4
26-01-2020 23:40,2.5,130,0,27.93,8.3,2.52,0,17.59,0,20.39,8.2,30.28,77,26.4
26-01-2020 23:50,2.5,132,0,27.89,8.3,2.63,0,9,0,19.85,8.2,30.24,78,26.3
27-01-2020 00:00,2.4,143,0,27.88,8.3,2.49,0,16.95,0,25.02,8.2,30.24,77,26.2
27-01-2020 00:10,2,144,0,27.65,8.3,3.28,0,11.52,0,7.32,8.66,29.74,78,26.3
27-01-2020 00:20,2.2,142,0,27.41,8.3,4.36,0,11.93,0,20.61,7.66,29.31,78,26.3
27-01-2020 00:30,2.3,142,0,27.39,8.5,4.47,0,8.11,0,13.97,7.3,29.19,77,26.2
27-01-2020 00:40,1.9,150,0,27.53,8.3,4.45,0,18.89,0,39.89,7.36,29.27,79,26.3
27-01-2020 00:50,2.1,152,0,27.59,8.5,4.25,0,11.01,0,17.7,7.23,29.28,80,26.2
27-01-2020 01:00,2.4,157,0,27.53,8.48,4.49,0,11.53,0,33.03,7.04,29.18,78,26.2
27-01-2020 01:10,2.1,160,0,27.49,8.47,4.49,0,9.36,0,23.19,6.88,29.12,78,26.1
27-01-2020 01:20,2.1,166,0,27.43,8.46,4.44,0,8.13,0,15.36,6.81,29.11,78,26.2
27-01-2020 01:30,2.2,158,0,27.44,8.45,4.62,0,12.47,0,20.06,6.85,29.16,79,26.2
27-01-2020 01:40,2,181,0,27.47,8.45,4.43,0,28.18,0,47.39,6.85,29.3,78,26.1
27-01-2020 01:50,2,175,0,27.45,8.45,4.35,0,14.46,0,26.89,6.85,29.27,79,26
27-01-2020 02:00,2.1,176,0,27.37,8.45,4.41,0,12.93,0,15.44,6.84,29.22,79,26.1
27-01-2020 02:10,1.8,192,0,27.35,8.45,4.41,0,15.24,0,37.49,6.8,29.18,82,25.8
27-01-2020 02:20,1.6,250,0,27.5,8.46,4.25,0,13.54,0,26.85,6.9,29.29,83,25.4
27-01-2020 02:30,2,254,0,27.4,8.46,4.18,0,14.77,0,27.26,6.88,29.28,84,25.3
27-01-2020 02:40,1.7,270,0,27.23,8.45,4.57,0,10.39,0,19.44,6.79,29.27,85,25.2
27-01-2020 02:50,1.8,266,0,27.2,8.46,4.21,0,9.87,0,24.94,6.76,29.31,85,25
27-01-2020 03:00,1.8,266,0,27.41,8.49,5.05,0,12.67,0,26.02,6.89,29.63,85,25
27-01-2020 03:10,2.2,280,0,27.6,8.3,3.61,0,10.09,0,16.46,7.06,29.78,86,24.6
27-01-2020 03:20,2.5,283,0,27.6,8.3,3.69,0,11.3,0,24.91,7.22,29.84,87,24.4
27-01-2020 03:30,2.6,281,0,27.49,8.3,3.59,0,9.47,0,20.4,7.41,29.81,88,24.3
27-01-2020 03:40,2.6,283,0,27.5,8.3,3.61,0,14.48,0,33.28,7.06,29.86,89,24.2
27-01-2020 03:50,2.7,285,0,27.66,8.3,3.45,0,19.61,0,29.49,7.22,30.07,89,24
27-01-2020 04:00,2.6,275,0,27.61,8.2,3.29,0,11.82,0,16.31,7.47,30.16,90,23.9
27-01-2020 04:10,2.6,274,0,27.59,8.2,2.82,0,5.16,0,16.86,7.6,30.23,91,24
27-01-2020 04:20,2.8,276,0,27.69,8.2,2.59,0,6.24,0,19.36,8.16,30.3,90,23.8
27-01-2020 04:30,2.9,272,0,27.6,8.2,2.79,0,7.85,0,27.4,7.86,30.26,90,23.7
27-01-2020 04:40,2.7,274,0,27.5,8.2,2.67,0,6.19,0,7.47,7.62,30.26,90,23.7
27-01-2020 04:50,2.7,273,0,27.49,8.2,2.55,0,6.27,0,1.51,7.95,30.31,90,23.7
27-01-2020 05:00,2.5,272,0,27.44,8.2,2.91,0,6.75,0,9.45,7.45,30.25,90,23.7
27-01-2020 05:10,2.5,265,0,27.43,8.2,2.93,0,7.33,0,19.42,7.37,30.25,90,23.8
27-01-2020 05:20,2.5,267,0,27.42,8.2,2.73,0,8.51,0,12.44,7.48,30.27,89,23.8
27-01-2020 05:30,2.3,271,0,27.42,8.2,3.33,0,4.7,0,5.22,7.68,30.29,90,23.7
27-01-2020 05:40,2.7,274,0,27.41,8.2,2.71,0,5.63,0,10.21,7.68,30.28,90,23.7
27-01-2020 05:50,2.9,273,0,27.38,8.2,2.47,0,5.87,0,20.74,7.66,30.29,91,23.8
27-01-2020 06:00,2.9,272,0,27.38,8.2,2.37,0,5.65,0,7.14,7.84,30.3,90,23.6
27-01-2020 06:10,3,274,0,27.38,8.2,2.47,0,5.29,0,6.05,7.86,30.3,90,23.6
27-01-2020 06:20,2.9,277,0,27.38,8.2,2.54,0,4.6,0,1.56,7.88,30.31,91,23.6
27-01-2020 06:30,2.8,275,0,27.34,8.2,2.76,0,5.4,0,9.12,7.5,30.27,91,23.4
27-01-2020 06:40,2.7,277,0,27.31,8.2,2.78,0,4.66,0,7.64,7.28,30.23,91,23.4
27-01-2020 06:50,2.5,273,0,27.28,8.49,3.19,0,8.11,0,15.02,6.99,30.16,91,23.5
27-01-2020 07:00,2.4,272,0,27.3,8.5,2.96,0,5.97,0,10.02,7.18,30.18,91,23.5
27-01-2020 07:10,2.3,271,0,27.31,8.2,2.83,0,5.58,0,8.54,7.27,30.21,90,23.6
27-01-2020 07:20,2.2,270,0,27.28,8.49,3.26,0,5.77,0,16.58,7.13,30.16,89,23.8
27-01-2020 07:30,2.2,274,0,27.26,8.48,3.19,0,5.73,0,4.4,6.98,30.12,88,24
27-01-2020 07:40,2.3,274,0,27.3,8.49,5.15,0,4.59,0,4.55,7.15,30.18,88,24.2
27-01-2020 07:50,2.4,273,0,27.32,8.5,3.26,0,5.56,0,10.02,7.27,30.21,86,24.5
27-01-2020 08:00,2.5,260,0,27.32,8.5,2.95,0,4.47,0,5.15,7.24,30.23,84,24.7
27-01-2020 08:10,2.6,258,0,27.32,8.2,2.96,0,4.76,0,5.2,7.3,30.26,83,25
27-01-2020 08:20,2.7,255,0,27.35,8.2,2.97,0,4.01,0,4.86,7.43,30.29,82,25.2
27-01-2020 08:30,2.6,253,0,27.32,8.5,3.16,0,4.76,0,6.9,7.24,30.27,81,25.4
27-01-2020 08:40,2.6,248,0,27.34,8.5,3.31,0,3.84,0,4.86,7.26,30.28,81,25.6
27-01-2020 08:50,2.5,248,0,27.34,8.5,3.23,0,3.96,0,5.23,7.21,30.26,81,25.9
27-01-2020 09:00,2.2,235,0,27.38,8.5,3.06,0,4.09,0,3.75,7.23,30.28,78,26
27-01-2020 09:10,2.3,223,0,27.42,8.2,3.04,0,3.45,0,5.21,7.4,30.29,78,26.2
27-01-2020 09:20,2.1,205,0,27.43,8.5,3.05,0,4.32,0,0.51,7.28,30.29,78,26.3
27-01-2020 09:30,2.2,199,0,27.48,8.2,3,0,3.22,0,4.16,7.4,30.32,77,26.4
27-01-2020 09:40,2.4,196,0,27.52,8.2,2.8,0,3,0,3.14,7.47,30.32,78,26.2
27-01-2020 09:50,3,197,0,27.54,8.2,3.02,0,3.21,0,3.22,7.46,30.29,79,26.4
27-01-2020 10:00,3,197,0,27.58,8.2,3.44,0,3.14,0,3.4,7.5,30.3,78,26.3
27-01-2020 10:10,3.6,197,0,27.65,8.2,3.29,0,3.15,0,3.12,7.65,30.24,78,26.4
27-01-2020 10:20,3.8,194,0,27.69,8.2,3.2,0,2.92,0,3.68,7.59,30.17,80,26.4
27-01-2020 10:30,3.7,193,0,27.65,8.5,3.12,0,1.93,0,1.03,7.35,30.2,78,26.4
27-01-2020 10:40,3.7,189,0,27.68,8.49,2.89,0,1.6,0,0.21,7.23,30.3,79,26.5
27-01-2020 10:50,3.7,188,0,27.69,8.5,2.7,0,1.85,0,0.38,7.3,30.34,79,26.5
27-01-2020 11:00,3.7,188,0,27.66,8.2,2.65,0,1.49,0,0.14,7.34,30.41,80,26.6
27-01-2020 11:10,3.5,186,0,27.62,8.49,2.72,0,1.25,0,0,7.14,30.49,78,26.4
27-01-2020 11:20,3.4,183,0,27.63,8.49,2.53,0,1.46,0,0,7.1,30.5,78,26.5
27-01-2020 11:30,3.7,176,0,27.69,8.49,2.55,0,1.57,0,0.42,7.14,30.51,80,26.5
27-01-2020 11:40,4,173,0,27.77,8.49,3.03,0,2.31,0,2.09,7.08,30.49,80,26.6
27-01-2020 11:50,4.4,169,0,27.77,8.49,3.28,0,2.6,0,2.8,7.14,30.47,80,26.5
27-01-2020 12:00,4.9,172,0,27.77,8.2,2.93,0,3.71,0,4.89,7.59,30.43,79,26.4
27-01-2020 12:10,4.9,168,0,27.76,8.2,2.92,0,4.04,0,5.43,7.94,30.44,78,26.6
27-01-2020 12:20,5,170,0,27.78,8.2,2.71,0,2.95,0,2.88,7.84,30.47,78,26.5
27-01-2020 12:30,4.8,172,0,27.83,8.2,2.61,0,3.25,0,2.99,7.91,30.46,79,26.6
27-01-2020 12:40,4.9,177,0,27.83,8.2,2.78,0,3.21,0,3.52,8.01,30.46,80,26.7
27-01-2020 12:50,5,177,0,27.83,8.2,2.82,0,3.16,0,3.16,7.81,30.49,79,26.7
27-01-2020 13:00,4.9,178,0,27.83,8.2,2.7,0,2.76,0,3.12,7.82,30.49,79,26.7
27-01-2020 13:10,5.1,181,0,27.88,8.2,2.69,0,2.77,0,2.61,7.83,30.49,79,26.7
27-01-2020 13:20,5.4,179,0,27.87,8.2,2.59,0,2.68,0,2.87,8.09,30.47,80,26.7
27-01-2020 13:30,5.3,178,0,27.88,8.2,2.65,0,3.14,0,2.62,8.18,30.47,79,26.9
27-01-2020 13:40,5.4,179,0,27.89,8.2,2.84,0,3.43,0,3.75,8.29,30.47,79,26.9
27-01-2020 13:50,5.7,176,0,27.92,8.2,2.9,0,3.71,0,4.32,8.35,30.48,79,26.8
27-01-2020 14:00,5.5,174,0,27.93,8.2,2.93,0,3.04,0,3.46,8.22,30.5,77,26.7
27-01-2020 14:10,5.5,175,0,27.92,8.2,2.56,0,2.38,0,1.35,7.92,30.51,77,26.8
27-01-2020 14:20,5.4,178,0,27.95,8.2,2.47,0,2.22,0,1.43,7.94,30.51,78,26.9
27-01-2020 14:30,5.4,175,0,27.91,8.2,2.69,0,2.22,0,1.33,7.83,30.53,78,26.9
27-01-2020 14:40,5.4,174,0,27.98,8.2,2.59,0,2.14,0,1.17,7.86,30.53,78,26.8
27-01-2020 14:50,5.3,178,0,27.98,8.2,2.77,0,3.82,0,4.42,8.03,30.51,78,26.9
27-01-2020 15:00,5.3,175,0,27.92,8.2,2.74,0,3.27,0,3.03,7.46,30.55,76,26.7
27-01-2020 15:10,5.2,173,0,27.88,8.5,2.67,0,2.9,0,2.79,7.22,30.58,77,26.9
27-01-2020 15:20,5.1,174,0,27.83,8.5,2.64,0,2.6,0,2.36,7.16,30.6,77,27
27-01-2020 15:30,5,174,0,27.81,8.49,2.84,0,2.58,0,2.42,7.06,30.61,78,27
27-01-2020 15:40,5,170,0,27.79,8.49,2.57,0,2.12,0,1.67,7.01,30.63,75,26.9
27-01-2020 15:50,5.5,170,0,27.78,8.49,2.63,0,2.6,0,2.88,7.06,30.64,76,27.1
27-01-2020 16:00,5.2,170,0,27.76,8.49,2.72,0,3.23,0,3.42,7.03,30.64,79,27.2
27-01-2020 16:10,5.2,168,0,27.74,8.49,2.63,0,2.64,0,2.34,7,30.65,78,27.1
27-01-2020 16:20,4.5,165,0,27.72,8.49,2.74,0,2.7,0,2.67,6.98,30.66,78,27
27-01-2020 16:30,4.8,168,0,27.69,8.48,2.81,0,3.03,0,3.11,6.91,30.68,78,27.2
27-01-2020 16:40,4.8,169,0,27.71,8.48,2.63,0,2.81,0,2.71,6.89,30.68,76,27.1
27-01-2020 16:50,4.6,170,0,27.69,8.47,2.78,0,2.64,0,2.28,6.8,30.69,76,26.8
27-01-2020 17:00,4.7,164,0,27.69,8.48,2.79,0,2.97,0,2.37,6.8,30.69,80,27.1
27-01-2020 17:10,4.6,167,0,27.7,8.47,3.08,0,2.78,0,3.14,6.75,30.7,78,26.9
27-01-2020 17:20,4.9,165,0,27.66,8.47,3.37,0,2.97,0,2.94,6.7,30.72,78,27
27-01-2020 17:30,4.8,162,0,27.62,8.47,2.72,0,2.43,0,2.22,6.66,30.73,80,26.9
27-01-2020 17:40,5,161,0,27.76,8.49,3.61,0,3.58,0,5.17,7,30.59,80,26.9
27-01-2020 17:50,5.1,163,0,27.91,8.5,4.37,0,5.65,0,9.16,7.21,30.5,78,26.7
27-01-2020 18:00,5.3,161,0,27.95,8.49,4.86,0,5.97,0,9.64,7.08,30.31,78,26.8
27-01-2020 18:10,5.6,164,0,27.89,8.49,4.72,0,8.03,0,9.38,7.01,30.38,78,26.6
27-01-2020 18:20,5.4,167,0,27.71,8.47,3.7,0,4.08,0,5.8,6.82,30.56,80,26.7
27-01-2020 18:30,5.7,165,0,27.57,8.46,2.65,0,2.14,0,1.26,6.56,30.75,81,26.7
27-01-2020 18:40,5.8,168,0,27.55,8.46,2.53,0,2.13,0,1.1,6.65,30.74,78,26.6
27-01-2020 18:50,5.4,170,0,27.56,8.47,2.6,0,2.27,0,1.49,6.72,30.73,81,26.6
27-01-2020 19:00,5.8,174,0,27.58,8.47,2.59,0,2.73,0,1.92,6.83,30.7,79,26.6
27-01-2020 19:10,5.7,169,0,27.61,8.48,2.69,0,3.03,0,3.65,6.94,30.67,79,26.7
27-01-2020 19:20,5.1,171,0,27.66,8.49,2.77,0,4.2,0,5.23,7.07,30.6,80,26.7
27-01-2020 19:30,5.4,176,0,27.64,8.48,2.78,0,4.07,0,5.19,6.98,30.62,81,26.7
27-01-2020 19:40,5.1,178,0,27.6,8.48,2.71,0,4.3,0,5.01,6.94,30.6,80,26.6
27-01-2020 19:50,5.2,178,0,27.58,8.48,2.83,0,3.91,0,4.64,6.88,30.62,81,26.8
27-01-2020 20:00,5.3,178,0,27.56,8.48,2.65,0,3.74,0,3.84,6.84,30.63,80,26.7
27-01-2020 20:10,5.3,177,0,27.55,8.48,2.91,0,4.36,0,5.89,6.87,30.62,81,26.6
27-01-2020 20:20,5.4,180,0,27.54,8.47,2.8,0,3.83,0,4.48,6.8,30.62,81,26.8
27-01-2020 20:30,5.3,180,0,27.52,8.47,2.68,0,3.19,0,3.19,6.77,30.61,80,26.6
27-01-2020 20:40,5.5,180,0,27.51,8.47,2.66,0,3.62,0,4.01,6.75,30.61,79,26.6
27-01-2020 20:50,5.8,181,0,27.49,8.46,2.67,0,3.32,0,3.33,6.67,30.67,80,26.8
27-01-2020 21:00,5.9,184,0,27.47,8.47,2.66,0,3.42,0,3.95,6.67,30.66,81,26.7
27-01-2020 21:10,5.7,180,0,27.46,8.46,2.59,0,3.26,0,3.32,6.63,30.68,78,26.6
27-01-2020 21:20,6.1,169,0,27.44,8.46,2.61,0,3.01,0,2.95,6.6,30.69,79,26.6
27-01-2020 21:30,5.3,183,0,27.42,8.46,2.57,0,2.76,0,2.37,6.6,30.69,79,26.6
27-01-2020 21:40,4.8,189,0,27.4,8.46,2.58,0,3.11,0,2.98,6.6,30.67,81,26.8
27-01-2020 21:50,4.9,191,0,27.4,8.46,2.65,0,3.06,0,2.62,6.57,30.66,80,26.7
27-01-2020 22:00,4.9,187,0,27.4,8.46,2.64,0,3.28,0,3.17,6.58,30.65,79,26.6
27-01-2020 22:10,4.3,198,0,27.38,8.46,2.57,0,3.3,0,2.84,6.58,30.63,80,26.6
27-01-2020 22:20,4.1,211,0,27.38,8.46,2.67,0,3.49,0,2.97,6.55,30.65,78,26.5
27-01-2020 22:30,3.8,212,0,27.37,8.46,2.5,0,3.92,0,3.82,6.57,30.6,81,26.6
27-01-2020 22:40,3.4,217,0,27.36,8.46,2.57,0,3.46,0,3.41,6.53,30.59,79,26.4
27-01-2020 22:50,3,219,0,27.34,8.46,2.45,0,3.33,0,2.96,6.53,30.6,80,26.4
27-01-2020 23:00,2.9,218,0,27.32,8.46,2.43,0,3.56,0,2.7,6.52,30.59,80,26.4
27-01-2020 23:10,2.8,219,0,27.33,8.46,2.58,0,3.95,0,4.01,6.45,30.59,79,26.2
27-01-2020 23:20,2.6,232,0,27.33,8.46,2.51,0,3.97,0,3.26,6.48,30.58,80,26.3
27-01-2020 23:30,2,247,0,27.3,8.45,2.38,0,3.17,0,2.82,6.44,30.64,81,26.3
27-01-2020 23:40,2,247,0,27.29,8.45,2.99,0,3.69,0,4.19,6.28,30.68,80,26.1
27-01-2020 23:50,2,248,0,27.25,8.45,2.52,0,3.65,0,3.7,6.37,30.56,81,26.1
28-01-2020 00:00,1.9,248,0,27.27,8.45,2.59,0,4.67,0,5.25,6.31,30.61,81,26.1
28-01-2020 00:10,2.1,239,0,27.24,8.45,2.61,0,4.31,0,4.15,6.28,30.58,82,26.1
28-01-2020 00:20,1.9,246,0,27.23,8.45,2.61,0,3.91,0,4.25,6.25,30.58,81,26
28-01-2020 00:30,2,241,0,27.22,8.44,2.62,0,3.77,0,3.47,6.22,30.58,81,26
28-01-2020 00:40,1.9,234,0,27.23,8.44,2.44,0,2.87,0,2.91,6.2,30.71,81,25.9
28-01-2020 00:50,2.2,239,0,27.18,8.44,2.79,0,4.21,0,4.4,6.14,30.55,82,25.9
28-01-2020 01:00,2.2,235,0,27.18,8.44,2.69,0,4.18,0,4.03,6.14,30.57,82,25.9
28-01-2020 01:10,2.2,240,0,27.12,8.44,2.73,0,3.92,0,4.17,6.11,30.57,82,25.8
28-01-2020 01:20,2.4,237,0,27.12,8.44,2.64,0,3.73,0,3.94,6.11,30.59,83,25.9
28-01-2020 01:30,2.2,237,0,27.14,8.43,2.88,0,3.49,0,4.28,6.12,30.64,81,25.7
28-01-2020 01:40,2,235,0,27.17,8.43,2.83,0,3.06,0,2.78,6.16,30.69,82,25.7
28-01-2020 01:50,1.7,244,0,27.1,8.41,3.14,0,3.5,0,4.08,6.05,30.56,82,25.8
28-01-2020 02:00,1.5,235,0,27.1,8.4,3.35,0,3.71,0,4.63,5.98,30.5,82,25.7
28-01-2020 02:10,1.6,244,0,27.06,8.4,3.81,0,3.81,0,3.7,5.93,30.51,83,25.7
28-01-2020 02:20,1.5,238,0,27.02,8.4,3.29,0,3.45,0,4.11,5.93,30.54,82,25.6
28-01-2020 02:30,1.6,242,0,27.05,8.41,3.23,0,4.12,0,4.19,5.96,30.56,82,25.6
28-01-2020 02:40,1.5,247,0,27.01,8.4,3.18,0,3.49,0,3.64,5.85,30.53,82,25.5
28-01-2020 02:50,1.6,247,0,26.95,8.38,3.3,0,3.05,0,3.72,5.69,30.36,82,25.4
28-01-2020 03:00,1.7,239,0,27.07,8.39,3.31,0,3.51,0,3.44,5.74,30.49,83,25.5
28-01-2020 03:10,2.2,233,0,27,8.36,3.2,0,2.38,0,1.56,5.52,30.2,83,25.5
28-01-2020 03:20,2,228,0,27.1,8.37,3.07,0,2.64,0,1.92,5.59,30.35,84,25.5
28-01-2020 03:30,1.7,241,0,27.11,8.39,3.17,0,2.95,0,3,5.74,30.51,83,25.4
28-01-2020 03:40,1.8,238,0,27.03,8.34,3.93,0,2.89,0,2.19,5.35,30.04,84,25.4
28-01-2020 03:50,2,237,0,27.1,8.34,3.35,0,3.12,0,2.28,5.41,30.21,83,25.3
28-01-2020 04:00,1.9,233,0,27.14,8.36,2.98,0,2.28,0,1.28,5.5,30.29,84,25.4
28-01-2020 04:10,1.9,238,0,27.11,8.36,3.15,0,2.2,0,1.19,5.46,30.4,84,25.4
28-01-2020 04:20,1.9,241,0,27.14,8.38,2.65,0,2.03,0,1.32,5.64,30.65,84,25.3
28-01-2020 04:30,2,228,0,27.05,8.34,3.45,0,2.1,0,1.13,5.4,30.29,83,25.2
28-01-2020 04:40,2.2,223,0,27.08,8.35,3.49,0,2.54,0,1.85,5.48,30.34,85,25.5
28-01-2020 04:50,2.3,232,0,27,8.36,3.41,0,2.68,0,2.67,5.66,30.54,84,25.2
28-01-2020 05:00,2.1,241,0,27.01,8.36,4.06,0,2.85,0,2.88,5.84,30.56,84,25.2
28-01-2020 05:10,1.8,237,0,27.01,8.36,4.05,0,2.99,0,3.19,5.84,30.48,84,25.2
28-01-2020 05:20,2,234,0,27.09,8.36,4.1,0,3.15,0,3.94,5.86,30.59,84,25.1
28-01-2020 05:30,2.4,244,0,27.08,8.37,3.72,0,3.79,0,3.69,5.85,30.67,85,25
28-01-2020 05:40,2.2,262,0,27.07,8.35,3.91,0,2.82,0,3.12,5.76,30.39,85,24.8
28-01-2020 05:50,2.3,285,0,27.12,8.36,3.9,0,3.24,0,3.82,5.75,30.56,87,24.4
28-01-2020 06:00,2.3,285,0,27.13,8.37,3.53,0,2.18,0,2.32,5.76,30.67,88,24.3
28-01-2020 06:10,2.2,281,0,27.08,8.36,3.46,0,2.59,0,2.83,5.73,30.52,89,24.1
28-01-2020 06:20,2.7,285,0,27.11,8.36,3.68,0,2.54,0,2.41,5.71,30.56,89,23.8
28-01-2020 06:30,2.7,287,0,27.07,8.34,4.61,0,2.81,0,3.02,5.67,30.43,90,23.7
28-01-2020 06:40,2.6,282,0,27.08,8.35,4.28,0,3.15,0,3.25,5.65,30.46,90,23.7
28-01-2020 06:50,2.4,281,0,27.06,8.35,3.91,0,2.41,0,2.4,5.65,30.48,90,23.8
28-01-2020 07:00,2.3,282,0,27.05,8.32,4.39,0,3.02,0,3.15,5.53,30.26,90,23.9
28-01-2020 07:10,2.2,273,0,27.06,8.34,4.03,0,2.5,0,1.63,5.57,30.46,89,23.9
28-01-2020 07:20,2.1,274,0,27.05,8.33,4.23,0,2.16,0,1.74,5.55,30.36,88,24.1
28-01-2020 07:30,2.1,264,0,27,8.33,4.16,0,1.92,0,0.78,5.57,30.4,88,24.4
28-01-2020 07:40,2.2,270,0,27.11,8.36,3.53,0,2.11,0,1.69,5.57,30.68,86,24.6
28-01-2020 07:50,1.9,274,0,27.15,8.37,3.48,0,1.83,0,0.68,5.64,30.81,85,24.8
28-01-2020 08:00,1.6,275,0,27.16,8.37,3.18,0,1.56,0,0.57,5.62,30.85,85,25.1
28-01-2020 08:10,1.6,273,0,27.18,8.38,2.93,0,1.41,0,0.37,5.71,30.95,83,25.4
28-01-2020 08:20,1.9,267,0,27.22,8.4,2.9,0,0.91,0,0,5.85,31.06,82,25.5
28-01-2020 08:30,2,274,0,27.14,8.38,2.92,0,1.09,0,0,5.74,30.85,81,25.7
28-01-2020 08:40,2.4,279,0,27.17,8.37,2.98,0,1.27,0,0,5.76,30.8,81,25.9
28-01-2020 08:50,3,271,0,27.22,8.37,3.19,0,1.43,0,0.12,5.8,30.84,81,26.1
28-01-2020 09:00,2.5,270,0,27.28,8.39,2.99,0,1.09,0,0,5.84,30.93,80,26.4
28-01-2020 09:10,2,265,0,27.32,8.39,2.86,0,0.94,0,0,5.86,30.98,78,26.7
28-01-2020 09:20,1.6,267,0,27.37,8.39,2.83,0,1.11,0,0,5.79,30.95,77,27
28-01-2020 09:30,1.2,240,0,27.4,8.37,3.08,0,0.97,0,0,5.81,30.86,76,27.6
28-01-2020 09:40,1.1,200,0,27.46,8.37,2.87,0,0.83,0,0,5.76,30.85,74,27.6
28-01-2020 09:50,1.9,186,0,27.53,8.37,3.05,0,1.06,0,0,5.78,30.82,75,27.3
28-01-2020 10:00,2.1,168,0,27.59,8.36,3.13,0,0.86,0,0,5.7,30.8,76,27.4
28-01-2020 10:10,2.3,176,0,27.63,8.36,2.98,0,0.66,0,0,5.65,30.8,76,27.3
28-01-2020 10:20,2.1,166,0,27.68,8.35,2.97,0,0.8,0,0,5.55,30.7,76,27.3
28-01-2020 10:30,2,162,0,27.7,8.36,2.91,0,0.66,0,0,5.54,30.72,77,27.4
28-01-2020 10:40,2.1,147,0,27.78,8.35,2.81,0,0.53,0,0,5.42,30.68,75,27.5
28-01-2020 10:50,2.5,140,0,27.85,8.35,2.79,0,0.41,0,0,5.37,30.68,75,27.5
28-01-2020 11:00,2.8,144,0,27.89,8.36,2.82,0,0.44,0,0,5.49,30.75,79,27.3
28-01-2020 11:10,3.1,136,0,27.99,8.37,2.99,0,0.27,0,0,5.65,30.82,79,27.3
28-01-2020 11:20,3.5,137,0,28.02,8.38,2.9,0,0.32,0,0,5.89,30.94,78,27.1
28-01-2020 11:30,3.5,141,0,28.02,8.38,2.89,0,0.48,0,0,5.89,30.92,78,27.3
28-01-2020 11:40,3.8,146,0,27.99,8.39,3,0,0.61,0,0,5.96,30.95,75,27.2
28-01-2020 11:50,4,144,0,27.92,8.41,3.02,0,0.47,0,0,6.14,31.06,79,27.4
28-01-2020 12:00,4.2,146,0,27.9,8.42,2.58,0,0.8,0,0,6.34,31.15,78,27.1
28-01-2020 12:10,4.2,141,0,27.83,8.42,2.5,0,0.68,0,0,6.35,31.14,81,27.2
28-01-2020 12:20,4.2,139,0,27.92,8.42,3.06,0,1.05,0,0,6.49,31.11,80,27.1
28-01-2020 12:30,4.4,141,0,27.86,8.43,2.84,0,1.27,0,0.01,6.6,31.09,81,27.3
28-01-2020 12:40,4.4,145,0,27.75,8.43,2.46,0,0.81,0,0,6.55,31.1,80,27.3
28-01-2020 12:50,4.3,153,0,27.67,8.44,2.29,0,0.81,0,0,6.52,31.09,77,27.3
28-01-2020 13:00,4.8,152,0,27.57,8.44,2.34,0,0.79,0,0,6.5,31.08,77,27.4
28-01-2020 13:10,4.9,150,0,27.54,8.44,2.09,0,0.46,0,0,6.5,31.08,77,27.4
28-01-2020 13:20,5.2,152,0,27.53,8.44,2.06,0,0.29,0,0,6.49,31.08,76,27.4
28-01-2020 13:30,5.2,155,0,27.52,8.44,2.09,0,0.43,0,0,6.51,31.1,77,27.4
28-01-2020 13:40,5.4,150,0,27.54,8.45,2.25,0,0.35,0,0,6.52,31.13,77,27.3
28-01-2020 13:50,5.5,152,0,27.53,8.45,2.01,0,0.33,0,0,6.53,31.11,79,27.5
28-01-2020 14:00,5.6,152,0,27.53,8.45,2.01,0,0.14,0,0,6.53,31.12,77,27.5
28-01-2020 14:10,5.8,154,0,27.54,8.45,2.03,0,0.37,0,0,6.53,31.13,77,27.3
28-01-2020 14:20,5.9,153,0,27.55,8.45,2.23,0,0.28,0,0,6.53,31.13,77,27.3
28-01-2020 14:30,5.8,151,0,27.55,8.45,2.02,0,0.3,0,0,6.54,31.12,76,27.4
28-01-2020 14:40,5.6,149,0,27.57,8.45,2.05,0,0.39,0,0,6.54,31.13,77,27.4
28-01-2020 14:50,5.8,148,0,27.56,8.45,2.02,0,0.42,0,0,6.54,31.13,77,27.4
28-01-2020 15:00,5.9,151,0,27.57,8.45,2.02,0,0.41,0,0,6.55,31.13,75,27.6
28-01-2020 15:10,5.6,150,0,27.55,8.45,1.95,0,0.41,0,0,6.56,31.12,77,27.5
28-01-2020 15:20,5.8,149,0,27.59,8.45,2.03,0,0.34,0,0,6.58,31.13,80,27.6
28-01-2020 15:30,5.9,149,0,27.57,8.45,2.04,0,0.5,0,0,6.6,31.12,76,27.5
28-01-2020 15:40,6.1,150,0,27.57,8.45,2.1,0,0.49,0,0,6.62,31.12,76,27.5
28-01-2020 15:50,6.3,151,0,27.58,8.45,2.1,0,0.75,0,0,6.65,31.12,79,27.7
28-01-2020 16:00,6.5,150,0,27.56,8.45,2.11,0,0.57,0,0,6.63,31.12,75,27.6
28-01-2020 16:10,6.3,147,0,27.56,8.45,2.13,0,0.61,0,0,6.64,31.12,78,27.5
28-01-2020 16:20,6.2,148,0,27.79,8.48,2.06,0,2.92,0,2.94,7.12,30.87,76,27.5
28-01-2020 16:30,6.1,148,0,27.77,8.48,2.07,0,3.14,0,3.44,7.13,30.88,80,27.5
28-01-2020 16:40,6,148,0,27.75,8.48,2.05,0,2.75,0,3.04,7.1,30.88,79,27.5
28-01-2020 16:50,6.2,150,0,27.72,8.47,2.1,0,3,0,3.01,7.04,30.91,78,27.5
28-01-2020 17:00,6.1,152,0,27.68,8.47,2.07,0,2.47,0,1.92,6.97,30.94,79,27.5
28-01-2020 17:10,6.1,151,0,27.64,8.47,2.1,0,2.12,0,1.66,6.91,31,78,27.3
28-01-2020 17:20,6.1,151,0,27.61,8.47,2.11,0,1.9,0,1.21,6.86,31.04,77,27.2
28-01-2020 17:30,6.2,150,0,27.59,8.47,2.11,0,1.73,0,0.62,6.83,31.07,77,27.3
28-01-2020 17:40,5.8,152,0,27.57,8.47,2.13,0,2.09,0,1.03,6.84,31.07,79,27.4
28-01-2020 17:50,5.7,154,0,27.56,8.47,2.09,0,1.7,0,0.52,6.82,31.08,82,27.4
28-01-2020 18:00,5.8,157,0,27.54,8.47,2.19,0,1.78,0,0.31,6.81,31.09,81,27.3
28-01-2020 18:10,5.9,156,0,27.56,8.47,2.13,0,0.99,0,0,6.73,31.1,81,27.2
28-01-2020 18:20,6.2,157,0,27.54,8.46,1.88,0,0.62,0,0,6.7,31.11,79,27.2
28-01-2020 18:30,5.8,160,0,27.51,8.46,1.96,0,0.79,0,0,6.69,31.13,80,27.2
28-01-2020 18:40,6.2,159,0,27.48,8.47,2.03,0,2.24,0,0.92,6.92,31.07,80,27.3
28-01-2020 18:50,6.2,160,0,27.52,8.48,2.13,0,2.71,0,1.99,7.05,31.01,82,27.1
28-01-2020 19:00,6.1,160,0,27.52,8.48,2.11,0,3.18,0,2.42,7.03,31.03,81,27.1
28-01-2020 19:10,6.2,161,0,27.49,8.48,2.18,0,2.55,0,1.95,6.97,31.06,81,27.2
28-01-2020 19:20,6.1,162,0,27.5,8.47,1.85,0,0.54,0,0,6.75,31.06,83,27.1
28-01-2020 19:30,6.2,162,0,27.52,8.47,1.83,0,0.6,0,0,6.76,31.05,82,27.3
28-01-2020 19:40,6.4,165,0,27.5,8.48,2.09,0,1.89,0,0.91,6.9,31.07,81,27.2
28-01-2020 19:50,6.4,164,0,27.53,8.47,1.94,0,0.71,0,0,6.77,31.05,82,27.2
28-01-2020 20:00,6.3,166,0,27.52,8.47,1.92,0,0.7,0,0,6.75,31.06,83,27.2
28-01-2020 20:10,6.3,164,0,27.52,8.47,1.93,0,0.56,0,0,6.76,31.04,82,27.2
28-01-2020 20:20,6.2,166,0,27.51,8.47,1.92,0,0.61,0,0,6.77,31.04,81,27.1
28-01-2020 20:30,6.3,165,0,27.51,8.47,1.91,0,0.56,0,0,6.78,31.03,82,27.1
28-01-2020 20:40,6.5,162,0,27.48,8.48,1.85,0,0.66,0,0,6.82,30.99,84,27.2
28-01-2020 20:50,6.4,163,0,27.48,8.48,1.9,0,0.61,0,0,6.84,30.97,84,27.1
28-01-2020 21:00,6.1,164,0,27.51,8.48,1.91,0,0.66,0,0,6.8,31,84,27
28-01-2020 21:10,6.6,163,0,27.5,8.48,1.89,0,0.64,0,0,6.82,30.97,84,27.1
28-01-2020 21:20,6.6,165,0,27.52,8.48,1.99,0,0.61,0,0,6.77,30.99,83,26.9
28-01-2020 21:30,6.5,164,0,27.52,8.47,2.01,0,0.82,0,0,6.78,31,84,27
28-01-2020 21:40,6.6,162,0,27.52,8.47,2.26,0,0.5,0,0,6.76,31,84,27
28-01-2020 21:50,7,160,0,27.51,8.47,2.09,0,0.53,0,0,6.77,31,83,27
28-01-2020 22:00,6.6,162,0,27.48,8.48,1.97,0,0.55,0,0,6.8,30.96,84,27.1
28-01-2020 22:10,6.5,162,0,27.48,8.48,1.95,0,0.71,0,0,6.8,30.96,84,27.2
28-01-2020 22:20,6.5,160,0,27.48,8.48,1.96,0,0.68,0,0,6.79,30.97,83,27.2
28-01-2020 22:30,6.2,158,0,27.46,8.48,1.95,0,0.81,0,0,6.81,30.95,83,27.2
28-01-2020 22:40,6.1,156,0,27.45,8.48,1.94,0,0.53,0,0,6.8,30.97,82,27
28-01-2020 22:50,6.5,158,0,27.47,8.48,1.89,0,0.48,0,0,6.77,30.95,84,27.2
28-01-2020 23:00,6.2,159,0,27.45,8.48,1.92,0,0.62,0,0,6.81,30.94,83,27.1
28-01-2020 23:10,6.2,158,0,27.46,8.48,1.95,0,0.69,0,0,6.8,30.94,82,27
28-01-2020 23:20,6.4,159,0,27.45,8.48,2,0,0.72,0,0,6.8,30.93,81,27.2
28-01-2020 23:30,6.9,158,0,27.47,8.48,2.03,0,0.51,0,0,6.8,30.93,80,27.1
28-01-2020 23:40,6.9,160,0,27.46,8.48,2.07,0,0.59,0,0,6.78,30.94,81,27.2
28-01-2020 23:50,7.1,159,0,27.46,8.48,2.06,0,0.57,0,0,6.77,30.94,82,27.3
29-01-2020 00:00,7.2,158,0,27.46,8.48,2.04,0,0.47,0,0,6.75,30.94,80,27.2
29-01-2020 00:10,7.4,159,0,27.45,8.47,2.36,0,0.45,0,0,6.75,30.94,82,27.2
29-01-2020 00:20,7.3,159,0,27.46,8.47,2.15,0,0.6,0,0,6.73,30.94,82,27.2
29-01-2020 00:30,7,162,0,27.45,8.47,2.14,0,0.41,0,0,6.73,30.95,83,27.1
29-01-2020 00:40,7.2,160,0,27.45,8.47,2.14,0,0.61,0,0,6.7,30.95,82,27.1
29-01-2020 00:50,6.7,162,0,27.43,8.47,2.1,0,0.47,0,0,6.68,30.96,82,27
29-01-2020 01:00,6.9,165,0,27.44,8.47,2.11,0,0.6,0,0,6.68,30.97,82,27.1
29-01-2020 01:10,6.5,162,0,27.43,8.47,2.12,0,0.52,0,0,6.67,30.97,83,27
29-01-2020 01:20,6.2,167,0,27.43,8.47,2.14,0,0.65,0,0,6.67,30.98,82,27
29-01-2020 01:30,6.2,168,0,27.43,8.47,2.19,0,0.52,0,0,6.66,30.99,84,27.1
29-01-2020 01:40,6.2,171,0,27.42,8.47,2.06,0,0.61,0,0,6.66,30.98,81,27
29-01-2020 01:50,6.3,170,0,27.41,8.47,2.24,0,0.54,0,0,6.66,30.99,83,27
29-01-2020 02:00,5.8,168,0,27.42,8.47,2.14,0,0.52,0,0,6.64,31,83,26.9
29-01-2020 02:10,5.9,175,0,27.42,8.46,2.16,0,0.49,0,0,6.62,31.01,84,26.9
29-01-2020 02:20,5.8,171,0,27.43,8.46,2.27,0,0.65,0,0,6.6,31.05,83,27
29-01-2020 02:30,5.9,174,0,27.44,8.46,2.13,0,0.67,0,0,6.6,31.06,83,27
29-01-2020 02:40,6,177,0,27.43,8.46,2.17,0,0.7,0,0,6.6,31.06,81,26.8
29-01-2020 02:50,5.9,179,0,27.41,8.46,2.17,0,0.57,0,0,6.6,31.05,83,27
29-01-2020 03:00,5.7,177,0,27.18,8.34,4.66,0,3.06,0,3.11,5.85,29.76,81,26.8
29-01-2020 03:10,5.9,177,0,27.17,8.3,5.82,0,4.04,0,4.52,5.53,29.34,82,26.9
29-01-2020 03:20,5.8,180,0,27.12,8.25,9.16,0,4.61,0,5.48,5.24,28.48,82,26.8
29-01-2020 03:30,5.5,181,0,27.19,8.27,8.96,0,3.96,0,4.26,5.32,28.78,83,26.9
29-01-2020 03:40,5.4,178,0,27.16,8.25,9.31,0,4.38,0,4.9,5.21,28.69,81,26.8
29-01-2020 03:50,5.5,181,0,27.19,8.22,12.1,0,4.45,0,5.07,5.06,28.12,80,26.7
29-01-2020 04:00,3.8,219,0,27.08,8.17,15.58,0,5.16,0,6.76,4.59,27.42,83,26.4
29-01-2020 04:10,2.7,241,0,27.08,8.16,17.26,0,5.44,0,7.48,4.53,27.07,84,26.1
29-01-2020 04:20,2.2,241,0,27.29,8.24,11.86,0,3.73,0,3.83,5.37,27.84,85,25.9
29-01-2020 04:30,2.5,230,0,27.24,8.26,11.44,0,3.67,0,3.92,5.22,28.6,85,25.8
29-01-2020 04:40,2.7,226,0,27.29,8.33,6.5,0,2.74,0,1.97,5.66,29.76,86,25.7
29-01-2020 04:50,2.6,232,0,27.12,8.22,10.39,0,3.51,0,4.19,4.88,28.29,86,25.5
29-01-2020 05:00,2.6,237,0,27.25,8.3,7.35,0,2.45,0,1.82,5.46,29.34,87,25.4
29-01-2020 05:10,2.6,244,0,27.24,8.28,8.76,0,3.04,0,2.61,5.29,28.95,87,25.3
29-01-2020 05:20,2.3,248,0,27.29,8.33,6.14,0,2.33,0,1.38,5.61,29.87,87,25.3
29-01-2020 05:30,1.7,256,0,27.08,8.23,9.56,0,3.12,0,3.28,4.89,28.64,88,25.3
29-01-2020 05:40,1.7,280,0,27.06,8.21,7.71,0,3.73,0,4.01,4.67,28.39,88,25
29-01-2020 05:50,1.1,262,0,27.07,8.22,7.82,0,4.47,0,4.09,4.92,28.23,88,25.1
29-01-2020 06:00,1.3,255,0,27,8.26,5.9,0,3.92,0,5.54,5.36,29.06,89,25.2
29-01-2020 06:10,1.5,252,0,27.16,8.33,5.07,0,3.69,0,4.81,5.81,29.71,88,25.1
29-01-2020 06:20,1.4,272,0,27.07,8.32,5.07,0,4.01,0,4.8,5.78,29.65,89,24.9
29-01-2020 06:30,1.5,297,0,27.14,8.33,4.5,0,3.31,0,4.3,5.8,30.03,90,24.7
29-01-2020 06:40,1.5,289,0,27.11,8.34,4.15,0,3.18,0,4.12,5.81,29.96,90,24.7
29-01-2020 06:50,1.6,277,0,27.1,8.33,4.59,0,3.65,0,4.38,5.8,29.86,90,24.7
29-01-2020 07:00,1.8,271,0,27.02,8.3,5.24,0,3.34,0,4.48,5.68,29.44,90,24.7
29-01-2020 07:10,1.6,262,0,27.17,8.31,5.16,0,3.01,0,3.94,5.69,29.62,90,24.8
29-01-2020 07:20,1.6,269,0,27.14,8.33,4.66,0,2.83,0,3.08,5.75,29.76,89,24.9
29-01-2020 07:30,1.7,282,0,27.15,8.32,4.83,0,2.71,0,3.4,5.75,29.69,89,25
29-01-2020 07:40,1.7,284,0,27.18,8.34,4.42,0,2.37,0,2.51,5.79,29.85,89,25.4
29-01-2020 07:50,2.3,278,0,27.19,8.32,4.95,0,2.58,0,2.68,5.74,29.66,87,25.5
29-01-2020 08:00,2.2,276,0,27.27,8.32,5.25,0,2.63,0,2.77,5.78,29.69,86,25.8
29-01-2020 08:10,1.9,268,0,27.31,8.34,4.48,0,2.12,0,1.87,5.85,29.94,86,26.1
29-01-2020 08:20,1.7,248,0,27.34,8.34,4.35,0,2.07,0,2.12,5.88,29.91,83,26.3
29-01-2020 08:30,1.8,221,0,27.4,8.34,4.35,0,2.19,0,1.93,5.86,29.91,84,26.5
29-01-2020 08:40,1.9,203,0,27.44,8.35,4.1,0,1.88,0,1.29,5.96,30.07,83,26.6
29-01-2020 08:50,2.1,209,0,27.48,8.35,3.98,0,1.9,0,1.28,5.98,30.13,83,26.7
29-01-2020 09:00,2.2,205,0,27.52,8.37,3.55,0,1.68,0,0.57,6.04,30.28,82,26.6
29-01-2020 09:10,2.2,200,0,27.58,8.36,3.68,0,1.56,0,0.94,6.03,30.27,80,26.8
29-01-2020 09:20,2.6,195,0,27.63,8.37,3.45,0,1.43,0,0.3,6.06,30.4,83,27
29-01-2020 09:30,2.7,187,0,27.67,8.36,3.67,0,1.19,0,0.03,5.95,30.24,80,26.9
29-01-2020 09:40,2.6,185,0,27.7,8.33,3.4,0,1.23,0,0,5.73,30.01,81,27.1
29-01-2020 09:50,2.8,184,0,27.75,8.34,3.38,0,1.09,0,0,5.71,30.13,80,27
29-01-2020 10:00,3.2,185,0,27.76,8.37,3.3,0,1.37,0,0.25,5.97,30.46,79,27
29-01-2020 10:10,3.3,181,0,27.81,8.38,3.24,0,1.13,0,0,5.97,30.46,80,27.1
29-01-2020 10:20,3.3,184,0,27.84,8.39,3.43,0,0.86,0,0,6.14,30.56,81,27.4
29-01-2020 10:30,3.1,172,0,27.82,8.41,2.97,0,0.57,0,0,6.28,30.75,82,27.3
29-01-2020 10:40,3.6,167,0,27.81,8.43,2.68,0,0.57,0,0,6.39,30.87,81,27.2
29-01-2020 10:50,3.9,168,0,27.83,8.43,2.63,0,0.51,0,0,6.44,30.91,80,27.2
29-01-2020 11:00,3.7,161,0,27.83,8.43,2.6,0,0.72,0,0,6.48,30.94,78,27.1
29-01-2020 11:10,3.6,162,0,27.86,8.44,2.54,0,0.53,0,0,6.53,30.96,81,27.3
29-01-2020 11:20,3.8,158,0,27.94,8.43,2.7,0,0.88,0,0,6.6,30.89,80,27.3
29-01-2020 11:30,3.7,157,0,27.92,8.43,2.8,0,0.79,0,0,6.6,30.91,78,27.2
29-01-2020 11:40,4,152,0,27.87,8.44,2.49,0,0.65,0,0,6.58,30.97,80,27.3
29-01-2020 11:50,4.4,155,0,27.86,8.44,2.49,0,0.65,0,0,6.63,31,80,27.3
29-01-2020 12:00,4.5,154,0,27.88,8.45,2.57,0,0.85,0,0,6.68,31.02,79,27.2
29-01-2020 12:10,4.8,155,0,27.87,8.45,2.45,0,0.79,0,0,6.65,31.06,80,27.3
29-01-2020 12:20,5.3,152,0,27.87,8.45,2.46,0,0.52,0,0,6.62,31.08,80,27.2
29-01-2020 12:30,5,148,0,27.86,8.45,2.44,0,0.76,0,0,6.73,31.1,82,27.4
29-01-2020 12:40,5.4,148,0,27.88,8.46,2.41,0,1.03,0,0,6.75,31.12,80,27.2
29-01-2020 12:50,5.3,145,0,27.9,8.46,2.27,0,0.82,0,0,6.79,31.11,80,27.2
29-01-2020 13:00,5.5,148,0,27.88,8.46,2.38,0,0.84,0,0,6.78,31.13,80,27.3
29-01-2020 13:10,5.2,148,0,27.87,8.46,2.22,0,0.77,0,0,6.73,31.15,82,27.4
29-01-2020 13:20,4.8,144,0,27.87,8.46,2.04,0,0.56,0,0,6.67,31.16,80,27.3
29-01-2020 13:30,4.7,148,0,27.91,8.45,2.01,0,0.25,0,0,6.62,31.18,79,27.2
29-01-2020 13:40,4.8,148,0,27.93,8.45,2.07,0,0.39,0,0,6.61,31.18,81,27.3
29-01-2020 13:50,5.2,147,0,27.95,8.46,2.23,0,0.29,0,0,6.65,31.18,80,27.2
29-01-2020 14:00,4.9,147,0,28,8.46,1.99,0,0.34,0,0,6.69,31.17,82,27.3
29-01-2020 14:10,5.1,148,0,28.01,8.46,2.03,0,0.46,0,0,6.8,31.16,81,27.2
29-01-2020 14:20,5,149,0,28.02,8.48,2.23,0,1.11,0,0,7.2,31.14,79,27.1
29-01-2020 14:30,5.2,150,0,28.02,8.47,2.09,0,0.84,0,0,6.93,31.13,80,27.2
29-01-2020 14:40,5.5,148,0,28.06,8.47,2.05,0,0.94,0,0,7.02,31.1,84,27.4
29-01-2020 14:50,5.3,145,0,28.08,8.48,2.1,0,1.04,0,0,7.08,31.1,82,27.2
29-01-2020 15:00,5.2,141,0,28.1,8.48,2.24,0,1.54,0,0.19,7.14,31.09,82,27.2
29-01-2020 15:10,5.2,142,0,28.07,8.48,2.17,0,1.59,0,0.53,7.14,31.11,82,27.2
29-01-2020 15:20,5.4,141,0,28.07,8.48,2.23,0,1.38,0,0.51,7.2,31.11,83,27.3
29-01-2020 15:30,5.1,143,0,28.1,8.48,2.2,0,1.37,0,0.08,7.09,31.13,83,27.2
29-01-2020 15:40,5.6,137,0,28.11,8.47,2.08,0,1.36,0,0.18,6.92,31.13,81,27.1
29-01-2020 15:50,5.4,138,0,28.1,8.47,2.11,0,1.46,0,0.28,6.95,31.13,81,27.2
29-01-2020 16:00,5.6,139,0,28.07,8.46,1.99,0,1.2,0,0,6.85,31.14,80,27.4
29-01-2020 16:10,5.2,135,0,28.05,8.46,2.06,0,1.36,0,0,6.83,31.14,81,27.3
29-01-2020 16:20,5.3,135,0,28.03,8.46,2.17,0,1.17,0,0.35,6.78,31.16,81,27.2
29-01-2020 16:30,5.5,136,0,28.02,8.46,2,0,1.32,0,0.07,6.8,31.16,82,27.3
29-01-2020 16:40,5.4,136,0,28,8.46,1.99,0,1.33,0,0.09,6.73,31.17,80,27.2
29-01-2020 16:50,5.1,135,0,27.98,8.46,1.94,0,1.28,0,0,6.7,31.19,79,27.2
29-01-2020 17:00,5.2,134,0,27.98,8.46,2.05,0,1.72,0,0.54,6.73,31.19,82,27.4
29-01-2020 17:10,4.8,130,0,27.96,8.46,1.96,0,1.33,0,0.08,6.7,31.2,81,27.2
29-01-2020 17:20,4.9,129,0,27.93,8.45,2,0,1.27,0,0,6.65,31.22,80,27.3
29-01-2020 17:30,4.9,124,0,27.93,8.45,1.88,0,1.06,0,0,6.61,31.23,81,27.3
29-01-2020 17:40,4.8,124,0,27.93,8.45,1.91,0,1.16,0,0.02,6.65,31.23,81,27.2
29-01-2020 17:50,4.6,124,0,27.92,8.45,1.86,0,0.6,0,0,6.51,31.24,81,27.1
29-01-2020 18:00,4.3,122,0,27.93,8.45,1.9,0,1.28,0,0,6.6,31.24,80,27
29-01-2020 18:10,4.5,122,0,27.91,8.45,1.87,0,0.78,0,0,6.5,31.24,81,27
29-01-2020 18:20,4.4,119,0,27.92,8.45,1.88,0,0.74,0,0,6.51,31.24,83,27
29-01-2020 18:30,4.6,125,0,28.05,8.46,2.43,0,2.29,0,1.94,6.77,31.08,83,27
29-01-2020 18:40,4.4,126,0,27.91,8.44,1.91,0,0.64,0,0,6.49,31.23,82,26.9
29-01-2020 18:50,4.4,124,0,27.91,8.44,1.87,0,0.67,0,0,6.48,31.23,84,27.1
29-01-2020 19:00,4.7,123,0,27.92,8.44,2.04,0,1.02,0,0,6.47,31.17,81,26.8
29-01-2020 19:10,4.8,123,0,27.89,8.44,1.87,0,0.69,0,0,6.45,31.22,84,26.9
29-01-2020 19:20,5,127,0,27.89,8.44,1.97,0,0.59,0,0,6.44,31.22,83,26.9
29-01-2020 19:30,4.9,127,0,27.87,8.44,1.89,0,0.52,0,0,6.45,31.21,84,26.9
29-01-2020 19:40,5,129,0,27.87,8.44,2.25,0,0.45,0,0,6.46,31.21,85,26.9
29-01-2020 19:50,5.2,126,0,27.87,8.44,2.04,0,0.64,0,0,6.43,31.16,84,26.9
29-01-2020 20:00,5,127,0,27.84,8.43,2.41,0,0.76,0,0,6.37,31.06,83,26.8
29-01-2020 20:10,5.3,128,0,27.84,8.43,2.24,0,0.83,0,0,6.37,31.12,83,26.8
29-01-2020 20:20,5,132,0,27.86,8.44,2.06,0,0.49,0,0,6.39,31.18,83,26.7
29-01-2020 20:30,5.1,132,0,27.85,8.43,2.34,0,0.62,0,0,6.38,31.12,83,26.7
29-01-2020 20:40,5.3,135,0,27.85,8.43,2.15,0,0.64,0,0,6.38,31.13,84,26.8
29-01-2020 20:50,5.7,133,0,27.86,8.44,2.06,0,0.58,0,0,6.39,31.19,84,26.8
29-01-2020 21:00,5.6,132,0,27.87,8.44,1.98,0,0.45,0,0,6.38,31.21,82,26.6
29-01-2020 21:10,5.6,133,0,27.85,8.44,2.2,0,0.48,0,0,6.4,31.21,85,26.9
29-01-2020 21:20,5.9,136,0,27.85,8.44,1.9,0,0.44,0,0,6.41,31.22,84,26.8
29-01-2020 21:30,5.7,139,0,27.84,8.44,2,0,0.32,0,0,6.39,31.22,85,26.9
29-01-2020 21:40,5.6,139,0,27.83,8.44,1.97,0,0.51,0,0,6.43,31.25,83,26.7
29-01-2020 21:50,5.9,143,0,27.83,8.44,1.92,0,0.45,0,0,6.42,31.24,84,26.7
29-01-2020 22:00,6,142,0,27.82,8.44,1.93,0,0.31,0,0,6.41,31.24,84,26.6
29-01-2020 22:10,5.8,145,0,27.82,8.44,1.99,0,0.44,0,0,6.39,31.23,86,26.8
29-01-2020 22:20,5.8,145,0,27.82,8.44,1.97,0,0.27,0,0,6.38,31.22,86,26.7
29-01-2020 22:30,5.8,141,0,27.82,8.44,1.98,0,0.36,0,0,6.39,31.22,85,26.6
29-01-2020 22:40,5.5,144,0,27.82,8.44,1.9,0,0.34,0,0,6.4,31.24,84,26.6
29-01-2020 22:50,5.6,149,0,27.81,8.44,1.79,0,0.55,0,0,6.45,31.25,85,26.6
29-01-2020 23:00,5.6,155,0,27.8,8.44,1.95,0,0.4,0,0,6.44,31.26,86,26.7
29-01-2020 23:10,5.2,153,0,27.8,8.44,1.91,0,0.5,0,0,6.41,31.26,86,26.6
29-01-2020 23:20,5.3,154,0,27.78,8.45,1.86,0,0.56,0,0,6.47,31.3,86,26.6
29-01-2020 23:30,5.6,158,0,27.78,8.44,1.88,0,0.52,0,0,6.46,31.3,87,26.6
29-01-2020 23:40,5.6,157,0,27.77,8.45,1.82,0,0.52,0,0,6.49,31.32,86,26.6
29-01-2020 23:50,5.6,158,0,27.77,8.44,1.82,0,0.55,0,0,6.46,31.31,87,26.6
30-01-2020 00:00,5.1,154,0,27.75,8.44,1.87,0,0.37,0,0,6.43,31.3,84,26.5
30-01-2020 00:10,4.4,154,0,27.76,8.44,1.86,0,0.45,0,0,6.42,31.33,87,26.6
30-01-2020 00:20,4.4,151,0,27.74,8.45,1.85,0,0.46,0,0,6.44,31.34,84,26.4
30-01-2020 00:30,4.3,153,0,27.73,8.44,1.78,0,0.37,0,0,6.43,31.32,85,26.4
30-01-2020 00:40,4.1,147,0,27.73,8.44,1.84,0,0.61,0,0,6.43,31.32,85,26.4
30-01-2020 00:50,4.2,149,0,27.72,8.44,1.8,0,0.4,0,0,6.43,31.31,85,26.4
30-01-2020 01:00,4.2,153,0,27.72,8.44,1.88,0,0.45,0,0,6.42,31.31,85,26.4
30-01-2020 01:10,3.9,145,0,27.71,8.44,1.83,0,0.37,0,0,6.35,31.29,84,26.3
30-01-2020 01:20,3.9,145,0,27.71,8.44,1.81,0,0.32,0,0,6.35,31.29,85,26.4
30-01-2020 01:30,3.4,150,0,27.69,8.44,1.87,0,0.39,0,0,6.37,31.3,85,26.4
30-01-2020 01:40,3.4,149,0,27.71,8.43,1.78,0,0.42,0,0,6.34,31.3,84,26.4
30-01-2020 01:50,3.2,145,0,27.67,8.46,2.06,0,1.46,0,0,6.5,31.14,84,26.4
30-01-2020 02:00,3.3,148,0,27.68,8.46,2.23,0,1.48,0,0.08,6.52,31.12,84,26.4
30-01-2020 02:10,3.2,147,0,27.68,8.46,2.06,0,1.74,0,0.49,6.54,31.09,85,26.5
30-01-2020 02:20,2.9,154,0,27.67,8.46,1.97,0,1.56,0,0.3,6.53,31.13,85,26.5
30-01-2020 02:30,2.5,147,0,27.68,8.46,2,0,1.2,0,0,6.51,31.16,83,26.3
30-01-2020 02:40,2.7,144,0,27.7,8.45,1.97,0,0.8,0,0,6.47,31.21,83,26.3
30-01-2020 02:50,2.7,156,0,27.67,8.46,1.88,0,1.05,0,0,6.46,31.22,82,26.2
30-01-2020 03:00,2.9,148,0,27.65,8.46,1.97,0,0.91,0,0,6.46,31.19,83,26.3
30-01-2020 03:10,2.8,146,0,27.44,8.38,2.95,0,2.2,0,2.09,5.75,30.29,83,26.3
30-01-2020 03:20,2.8,141,0,27.4,8.33,3.71,0,3.05,0,3.6,5.42,29.52,81,26.1
30-01-2020 03:30,2.8,145,0,27.46,8.33,4.71,0,3.14,0,4.17,5.36,30,84,26.2
30-01-2020 03:40,2.7,158,0,27.3,8.25,5.66,0,3.33,0,4.63,4.76,29.31,83,26.1
30-01-2020 03:50,2.8,161,0,27.35,8.3,6.87,0,4.17,0,5.17,5.03,29.08,83,26.2
30-01-2020 04:00,3,158,0,27.33,8.28,6.31,0,4.29,0,5.98,4.84,29.08,80,26.1
30-01-2020 04:10,3,154,0,27.45,8.33,5.76,0,5.42,0,7.51,5.3,29.25,83,26.1
30-01-2020 04:20,3.1,166,0,27.31,8.29,8.24,0,7.81,0,11.18,4.39,28.56,81,26.1
30-01-2020 04:30,3.2,168,0,27.45,8.32,6.92,0,6.24,0,9.32,5.08,28.65,81,26.1
30-01-2020 04:40,3.2,173,0,27.52,8.35,4.8,0,5.86,0,9.35,5.45,29.52,81,26.2
30-01-2020 04:50,3,175,0,27.45,8.31,6.45,0,5.88,0,7.59,5.01,29.36,82,26.2
30-01-2020 05:00,2.5,201,0,27.31,8.21,11.39,0,7.47,0,13.91,4.27,27.66,86,25.4
30-01-2020 05:10,2.9,290,0,27.62,8.41,3.75,0,6.21,0,8.85,5.84,30.26,90,24.8
30-01-2020 05:20,2.5,288,0,27.56,8.38,4.97,0,6.93,0,10.54,5.57,29.67,91,24.6
30-01-2020 05:30,2.6,294,0,27.56,8.39,3.82,0,7.43,0,8.66,5.64,29.96,92,24.4
30-01-2020 05:40,2.7,292,0,27.54,8.38,3.77,0,5.69,0,9.27,5.5,29.93,92,24.3
30-01-2020 05:50,2.5,297,0,27.47,8.36,4.31,0,5.39,0,7.45,5.52,29.89,93,24.3
30-01-2020 06:00,2.8,297,0,27.39,8.35,3.93,0,4.58,0,6.68,5.57,30.01,93,24.1
30-01-2020 06:10,2.8,291,0,27.36,8.35,4.06,0,3.22,0,4.84,5.64,30.14,93,24.2
30-01-2020 06:20,3,292,0,27.36,8.34,3.78,0,3.17,0,3.96,5.59,30.08,94,24.1
30-01-2020 06:30,2.8,284,0,27.34,8.34,3.83,0,3.22,0,4.21,5.6,30.17,94,24
30-01-2020 06:40,3,285,0,27.3,8.34,4.23,0,2.97,0,4.46,5.52,30.21,94,23.9
30-01-2020 06:50,3.2,283,0,27.34,8.35,3.97,0,3.06,0,4.11,5.57,30.29,94,24.1
30-01-2020 07:00,3.6,293,0,27.35,8.35,3.48,0,2.34,0,2.65,5.61,30.38,93,24
30-01-2020 07:10,3.5,290,0,27.36,8.33,3.94,0,2.35,0,2.47,5.57,30.13,93,24.2
30-01-2020 07:20,3.4,287,0,27.46,8.35,3.64,0,1.9,0,1.52,5.63,30.35,93,24.4
30-01-2020 07:30,3.3,277,0,27.45,8.34,3.78,0,2.06,0,1.76,5.57,30.24,92,24.6
30-01-2020 07:40,2.5,275,0,27.55,8.37,3.21,0,1.54,0,0.73,5.75,30.6,91,24.6
30-01-2020 07:50,3.1,273,0,27.57,8.37,3.11,0,1.44,0,0.26,5.76,30.58,90,24.9
30-01-2020 08:00,3.3,269,0,27.56,8.37,2.96,0,0.96,0,0,5.77,30.62,89,25
30-01-2020 08:10,3.7,268,0,27.57,8.36,3.06,0,1.03,0,0,5.73,30.57,89,25.3
30-01-2020 08:20,3.3,269,0,27.59,8.37,2.82,0,0.99,0,0,5.75,30.67,88,25.5
30-01-2020 08:30,3,255,0,27.64,8.36,2.92,0,1.22,0,0,5.77,30.66,86,25.7
30-01-2020 08:40,2.9,258,0,27.68,8.35,2.94,0,1.22,0,0.11,5.7,30.54,86,25.9
30-01-2020 08:50,2.8,260,0,27.71,8.35,2.9,0,1.21,0,0,5.7,30.57,85,26.1
30-01-2020 09:00,2.1,246,0,27.74,8.34,3.33,0,1.21,0,0.21,5.64,30.45,84,26.4
30-01-2020 09:10,2.6,224,0,27.78,8.35,3.21,0,1.14,0,0.01,5.64,30.54,82,26.5
30-01-2020 09:20,2.4,207,0,27.83,8.35,2.92,0,1.17,0,0,5.69,30.6,81,26.5
30-01-2020 09:30,3.2,198,0,27.87,8.36,3.13,0,1.1,0,0.16,5.78,30.7,83,26.6
30-01-2020 09:40,3.2,195,0,27.89,8.33,2.74,0,0.59,0,0,5.5,30.42,81,26.6
30-01-2020 09:50,3.5,185,0,27.84,8.37,2.71,0,0.69,0,0,5.75,30.89,80,26.6
30-01-2020 10:00,4.8,177,0,27.96,8.34,2.89,0,0.52,0,0,5.57,30.6,80,26.6
30-01-2020 10:10,4.8,175,0,27.93,8.39,2.8,0,0.85,0,0,6.05,31.03,80,26.6
30-01-2020 10:20,4.3,173,0,27.92,8.41,2.88,0,0.91,0,0,6.28,31.14,78,26.6
30-01-2020 10:30,4.6,171,0,27.89,8.42,2.81,0,1.07,0,0,6.38,31.2,81,26.8
30-01-2020 10:40,4.6,170,0,27.94,8.42,2.74,0,1.38,0,0.66,6.45,31.18,80,26.6
30-01-2020 10:50,4.7,164,0,27.89,8.44,2.5,0,1.22,0,0.51,6.6,31.28,81,26.9
30-01-2020 11:00,4.3,166,0,27.9,8.44,2.57,0,1.57,0,0.74,6.71,31.35,80,26.6
30-01-2020 11:10,4.5,161,0,27.88,8.45,2.13,0,1.12,0,0,6.64,31.38,83,27
30-01-2020 11:20,4.6,160,0,27.85,8.45,2.08,0,0.78,0,0,6.6,31.42,79,26.8
30-01-2020 11:30,4.5,158,0,27.88,8.45,2.04,0,1.13,0,0,6.65,31.43,83,26.9
30-01-2020 11:40,4.5,152,0,27.9,8.45,1.99,0,0.69,0,0,6.67,31.45,82,26.6
30-01-2020 11:50,5.7,153,0,27.89,8.45,1.94,0,0.69,0,0,6.59,31.45,81,26.6
30-01-2020 12:00,5.8,156,0,27.9,8.45,2.01,0,0.6,0,0,6.64,31.46,81,26.7
30-01-2020 12:10,6,156,0,27.89,8.45,2.14,0,0.84,0,0,6.64,31.47,80,26.7
30-01-2020 12:20,5.8,161,0,27.86,8.45,1.96,0,0.63,0,0,6.58,31.52,79,26.8
30-01-2020 12:30,5.8,162,0,27.87,8.45,1.88,0,0.58,0,0,6.56,31.53,80,26.6
30-01-2020 12:40,6.1,161,0,27.9,8.45,1.98,0,0.91,0,0,6.59,31.55,79,26.6
30-01-2020 12:50,6.1,159,0,27.91,8.45,1.93,0,0.66,0,0,6.54,31.58,81,26.9
30-01-2020 13:00,5.9,161,0,27.92,8.46,1.94,0,0.97,0,0,6.72,31.56,80,26.7
30-01-2020 13:10,5.5,161,0,27.98,8.47,2.13,0,1.14,0,0,6.87,31.55,81,26.8
30-01-2020 13:20,5.5,160,0,27.96,8.46,1.94,0,0.82,0,0,6.7,31.58,80,26.6
30-01-2020 13:30,5.7,160,0,27.97,8.46,1.93,0,0.85,0,0,6.62,31.57,80,26.9
30-01-2020 13:40,5.6,160,0,27.98,8.46,1.9,0,0.84,0,0,6.58,31.58,80,26.8
30-01-2020 13:50,5.6,158,0,27.99,8.45,1.99,0,0.74,0,0,6.54,31.61,80,26.7
30-01-2020 14:00,5.3,157,0,28,8.45,2,0,0.74,0,0,6.55,31.62,82,26.9
30-01-2020 14:10,5.3,157,0,28.02,8.46,1.97,0,0.87,0,0,6.55,31.66,80,26.8
30-01-2020 14:20,5.1,149,0,27.99,8.45,1.97,0,0.87,0,0,6.53,31.68,81,26.9
30-01-2020 14:30,5.1,150,0,28.03,8.46,1.98,0,0.89,0,0,6.58,31.67,78,26.8
30-01-2020 14:40,5.1,153,0,28.06,8.46,2.03,0,1.05,0,0,6.63,31.68,81,27
30-01-2020 14:50,5.3,149,0,28.07,8.46,1.99,0,0.81,0,0,6.67,31.69,80,26.9
30-01-2020 15:00,5,152,0,28.07,8.46,2.03,0,0.97,0,0,6.67,31.7,79,27
30-01-2020 15:10,5.2,154,0,28.09,8.47,2.02,0,1.37,0,0.04,6.76,31.68,82,27.1
30-01-2020 15:20,5.3,153,0,28.11,8.47,2.12,0,1.11,0,0.23,6.82,31.69,79,27
30-01-2020 15:30,5.4,150,0,28.1,8.47,2.02,0,1.42,0,0.53,6.75,31.71,81,27.2
30-01-2020 15:40,5.4,153,0,28.11,8.47,2.17,0,1.45,0,0.68,6.76,31.71,80,27.1
30-01-2020 15:50,5.5,152,0,28.11,8.48,2.05,0,1.52,0,1.01,6.89,31.69,77,27
30-01-2020 16:00,5.5,150,0,28.1,8.47,2.06,0,1.48,0,0.65,6.85,31.7,77,27.1
30-01-2020 16:10,5.4,150,0,28.1,8.47,2.06,0,1.51,0,1,6.71,31.73,80,27
30-01-2020 16:20,5.4,152,0,28.09,8.47,2.01,0,1.64,0,0.98,6.68,31.74,76,27.1
30-01-2020 16:30,5.4,150,0,28.08,8.46,1.94,0,1.77,0,1.01,6.62,31.73,78,27.1
30-01-2020 16:40,5.3,151,0,28.05,8.46,2.05,0,1.55,0,1.34,6.59,31.73,80,27.1
30-01-2020 16:50,5.1,152,0,28.03,8.46,1.95,0,1.85,0,0.8,6.57,31.74,80,27
30-01-2020 17:00,5.1,155,0,28.02,8.46,1.95,0,1.47,0,0.4,6.56,31.74,80,27.2
30-01-2020 17:10,5.3,155,0,28,8.46,1.91,0,1.47,0,0.9,6.54,31.75,80,27
30-01-2020 17:20,5.5,150,0,27.99,8.46,1.96,0,1.5,0,0.67,6.52,31.75,83,27.2
30-01-2020 17:30,5.1,149,0,27.97,8.46,1.94,0,1.44,0,0.56,6.51,31.76,82,26.9
30-01-2020 17:40,4.9,152,0,27.97,8.46,1.93,0,1.38,0,0.34,6.48,31.76,80,26.9
30-01-2020 17:50,4.9,152,0,27.97,8.46,1.83,0,1.24,0,0,6.53,31.75,82,26.8
30-01-2020 18:00,4.7,156,0,27.97,8.46,1.9,0,1.29,0,0,6.52,31.75,82,26.8
30-01-2020 18:10,4.4,154,0,27.97,8.46,1.86,0,1.36,0,0,6.51,31.73,83,26.6
30-01-2020 18:20,4.6,152,0,27.98,8.46,1.95,0,1.75,0,0.36,6.45,31.75,83,26.7
30-01-2020 18:30,4.7,153,0,27.94,8.46,1.96,0,1.22,0,0,6.45,31.75,82,26.7
30-01-2020 18:40,4.8,156,0,27.95,8.46,1.9,0,1.13,0,0,6.49,31.73,84,26.6
30-01-2020 18:50,4.8,160,0,28.03,8.42,4.13,0,2.84,0,3.27,6.36,31,85,26.7
30-01-2020 19:00,4.7,157,0,27.92,8.46,2.06,0,1.63,0,0.44,6.39,31.77,85,26.6
30-01-2020 19:10,4.6,154,0,27.93,8.46,1.93,0,1.02,0,0,6.47,31.74,85,26.6
30-01-2020 19:20,4.7,149,0,27.94,8.46,2.1,0,1,0,0,6.5,31.73,84,26.5
30-01-2020 19:30,5,144,0,27.93,8.46,2.1,0,1.32,0,0,6.46,31.75,85,26.6
30-01-2020 19:40,5,143,0,27.92,8.46,2.21,0,1.36,0,0,6.39,31.77,87,26.6
30-01-2020 19:50,5.6,142,0,27.9,8.46,2.03,0,1.04,0,0,6.45,31.74,86,26.5
30-01-2020 20:00,5.8,135,0,27.9,8.46,1.98,0,0.98,0,0,6.45,31.74,86,26.5
30-01-2020 20:10,6.1,138,0,27.89,8.46,1.98,0,0.97,0,0,6.46,31.73,86,26.5
30-01-2020 20:20,6.1,136,0,27.9,8.46,1.99,0,1.14,0,0,6.41,31.74,87,26.6
30-01-2020 20:30,5.9,132,0,27.89,8.46,2.1,0,1.13,0,0,6.39,31.76,86,26.5
30-01-2020 20:40,6,129,0,27.87,8.46,2.26,0,1.05,0,0,6.43,31.73,86,26.5
30-01-2020 20:50,5.6,128,0,27.83,8.47,1.91,0,0.93,0,0,6.47,31.72,86,26.4
30-01-2020 21:00,5.8,128,0,27.81,8.47,1.99,0,1.1,0,0,6.47,31.72,85,26.5
30-01-2020 21:10,5.5,129,0,27.82,8.46,2.07,0,1.2,0,0,6.42,31.75,85,26.5
30-01-2020 21:20,5.3,131,0,27.8,8.46,2.04,0,1.16,0,0,6.4,31.75,84,26.6
30-01-2020 21:30,5.4,133,0,27.8,8.46,2.14,0,1.02,0,0,6.39,31.76,84,26.8
30-01-2020 21:40,5.3,135,0,27.81,8.46,1.92,0,1.13,0,0,6.43,31.75,82,26.6
30-01-2020 21:50,5.1,138,0,27.8,8.46,1.96,0,1.28,0,0,6.39,31.77,83,26.6
30-01-2020 22:00,5.2,133,0,27.78,8.46,2.06,0,1.02,0,0,6.35,31.78,85,26.7
30-01-2020 22:10,5.1,142,0,27.77,8.46,2,0,0.97,0,0,6.4,31.77,83,26.7
30-01-2020 22:20,4.6,138,0,27.76,8.46,1.93,0,1.27,0,0,6.38,31.78,84,26.7
30-01-2020 22:30,4.4,138,0,27.76,8.46,1.96,0,1.15,0,0,6.36,31.79,83,26.6
30-01-2020 22:40,4.7,130,0,27.75,8.46,1.91,0,1.31,0,0,6.37,31.79,84,26.7
30-01-2020 22:50,4.4,134,0,27.74,8.46,1.99,0,1.28,0,0,6.38,31.78,82,26.6
30-01-2020 23:00,4.3,135,0,27.73,8.47,1.86,0,1.18,0,0,6.45,31.77,83,26.6
30-01-2020 23:10,4.5,139,0,27.73,8.47,1.86,0,0.99,0,0,6.46,31.77,81,26.6
30-01-2020 23:20,3.9,138,0,27.71,8.47,1.86,0,1.09,0,0,6.52,31.74,82,26.6
30-01-2020 23:30,4.5,130,0,27.72,8.47,1.97,0,0.88,0,0,6.5,31.73,83,26.7
30-01-2020 23:40,4.4,131,0,27.7,8.47,1.83,0,0.99,0,0,6.52,31.72,82,26.6
30-01-2020 23:50,4,142,0,27.73,8.47,1.88,0,0.99,0,0,6.49,31.74,83,26.6
31-01-2020 00:00,4.3,135,0,27.73,8.47,1.94,0,1.07,0,0,6.47,31.75,81,26.6
31-01-2020 00:10,3.9,136,0,27.68,8.48,1.81,0,0.83,0,0,6.6,31.68,81,26.6
31-01-2020 00:20,4.1,136,0,27.69,8.48,1.86,0,0.94,0,0,6.63,31.67,81,26.6
31-01-2020 00:30,3.7,133,0,27.69,8.48,1.84,0,1.19,0,0,6.57,31.69,82,26.6
31-01-2020 00:40,3.4,134,0,27.69,8.48,1.84,0,0.8,0,0,6.63,31.67,83,26.6
31-01-2020 00:50,3.5,140,0,27.7,8.48,1.93,0,0.99,0,0,6.64,31.66,82,26.6
31-01-2020 01:00,3.6,139,0,27.69,8.49,1.9,0,1.09,0,0,6.71,31.64,82,26.6
31-01-2020 01:10,3.4,146,0,27.7,8.49,1.88,0,0.96,0,0,6.7,31.64,82,26.5
31-01-2020 01:20,3.6,137,0,27.69,8.49,1.88,0,1.23,0,0,6.68,31.64,82,26.5
31-01-2020 01:30,3.7,140,0,27.7,8.49,1.88,0,1.01,0,0,6.65,31.64,82,26.5
31-01-2020 01:40,3.4,141,0,27.71,8.49,1.84,0,1.32,0,0,6.68,31.65,84,26.6
31-01-2020 01:50,3.6,150,0,27.66,8.49,1.88,0,1.43,0,0,6.69,31.61,82,26.5
31-01-2020 02:00,3.6,152,0,27.61,8.5,2.01,0,1.96,0,1,6.65,31.46,82,26.4
31-01-2020 02:10,3.8,156,0,27.52,8.5,2.19,0,3.57,0,3.09,6.65,31.32,82,26.5
31-01-2020 02:20,3.9,154,0,27.57,8.5,2.03,0,2.22,0,0.91,6.69,31.41,82,26.4
31-01-2020 02:30,4.2,156,0,27.6,8.5,1.95,0,2.34,0,1.23,6.7,31.46,83,26.5
31-01-2020 02:40,4.1,157,0,27.62,8.5,2.01,0,1.72,0,0.66,6.69,31.49,83,26.4
31-01-2020 02:50,3.8,166,0,27.58,8.5,2.01,0,2.14,0,1.03,6.7,31.44,83,26.6
31-01-2020 03:00,4,171,0,27.59,8.5,1.88,0,2.06,0,0.66,6.7,31.45,81,26.5
31-01-2020 03:10,4.3,181,0,27.29,8.45,2.92,0,4.28,0,5.42,6.23,30.55,81,26.5
31-01-2020 03:20,4.1,165,0,27.23,8.37,3.98,0,5.59,0,6.71,5.53,29.74,81,26.3
31-01-2020 03:30,3.6,163,0,27.24,8.31,6.47,0,5.84,0,8.03,4.97,29.19,82,26.4
31-01-2020 03:40,4.1,173,0,27.22,8.25,10.77,0,5.82,0,8.25,4.28,27.95,80,26.4
31-01-2020 03:50,3.9,167,0,27.17,8.15,14.58,0,5.55,0,8.82,3.43,27.71,82,26.4
31-01-2020 04:00,3.6,166,0,27.17,8.14,15.54,0,5.88,0,8.16,3.4,27.51,83,26.5
31-01-2020 04:10,3.7,171,0,27.27,8.22,10.84,0,5.84,0,8.39,4.15,28.46,80,26.4
31-01-2020 04:20,3.8,177,0,27.27,8.2,10.17,0,5.73,0,8.3,3.86,27.94,82,26.4
31-01-2020 04:30,3.9,173,0,27.29,8.24,10.22,0,6.5,0,9.07,4.24,28.14,81,26.5
31-01-2020 04:40,3.9,178,0,27.22,8.17,12.84,0,6.45,0,9.64,3.6,27.34,82,26.6
31-01-2020 04:50,3.1,200,0,27.26,8.16,14.94,0,5.38,0,9.8,3.44,27.09,83,26.2
31-01-2020 05:00,2.1,252,0,27.4,8.28,7.88,0,5.55,0,9.23,4.61,28.82,84,26
31-01-2020 05:10,2.2,256,0,27.48,8.41,4.4,0,6.36,0,9.22,5.35,30.29,84,25.9
31-01-2020 05:20,2,260,0,27.47,8.43,3.87,0,6.44,0,9.57,5.4,30.35,85,25.7
31-01-2020 05:30,1.5,267,0,27.45,8.44,3.82,0,7.44,0,11.21,5.51,30.33,85,25.6
31-01-2020 05:40,1.6,284,0,27.48,8.47,3.22,0,7.17,0,10.25,5.79,30.59,87,25.4
31-01-2020 05:50,1.9,277,0,27.48,8.46,3.23,0,6.98,0,10.36,5.75,30.57,87,25.2
31-01-2020 06:00,2.2,278,0,27.47,8.44,3.57,0,6.86,0,8.35,5.29,30.47,89,25
31-01-2020 06:10,2,281,0,27.42,8.42,3.16,0,6.06,0,9.02,5.6,30.58,90,24.8
31-01-2020 06:20,2.3,286,0,27.4,8.44,3.15,0,6.39,0,8.95,5.71,30.57,90,24.7
31-01-2020 06:30,2.2,287,0,27.35,8.43,3.3,0,5.02,0,6.43,5.66,30.6,91,24.6
31-01-2020 06:40,2.1,291,0,27.45,8.43,3.38,0,5.68,0,8.64,5.75,30.71,92,24.5
31-01-2020 06:50,2.5,281,0,27.43,8.42,3.53,0,5.32,0,7.71,5.67,30.63,92,24.4
31-01-2020 07:00,2.5,276,0,27.47,8.41,3.53,0,4.79,0,6.55,5.64,30.63,92,24.4
31-01-2020 07:10,2.4,281,0,27.45,8.39,3.69,0,4.4,0,5.61,5.59,30.59,92,24.4
31-01-2020 07:20,2.2,277,0,27.48,8.38,3.62,0,3.71,0,5.25,5.56,30.58,92,24.4
31-01-2020 07:30,2.6,279,0,27.53,8.39,3.59,0,3.46,0,4.43,5.6,30.71,92,24.6
31-01-2020 07:40,2.6,284,0,27.52,8.39,3.81,0,3.31,0,4.04,5.63,30.68,91,24.6
31-01-2020 07:50,2.9,282,0,27.57,8.4,3.24,0,2.85,0,3.57,5.76,30.95,90,24.8
31-01-2020 08:00,2.6,278,0,27.58,8.4,3.42,0,2.41,0,2.75,5.76,30.85,89,25.1
31-01-2020 08:10,2.3,276,0,27.61,8.4,3.17,0,1.66,0,1.43,5.82,31.02,89,25.4
31-01-2020 08:20,2.1,286,0,27.64,8.39,3.26,0,1.84,0,1.02,5.74,30.94,87,25.5
31-01-2020 08:30,2.1,293,0,27.66,8.37,3.34,0,1.88,0,1.29,5.54,30.74,85,25.9
31-01-2020 08:40,1.9,280,0,27.7,8.36,3.58,0,1.77,0,1.19,5.54,30.7,83,26.2
31-01-2020 08:50,1.6,266,0,27.74,8.37,3.6,0,1.3,0,0.44,5.57,30.8,83,26.6
31-01-2020 09:00,0.8,273,0,27.78,8.37,3.16,0,1.28,0,0.54,5.59,30.85,81,27.1
31-01-2020 09:10,0.9,239,0,27.83,8.36,3.33,0,1.3,0,0.46,5.52,30.87,79,27.3
31-01-2020 09:20,0.8,176,0,27.82,8.38,3.95,0,1.01,0,0,5.63,31.04,79,27.4
31-01-2020 09:30,0.6,209,0,27.83,8.39,2.9,0,1.05,0,0.07,5.61,31.16,76,28
31-01-2020 09:40,1.6,193,0,27.93,8.38,2.89,0,1.02,0,0.38,5.63,30.99,76,27.7
31-01-2020 09:50,2,199,0,27.95,8.39,2.83,0,1.06,0,0,5.7,31.08,76,27.5
31-01-2020 10:00,2.4,198,0,27.96,8.4,2.75,0,1.15,0,0.2,5.92,31.21,77,27.3
31-01-2020 10:10,2.5,177,0,28.02,8.4,2.72,0,0.81,0,0,5.82,31.16,77,27.2
31-01-2020 10:20,3.2,175,0,28.03,8.41,2.69,0,0.88,0,0,5.94,31.14,79,27.2
31-01-2020 10:30,3.1,172,0,28.04,8.41,2.83,0,0.91,0,0,5.89,31.13,79,27.2
31-01-2020 10:40,3.5,173,0,28.51,8.31,3.71,0,0.96,0,0,5.11,30.29,79,27.1
31-01-2020 10:50,3.5,161,0,28.27,8.37,3.16,0,1.11,0,0,5.71,30.91,79,27.1
31-01-2020 11:00,3.5,153,0,28.55,8.32,4.68,0,0.98,0,0,5.33,30.22,81,27.2
31-01-2020 11:10,3.6,152,0,28.38,8.38,3.49,0,1.05,0,0,5.86,30.81,79,27.1
31-01-2020 11:20,3.9,154,0,28.5,8.36,4.11,0,0.62,0,0,5.62,30.59,80,27.1
31-01-2020 11:30,3.8,151,0,28.41,8.39,3.33,0,0.37,0,0,5.98,30.92,81,27.1
31-01-2020 11:40,3.6,158,0,28.13,8.45,2.46,0,0.34,0,0,6.47,31.43,80,27.1
31-01-2020 11:50,3.9,155,0,28.16,8.48,1.94,0,0.23,0,0,6.7,31.65,80,27.1
31-01-2020 12:00,4,155,0,28.16,8.49,2.02,0,0.41,0,0,6.75,31.66,81,27
31-01-2020 12:10,3.8,160,0,28.19,8.49,2.18,0,0.67,0,0,6.85,31.64,80,27
31-01-2020 12:20,3.5,158,0,28.16,8.49,2.07,0,0.26,0,0,6.82,31.66,81,27
31-01-2020 12:30,3.6,160,0,28.21,8.49,2.04,0,0.58,0,0,6.89,31.64,81,27
31-01-2020 12:40,3.8,156,0,28.16,8.49,2.2,0,0.64,0,0,6.85,31.65,79,26.9
31-01-2020 12:50,4.1,152,0,28.18,8.49,2.03,0,0.47,0,0,6.84,31.65,80,26.9
31-01-2020 13:00,4.1,150,0,28.22,8.5,2.08,0,0.51,0,0,6.99,31.66,80,27
31-01-2020 13:10,3.9,143,0,28.27,8.5,2.31,0,0.48,0,0,7.04,31.64,82,27.1
31-01-2020 13:20,4.2,144,0,28.36,8.2,2.2,0,0.86,0,0,7.11,31.63,80,27
31-01-2020 13:30,4,139,0,28.31,8.5,2.09,0,0.7,0,0,7.01,31.64,81,27
31-01-2020 13:40,3.8,141,0,28.33,8.5,2.09,0,0.63,0,0,7.05,31.66,80,26.9
31-01-2020 13:50,4.1,142,0,28.28,8.5,2.06,0,0.74,0,0,6.94,31.66,80,27
31-01-2020 14:00,4.1,138,0,28.27,8.49,2.14,0,0.7,0,0,6.89,31.67,81,27
31-01-2020 14:10,4.3,132,0,28.28,8.5,2.19,0,0.55,0,0,6.98,31.68,83,27.2
31-01-2020 14:20,4.2,131,0,28.34,8.2,2.11,0,0.99,0,0,7.17,31.69,80,26.9
31-01-2020 14:30,4.7,138,0,28.39,8.2,2.17,0,1.5,0,0.35,7.47,31.7,82,27.1
31-01-2020 14:40,4.9,136,0,28.39,8.2,2.43,0,1.56,0,0.93,7.5,31.7,81,27
31-01-2020 14:50,5,141,0,28.4,8.2,2.21,0,1.45,0,1.06,7.49,31.7,83,27.2
31-01-2020 15:00,4.7,139,0,28.41,8.2,2.39,0,1.78,0,1.22,7.6,31.71,81,27.1
31-01-2020 15:10,4.2,132,0,28.38,8.2,2.23,0,1.53,0,0.63,7.47,31.7,81,27.2
31-01-2020 15:20,4.4,135,0,28.42,8.2,2.15,0,1.62,0,0.96,7.48,31.7,80,27.1
31-01-2020 15:30,5.1,135,0,28.43,8.2,2.13,0,1.76,0,0.75,7.63,31.71,79,27.1
31-01-2020 15:40,4.3,141,0,28.4,8.2,2.13,0,1.31,0,0.15,7.49,31.71,79,27.2
31-01-2020 15:50,3.1,141,0,28.57,8.2,2.17,0,2.36,0,2.35,7.66,31.56,81,27.3
31-01-2020 16:00,2.9,141,0,28.52,8.2,2.26,0,2.13,0,1.73,7.65,31.58,80,27.2
31-01-2020 16:10,3.2,140,0,28.5,8.2,2.2,0,2.63,0,3.05,7.65,31.57,80,27.2
31-01-2020 16:20,2.9,138,0,28.46,8.2,2.17,0,2.15,0,2.21,7.54,31.6,80,27.3
31-01-2020 16:30,2.8,141,0,28.35,8.2,1.94,0,1.19,0,0,7.2,31.61,79,27.2
31-01-2020 16:40,2.7,133,0,28.34,8.2,1.96,0,0.78,0,0,7.14,31.59,80,27.3
31-01-2020 16:50,2.9,143,0,28.32,8.2,2.04,0,0.59,0,0,7.14,31.58,79,27.2
31-01-2020 17:00,2.9,143,0,28.26,8.2,1.99,0,0.71,0,0,7.1,31.56,80,27.3
31-01-2020 17:10,2.8,139,0,28.18,8.5,1.95,0,0.62,0,0,6.96,31.47,80,27.2
31-01-2020 17:20,2.6,137,0,28.66,8.4,3.76,0,1.5,0,0.08,6.17,30.53,80,27.3
31-01-2020 17:30,2.5,136,0,28.57,8.39,3.72,0,1.55,0,0,5.94,30.39,79,27.3
31-01-2020 17:40,3.7,132,0,28.76,8.3,5.16,0,2.16,0,1.32,5.11,29.51,78,27.4
31-01-2020 17:50,3.8,132,0,27.98,8.5,1.83,0,0.15,0,0,6.73,31.3,80,27.3
31-01-2020 18:00,3.6,130,0,27.93,8.49,1.83,0,0.2,0,0,6.76,31.28,80,27.3
31-01-2020 18:10,3.3,135,0,27.93,8.49,1.83,0,0.3,0,0,6.79,31.33,80,27.2
31-01-2020 18:20,3.4,131,0,27.98,8.49,1.97,0,0.32,0,0,6.79,31.34,80,27.2
31-01-2020 18:30,3.7,115,0,28.3,8.44,4.01,0,2.68,0,2.19,6.76,30.4,79,27.1
31-01-2020 18:40,3.6,121,0,27.97,8.5,1.89,0,0.49,0,0,6.83,31.36,82,27.3
31-01-2020 18:50,4.2,120,0,27.97,8.49,1.91,0,0.66,0,0,6.8,31.35,79,27.2
31-01-2020 19:00,4.2,119,0,28.17,8.46,3.34,0,1.48,0,0.6,6.67,30.79,80,27.2
31-01-2020 19:10,3.8,122,0,28.22,8.45,3.65,0,1.95,0,1.52,6.68,30.63,78,27.1
31-01-2020 19:20,3.6,121,0,28.3,8.41,4.99,0,2.94,0,3.55,6.32,30.09,82,27.3
31-01-2020 19:30,3.8,128,0,28.37,8.37,6.73,0,3.23,0,4.63,5.77,29.55,79,27.2
31-01-2020 19:40,3.6,125,0,28.3,8.38,6.19,0,2.56,0,3.24,5.84,29.88,79,27.3
31-01-2020 19:50,3.7,126,0,28.3,8.38,6.47,0,3.22,0,3.7,5.81,29.8,79,27.2
31-01-2020 20:00,3.4,121,0,28.05,8.49,1.98,0,0.54,0,0,6.84,31.41,81,27.2
31-01-2020 20:10,3.3,122,0,28.09,8.5,2.01,0,0.64,0,0,6.87,31.44,79,27.1
31-01-2020 20:20,3.5,121,0,28.1,8.5,2.03,0,0.6,0,0,6.86,31.46,80,27.2
31-01-2020 20:30,3.6,117,0,28.11,8.46,2.97,0,1.34,0,0,6.63,31.05,82,27.2
31-01-2020 20:40,4,118,0,28.25,8.43,4.87,0,3.94,0,6.02,6.46,30.28,81,27.1
31-01-2020 20:50,4.3,120,0,28.39,8.41,5.08,0,4.35,0,6.05,6.26,30.02,80,27.1
31-01-2020 21:00,4.6,116,0,28.36,8.41,5.18,0,4.58,0,9.21,6.17,30.18,80,27.1
31-01-2020 21:10,4.7,108,0,28.37,8.39,5.62,0,4.83,0,7.22,5.95,29.71,81,27.2
31-01-2020 21:20,4.8,116,0,28.29,8.38,5.68,0,4.54,0,12.4,5.76,29.8,81,27.1
31-01-2020 21:30,5,112,0,28.23,8.37,5.59,0,4.53,0,6.3,5.67,29.77,80,27
31-01-2020 21:40,5.2,109,0,28.14,8.38,5.21,0,3.36,0,5.66,5.76,30,81,27.1
31-01-2020 21:50,5.4,110,0,28.03,8.38,4.84,0,2.48,0,2.94,5.75,30.16,81,27.2
31-01-2020 22:00,5.2,113,0,27.96,8.42,3.47,0,1.56,0,0.27,6.22,30.76,82,27.1
31-01-2020 22:10,5.3,109,0,28.08,8.49,2.05,0,0.6,0,0,6.84,31.48,80,27.1
31-01-2020 22:20,5.3,110,0,28.08,8.49,2.08,0,0.66,0,0,6.85,31.48,82,27.1
31-01-2020 22:30,5.1,107,0,28.08,8.5,2.15,0,0.58,0,0,6.86,31.5,83,27.2
31-01-2020 22:40,5.1,105,0,28.09,8.5,2.16,0,0.68,0,0,6.87,31.5,84,27.2
31-01-2020 22:50,5.6,100,0,28.09,8.5,2.11,0,0.61,0,0,6.87,31.51,84,27.2
31-01-2020 23:00,5.8,114,0,28.09,8.5,2.07,0,0.68,0,0,6.92,31.52,80,27.1
31-01-2020 23:10,5.4,116,0,28.08,8.5,2.05,0,0.59,0,0,6.93,31.53,78,27.1
31-01-2020 23:20,5.5,114,0,28.09,8.5,2.1,0,0.71,0,0,6.93,31.54,82,27.2
31-01-2020 23:30,5.7,112,0,28.09,8.5,2.22,0,0.54,0,0,6.94,31.54,81,27.1
31-01-2020 23:40,5.3,112,0,28.09,8.5,2.09,0,0.53,0,0,6.91,31.54,79,27.1
31-01-2020 23:50,5.2,114,0,28.1,8.5,2.21,0,0.64,0,0,6.93,31.56,82,27.2
01-02-2020 00:00,5,111,0,28.1,8.5,2.11,0,0.59,0,0,6.92,31.57,78,27.1
01-02-2020 00:10,4.9,109,0,28,8.5,2.1,0,0.74,0,0,6.95,31.55,79,27
01-02-2020 00:20,4.5,113,0,28,8.5,2.03,0,0.85,0,0,6.94,31.55,81,27
01-02-2020 00:30,4.3,116,0,28.01,8.5,2.02,0,0.86,0,0,6.91,31.57,81,26.9
01-02-2020 00:40,4,121,0,27.99,8.2,4.34,0,0.8,0,0,7.01,31.53,82,26.9
01-02-2020 00:50,3.8,120,0,28,8.2,2.04,0,0.92,0,0,7.01,31.53,80,27
01-02-2020 01:00,3.9,125,0,27.99,8.2,2.04,0,0.87,0,0,7.03,31.53,80,26.9
01-02-2020 01:10,4,122,0,28,8.2,2.09,0,0.8,0,0,7.03,31.54,81,27
01-02-2020 01:20,3.9,119,0,28.01,8.2,2,0,0.79,0,0,7.02,31.54,81,27
01-02-2020 01:30,4.4,125,0,28,8.2,2.07,0,0.78,0,0,7,31.53,80,27
01-02-2020 01:40,4.2,122,0,28,8.2,2.1,0,0.94,0,0,7,31.53,81,27
01-02-2020 01:50,4,120,0,27.95,8.2,2.11,0,1.18,0,0,6.96,31.49,79,27
01-02-2020 02:00,4.2,129,0,27.94,8.5,2.32,0,0.77,0,0,6.91,31.47,78,26.9
01-02-2020 02:10,4.1,126,0,27.92,8.5,2.23,0,1.09,0,0,6.85,31.44,79,26.9
01-02-2020 02:20,3.8,130,0,27.92,8.5,2.35,0,0.88,0,0,6.84,31.43,79,26.9
01-02-2020 02:30,3.9,129,0,27.91,8.5,2.38,0,0.99,0,0,6.8,31.41,76,26.9
01-02-2020 02:40,4.1,130,0,27.91,8.5,2.59,0,1.21,0,0,6.82,31.42,82,27.2
01-02-2020 02:50,4.3,137,0,27.94,8.5,2.41,0,1.05,0,0,6.84,31.45,78,26.9
01-02-2020 03:00,4.3,142,0,27.95,8.5,2.42,0,1.19,0,0,6.84,31.46,81,27.1
01-02-2020 03:10,4.2,143,0,27.95,8.5,2.32,0,1.03,0,0,6.85,31.46,80,26.9
01-02-2020 03:20,3.6,137,0,27.89,8.49,2.29,0,1.06,0,0,6.77,31.42,82,27
01-02-2020 03:30,3.2,139,0,27.91,8.5,2.28,0,1.07,0,0,6.79,31.42,79,26.8
01-02-2020 03:40,3.3,144,0,27.93,8.5,2.3,0,1.16,0,0,6.76,31.42,81,26.9
01-02-2020 03:50,3.7,142,0,27.9,8.49,2.65,0,1.41,0,0.37,6.74,31.31,80,27
01-02-2020 04:00,3.3,139,0,27.89,8.48,2.49,0,1.36,0,0.63,6.68,31.27,81,27
01-02-2020 04:10,4.1,124,0,27.59,8.45,2.94,0,2.54,0,2.68,6.38,30.81,80,26.8
01-02-2020 04:20,3.9,126,0,27.48,8.42,3.26,0,2.53,0,3.22,6.1,30.57,80,26.8
01-02-2020 04:30,3.6,123,0,27.41,8.39,3.65,0,2.83,0,3.58,5.79,30.3,82,27
01-02-2020 04:40,3.8,126,0,27.38,8.38,3.57,0,3.42,0,4.11,5.71,30.23,80,27
01-02-2020 04:50,4.2,135,0,27.47,8.4,3.24,0,2.27,0,2.34,5.92,30.49,79,27.1
01-02-2020 05:00,3.5,164,0,27.59,8.42,3.19,0,2.16,0,2.08,6.14,30.72,80,27.1
01-02-2020 05:10,3.8,171,0,27.89,8.47,2.5,0,1.95,0,0.91,6.63,31.24,79,27.1
01-02-2020 05:20,3.9,155,0,27.94,8.49,2.39,0,1.04,0,0,6.8,31.39,79,27
01-02-2020 05:30,3.9,167,0,27.86,8.49,2.34,0,1.24,0,0,6.74,31.37,78,26.9
01-02-2020 05:40,3.4,162,0,27.48,8.25,5.83,0,2.28,0,2.43,4.32,28.99,78,27
01-02-2020 05:50,3.2,173,0,27.5,8.23,10.3,0,2.86,0,3.41,3.94,28.24,78,26.9
01-02-2020 06:00,3.3,168,0,27.61,8.26,9.34,0,2.53,0,2.84,4.49,29.07,79,27
01-02-2020 06:10,3.7,160,0,27.53,8,25.39,0,4.95,0,7.9,2.01,28.55,80,26.9
01-02-2020 06:20,3.8,163,0,27.61,8.1,13.18,0,3.9,0,5.58,2.6,28.71,82,27.1
01-02-2020 06:30,3.8,170,0,27.66,8.16,10.46,0,3.64,0,5.27,3.36,28.05,82,26.7
01-02-2020 06:40,2.1,260,0,27.68,8.15,10.76,0,4.01,0,6.73,3.37,28.02,84,26.1
01-02-2020 06:50,1.8,267,0,27.78,8.26,5.3,0,5.52,0,14.96,4.47,29.79,85,25.7
01-02-2020 07:00,2.1,277,0,27.86,8.29,5.44,0,4.86,0,8.66,4.55,30.01,87,25.5
01-02-2020 07:10,1.9,274,0,27.86,8.25,5.08,0,5.14,0,9.02,4.1,29.58,87,25.4
01-02-2020 07:20,1.7,277,0,27.89,8.26,4.65,0,4.78,0,7.39,4.22,29.85,87,25.5
01-02-2020 07:30,1.6,278,0,27.71,8.26,4.79,0,4.19,0,5.47,4.42,29.6,86,25.7
01-02-2020 07:40,1.5,271,0,27.59,8.15,5.63,0,4.05,0,5.94,3.27,28.71,86,26
01-02-2020 07:50,1.7,241,0,27.67,8.28,4.16,0,3.41,0,5.3,4.57,29.81,84,26.2
01-02-2020 08:00,2,224,0,27.7,8.26,4.36,0,3.52,0,5.55,4.42,29.64,83,26.6
01-02-2020 08:10,2.1,221,0,27.74,8.39,3.95,0,3.53,0,5.5,5.46,30.39,82,26.6
01-02-2020 08:20,2.3,219,0,27.75,8.32,3.88,0,2.65,0,3.16,4.85,29.93,82,26.7
01-02-2020 08:30,2.2,218,0,27.78,8.31,4.28,0,2.92,0,3.93,4.73,29.8,82,26.9
01-02-2020 08:40,2.5,215,0,27.83,8.32,4.3,0,3.27,0,4.06,4.96,29.86,80,27
01-02-2020 08:50,2.5,205,0,27.91,8.32,4.19,0,3.14,0,4.59,4.96,29.86,79,27.1
01-02-2020 09:00,2.3,187,0,27.93,8.37,3.67,0,2.94,0,3.77,5.52,30.35,80,27.3
01-02-2020 09:10,2.3,182,0,28.13,8.16,6.19,0,2.85,0,3.53,4.03,28.06,78,27.2
01-02-2020 09:20,2.5,180,0,28.04,8.3,4.07,0,2.21,0,2.32,5.11,29.55,79,27.3
01-02-2020 09:30,2.5,185,0,27.98,8.39,4.2,0,2.26,0,2.38,5.79,30.22,79,27.4
01-02-2020 09:40,2.9,185,0,28.29,8.19,6.62,0,2.81,0,3.64,3.96,27.72,79,27.3
01-02-2020 09:50,2.8,184,0,28.03,8.37,4.38,0,2.91,0,3.78,5.58,30.12,80,27.4
01-02-2020 10:00,2.8,180,0,28.24,8.24,6.34,0,2.44,0,3.21,4.84,28.88,80,27.5
01-02-2020 10:10,3,178,0,28.03,8.41,4.35,0,2.68,0,3.43,5.79,30.43,80,27.3
01-02-2020 10:20,3.2,183,0,28.28,8.29,6.41,0,2.99,0,3.65,5.26,29.32,81,27.5
01-02-2020 10:30,3.6,179,0,28.43,8.28,8.14,0,2.96,0,4.2,5.07,28.82,81,27.5
01-02-2020 10:40,3.7,179,0,28.63,8.26,8.23,0,2.53,0,3.21,4.98,28.77,79,27.4
01-02-2020 10:50,3.8,178,0,28.72,8.28,6.99,0,2.06,0,2.18,5.16,29.2,79,27.4
01-02-2020 11:00,3.8,176,0,28.84,8.27,7.19,0,2.11,0,2.17,5.07,29.17,81,27.4
01-02-2020 11:10,3.6,183,0,28.78,8.36,5.03,0,3.39,0,4.9,6.05,29.89,80,27.5
01-02-2020 11:20,3.3,184,0,28.62,8.48,3.77,0,4.07,0,7.3,7.37,30.86,80,27.5
01-02-2020 11:30,4,173,0,28.65,8.2,3.45,0,5.01,0,8.91,7.96,31.04,77,27.6
01-02-2020 11:40,4.6,169,0,28.62,8.2,3.16,0,6.49,0,11.97,8.62,31.18,79,27.6
01-02-2020 11:50,4,171,0,27.93,8.2,2.18,0,0.95,0,0,7.14,31.28,79,27.6
01-02-2020 12:00,4.1,177,0,28.03,8.2,2.2,0,0.66,0,0,7.11,31.42,78,27.5
01-02-2020 12:10,3.8,172,0,28.02,8.2,2.08,0,0.74,0,0,7.14,31.45,79,27.6
01-02-2020 12:20,3.9,169,0,28.04,8.2,2.1,0,0.68,0,0,7.15,31.48,77,27.5
01-02-2020 12:30,4.1,166,0,28.08,8.2,2.31,0,0.73,0,0,7.17,31.49,77,27.6
01-02-2020 12:40,4.5,165,0,28.18,8.2,2.18,0,0.78,0,0,7.26,31.51,77,27.6
01-02-2020 12:50,4.3,164,0,28.29,8.2,2.22,0,1.35,0,0.3,7.52,31.51,78,27.7
01-02-2020 13:00,4.4,156,0,28.31,8.2,2.32,0,2.06,0,1.44,7.72,31.47,77,27.6
01-02-2020 13:10,4.3,159,0,28.34,8.2,2.59,0,2.94,0,3.74,8,31.48,76,27.5
01-02-2020 13:20,4.3,153,0,28.33,8.2,2.52,0,2.73,0,4.27,8.03,31.48,78,27.6
01-02-2020 13:30,4.4,150,0,28.31,8.45,2.52,0,2.49,0,3.11,7.83,31.46,79,27.6
01-02-2020 13:40,4,152,0,28.33,8.45,2.29,0,1.58,0,0.7,7.36,31.28,79,27.6
01-02-2020 13:50,4,153,0,28.32,8.45,2.31,0,1.6,0,0.51,7.2,31.11,79,27.7
01-02-2020 14:00,3.9,152,0,28.24,8.5,2.19,0,1.25,0,0,7.12,31.1,79,27.6
01-02-2020 14:10,4.1,154,0,28.15,8.5,2.17,0,0.96,0,0,7.04,31.14,79,27.6
01-02-2020 14:20,4.1,155,0,28.14,8.5,2.12,0,0.84,0,0,7.03,31.22,76,27.6
01-02-2020 14:30,3.7,148,0,28.2,8.45,2.07,0,0.87,0,0,7.16,31.24,78,27.7
01-02-2020 14:40,3.8,146,0,28.2,8.45,2.05,0,0.78,0,0,7.24,31.3,77,27.6
01-02-2020 14:50,3.5,151,0,28.2,8.45,1.92,0,0.59,0,0,7.28,31.35,76,27.6
01-02-2020 15:00,3.3,149,0,28.18,8.45,1.97,0,0.43,0,0,7.15,31.3,79,27.7
01-02-2020 15:10,3.3,143,0,28.25,8.45,1.95,0,0.29,0,0,7.24,31.32,78,27.7
01-02-2020 15:20,3.4,142,0,28.16,8.45,1.9,0,0.11,0,0,7.07,31.28,78,27.7
01-02-2020 15:30,3.5,146,0,28.13,8.45,1.89,0,0.28,0,0,7,31.25,79,27.7
01-02-2020 15:40,3.8,147,0,28.04,8.49,1.9,0,0.12,0,0,6.82,31.21,78,27.6
01-02-2020 15:50,3.7,146,0,28.02,8.5,1.89,0,0.12,0,0,6.85,31.22,79,27.6
01-02-2020 16:00,3.4,147,0,28.07,8.49,1.87,0,0.12,0,0,6.82,31.24,80,27.7
01-02-2020 16:10,3.2,148,0,28.19,8.49,1.84,0,0.12,0,0,6.79,31.26,78,27.6
01-02-2020 16:20,3.5,145,0,28.18,8.5,1.86,0,0.19,0,0,6.95,31.3,76,27.5
01-02-2020 16:30,3.6,144,0,28.26,8.45,2.12,0,0.41,0,0,7.07,31.35,79,27.5
01-02-2020 16:40,3.4,146,0,28.5,8.49,2.51,0,1.63,0,0.6,7.14,31.01,80,27.6
01-02-2020 16:50,3.7,146,0,28.83,8.44,3.24,0,2.91,0,2.74,6.8,30.34,79,27.6
01-02-2020 17:00,3.6,139,0,28.74,8.45,3.07,0,2.37,0,2.31,6.75,30.41,78,27.5
01-02-2020 17:10,3.8,139,0,28.75,8.43,3.36,0,2.16,0,1.96,6.58,30.29,79,27.5
01-02-2020 17:20,3.3,128,0,28.63,8.47,2.82,0,1.84,0,1.34,6.87,30.71,80,27.6
01-02-2020 17:30,3.3,133,0,28.74,8.49,3.3,0,4.6,0,7.07,7.43,30.58,80,27.5
01-02-2020 17:40,3.4,132,0,28.84,8.49,3.77,0,6.28,0,12.9,7.51,30.28,81,27.6
01-02-2020 17:50,3.3,126,0,28.67,8.48,4.07,0,4.15,0,6.38,7.4,30.41,79,27.4
01-02-2020 18:00,3.7,120,0,28.61,8.46,3.88,0,3.3,0,3.98,6.95,30.27,78,27.4
01-02-2020 18:10,3.7,123,0,28.6,8.49,3.72,0,4.64,0,7,7.44,30.42,77,27.4
01-02-2020 18:20,3.6,128,0,28.6,8.46,4.19,0,3.42,0,3.57,6.97,30.23,77,27.4
01-02-2020 18:30,4,125,0,28.55,8.46,4.48,0,3.5,0,4.67,6.98,30.2,77,27.4
01-02-2020 18:40,3.8,125,0,28.57,8.46,4.58,0,4.75,0,6.81,7.15,30.18,79,27.5
01-02-2020 18:50,3.7,116,0,28.6,8.46,5.18,0,5.94,0,9.8,7.17,29.99,81,27.5
01-02-2020 19:00,3.7,111,0,28.53,8.45,4.86,0,4.55,0,6.83,7.03,30.12,79,27.5
01-02-2020 19:10,3.6,112,0,28.47,8.46,4.52,0,3.43,0,4.47,6.94,30.33,78,27.3
01-02-2020 19:20,3.6,120,0,28.44,8.47,4.19,0,3.76,0,4.78,7.01,30.4,79,27.3
01-02-2020 19:30,3.6,111,0,28.42,8.46,4.79,0,3.95,0,6.9,6.9,30.26,80,27.4
01-02-2020 19:40,4,108,0,28.43,8.47,4.72,0,4.7,0,6.5,7.03,30.32,80,27.3
01-02-2020 19:50,3.7,101,0,28.5,8.46,5.54,0,5.61,0,8.26,6.99,29.95,79,27.3
01-02-2020 20:00,3.8,103,0,28.68,8.47,5.59,0,8.16,0,16.6,7.05,29.94,81,27.4
01-02-2020 20:10,3.5,105,0,28.67,8.44,5.74,0,8.9,0,14.2,6.63,29.77,80,27.3
01-02-2020 20:20,3.5,109,0,28.64,8.44,5.88,0,6.82,0,11.24,6.59,29.65,81,27.4
01-02-2020 20:30,4.1,116,0,28.66,8.47,5.24,0,7.21,0,12.96,6.8,29.95,80,27.4
01-02-2020 20:40,3.9,112,0,28.6,8.49,4.99,0,5.85,0,10.82,7.09,30.04,81,27.4
01-02-2020 20:50,4.5,101,0,28.62,8.5,4.81,0,6.61,0,10.08,7.17,30.31,83,27.4
01-02-2020 21:00,4.6,94,0,28.6,8.48,4.92,0,6.07,0,12.86,6.9,30.14,82,27.4
01-02-2020 21:10,4.4,95,0,28.67,8.5,4.21,0,5.49,0,10.49,7.02,30.52,83,27.4
01-02-2020 21:20,4.3,96,0,28.59,8.49,4.16,0,5.85,0,16.62,6.83,30.5,81,27.4
01-02-2020 21:30,4.2,99,0,28.54,8.48,4.08,0,5.98,0,12.35,6.76,30.52,82,27.4
01-02-2020 21:40,4.1,87,0,28.5,8.5,4.03,0,4.89,0,8.59,6.91,30.69,82,27.3
01-02-2020 21:50,3.8,93,0,28.44,8.49,3.66,0,4.41,0,5.41,6.84,30.7,82,27.4
01-02-2020 22:00,3.7,95,0,28.34,8.48,3.62,0,3.84,0,5.63,6.6,30.69,82,27.4
01-02-2020 22:10,4.5,82,0,28.26,8.48,3.39,0,2.59,0,4.05,6.62,30.81,83,27.4
01-02-2020 22:20,4.8,79,0,28.21,8.49,3.13,0,2.26,0,2.13,6.69,30.94,83,27.3
01-02-2020 22:30,5,87,0,28.25,8.5,3.07,0,2.52,0,2.68,6.79,30.98,83,27.4
01-02-2020 22:40,4.7,83,0,28.27,8.45,2.94,0,2.59,0,2.79,7.02,31.04,81,27.2
01-02-2020 22:50,4.6,81,0,28.25,8.45,2.57,0,2.12,0,1.76,7.14,31.21,78,27.1
01-02-2020 23:00,4.8,84,0,28.35,8.45,2.46,0,1.94,0,2.09,7.52,31.34,78,27.1
01-02-2020 23:10,4.5,84,0,28.41,8.45,2.46,0,2.13,0,2.44,7.73,31.26,80,27.2
01-02-2020 23:20,4.2,91,0,28.33,8.45,2.45,0,1.99,0,2.13,7.51,31.22,76,27.1
01-02-2020 23:30,4.1,89,0,28.35,8.45,2.66,0,2.77,0,2.98,7.47,31.19,79,27.1
01-02-2020 23:40,4.6,93,0,28.35,8.45,2.5,0,2.53,0,3.13,7.5,31.18,77,27.2
01-02-2020 23:50,4.6,88,0,28.34,8.45,2.62,0,2.74,0,3.4,7.45,31.18,79,27.3
02-02-2020 00:00,4.2,97,0,28.31,8.45,2.38,0,2.17,0,2.32,7.36,31.17,78,27.3
02-02-2020 00:10,3.8,97,0,28.28,8.45,2.47,0,2.48,0,3.2,7.33,31.15,77,27.1
02-02-2020 00:20,3.8,95,0,28.27,8.45,2.58,0,2.23,0,2.69,7.31,31.16,80,27.3
02-02-2020 00:30,3.8,97,0,28.27,8.45,2.4,0,2.25,0,2,7.33,31.19,78,27.2
02-02-2020 00:40,4,93,0,28.23,8.45,2.39,0,2.25,0,2.6,7.25,31.16,80,27.2
02-02-2020 00:50,4.2,90,0,28.21,8.45,2.54,0,2.13,0,2.03,7.25,31.16,80,27
02-02-2020 01:00,4,88,0,28.2,8.45,2.78,0,1.9,0,1.79,7.18,31.17,79,27
02-02-2020 01:10,4.2,95,0,28.22,8.45,2.4,0,2.01,0,1.51,7.25,31.22,78,27.1
02-02-2020 01:20,4.1,95,0,28.18,8.45,2.49,0,1.85,0,1.59,7.18,31.21,78,27
02-02-2020 01:30,4.1,98,0,28.18,8.45,2.39,0,1.8,0,1.49,7.2,31.23,79,27.1
02-02-2020 01:40,4.1,96,0,28.17,8.45,2.4,0,1.71,0,1.07,7.16,31.24,78,27
02-02-2020 01:50,4,99,0,28.15,8.45,2.48,0,2.03,0,1.08,7.17,31.25,81,27.1
02-02-2020 02:00,3.9,91,0,28.14,8.45,2.35,0,1.88,0,0.72,7.07,31.26,77,27
02-02-2020 02:10,3.7,100,0,28.15,8.45,2.38,0,1.26,0,0.35,7.06,31.29,74,27
02-02-2020 02:20,3.7,104,0,28.1,8.45,2.37,0,1.11,0,0,7.05,31.3,76,27
02-02-2020 02:30,3.4,105,0,28.1,8.45,2.6,0,1.3,0,0,7.03,31.34,78,27
02-02-2020 02:40,3.5,108,0,28.11,8.45,2.35,0,1.16,0,0,7.05,31.36,80,27
02-02-2020 02:50,3.9,96,0,28.1,8.45,2.43,0,1.43,0,0,7.09,31.37,80,26.9
02-02-2020 03:00,4,98,0,28.1,8.45,2.35,0,1.33,0,0,7.06,31.37,81,26.9
02-02-2020 03:10,4.6,100,0,28.08,8.45,2.37,0,1.08,0,0,7.02,31.38,80,26.9
02-02-2020 03:20,4,106,0,28.06,8.45,2.23,0,1.2,0,0,6.94,31.38,79,26.8
02-02-2020 03:30,3.8,108,0,28.05,8.45,2.18,0,0.99,0,0,6.97,31.39,80,26.8
02-02-2020 03:40,3.8,102,0,28.05,8.45,2.22,0,1.03,0,0,6.98,31.41,81,26.9
02-02-2020 03:50,4.3,101,0,28.05,8.45,2.35,0,0.91,0,0,6.96,31.41,82,26.8
02-02-2020 04:00,4,106,0,28.03,8.45,2.13,0,0.69,0,0,6.99,31.41,83,26.9
02-02-2020 04:10,4,107,0,28.01,8.45,2.38,0,0.76,0,0,7,31.41,75,26.8
02-02-2020 04:20,4.2,105,0,28.01,8.45,2.35,0,0.87,0,0,6.96,31.42,78,26.8
02-02-2020 04:30,3.9,106,0,27.96,8.45,2.17,0,0.91,0,0,7.02,31.43,82,27
02-02-2020 04:40,3.7,107,0,27.91,8.45,2.16,0,0.69,0,0,7.06,31.44,80,26.8
02-02-2020 04:50,4.6,102,0,27.81,8.45,2.07,0,0.47,0,0,7.12,31.43,82,26.7
02-02-2020 05:00,4.7,100,0,27.8,8.45,2.02,0,0.34,0,0,7.04,31.44,81,26.6
02-02-2020 05:10,4.7,110,0,27.78,8.45,2,0,0.49,0,0,7.04,31.44,79,26.6
02-02-2020 05:20,4.5,114,0,27.78,8.45,2.05,0,0.51,0,0,7.03,31.45,81,26.7
02-02-2020 05:30,4.9,113,0,27.81,8.45,2.02,0,0.39,0,0,7.16,31.46,79,26.6
02-02-2020 05:40,4.4,117,0,27.86,8.45,2.05,0,0.47,0,0,7.26,31.48,79,26.6
02-02-2020 05:50,5.3,120,0,27.86,8.45,2.12,0,0.51,0,0,7.23,31.46,77,26.8
02-02-2020 06:00,4.8,125,0,27.83,8.45,2.11,0,0.46,0,0,7.14,31.47,80,26.8
02-02-2020 06:10,5.5,123,0,27.66,8.5,2.1,0,0.25,0,0,6.73,31.39,80,26.9
02-02-2020 06:20,4.9,122,0,27.75,8.5,2.18,0,0.83,0,0,6.8,31.28,80,26.8
02-02-2020 06:30,5.1,125,0,27.77,8.5,2.31,0,1.16,0,0,6.79,31.28,80,26.8
02-02-2020 06:40,4.8,131,0,27.76,8.5,2.36,0,1.28,0,0,6.71,31.21,78,26.9
02-02-2020 06:50,4.8,127,0,27.76,8.49,2.38,0,1.26,0,0.02,6.64,31.16,80,26.9
02-02-2020 07:00,4.5,126,0,27.78,8.49,2.33,0,1.24,0,0,6.71,31.2,77,26.9
02-02-2020 07:10,4.6,127,0,27.8,8.5,2.47,0,0.86,0,0,6.76,31.23,77,27
02-02-2020 07:20,5,120,0,27.77,8.47,3.05,0,1.41,0,0.56,6.46,30.99,77,26.9
02-02-2020 07:30,4.7,125,0,27.57,8.34,3.98,0,3.74,0,4.87,5.01,29.95,75,27
02-02-2020 07:40,4.8,124,0,27.71,8.35,4.15,0,3.5,0,5.53,5.12,30.04,75,27
02-02-2020 07:50,4.8,129,0,27.71,8.33,4.44,0,3.78,0,12.03,4.85,29.89,77,27.1
02-02-2020 08:00,4.6,123,0,27.69,8.34,4.33,0,3.65,0,6.65,4.96,29.98,77,27
02-02-2020 08:10,4.6,118,0,27.78,8.37,4.06,0,3.04,0,4.45,5.39,30.27,76,27
02-02-2020 08:20,4.7,120,0,27.78,8.35,4.45,0,2.6,0,3.73,5.11,30.05,76,27.2
02-02-2020 08:30,4.2,122,0,27.78,8.31,5.51,0,2.12,0,2.21,4.65,29.69,77,27.2
02-02-2020 08:40,4.4,119,0,27.79,8.34,5.06,0,1.76,0,1.86,4.96,29.94,77,27.3
02-02-2020 08:50,4.2,117,0,27.77,8.35,4.36,0,2.78,0,3.82,5.27,30.08,77,27.3
02-02-2020 09:00,3.9,120,0,27.82,8.34,4.67,0,2.42,0,2.99,5.19,29.97,77,27.4
02-02-2020 09:10,4.3,123,0,27.89,8.23,6.91,0,2.24,0,1.78,3.82,28.91,76,27.4
02-02-2020 09:20,4.1,116,0,27.96,8.16,8.16,0,2.12,0,2.35,2.94,28.21,75,27.4
02-02-2020 09:30,4.3,121,0,27.98,8.17,7.42,0,2.84,0,4.31,2.97,28.5,77,27.5
02-02-2020 09:40,4.6,121,0,28.1,8.08,9.94,0,2.93,0,4.27,1.89,27.29,77,27.5
02-02-2020 09:50,4.5,122,0,28.12,8.11,9.39,0,3.27,0,5.17,2.2,27.55,76,27.3
02-02-2020 10:00,4.6,119,0,28.14,8.13,8.23,0,3.54,0,4.67,2.62,28.01,79,27.4
02-02-2020 10:10,4.6,122,0,28.33,8.07,9.76,0,2.71,0,4.19,1.87,27.23,80,27.6
02-02-2020 10:20,4.6,120,0,28.3,8.12,9.49,0,3.06,0,4.85,2.5,27.91,73,27.5
02-02-2020 10:30,4.6,120,0,28.31,8.15,7.79,0,3.62,0,5.78,2.86,28.15,73,27.5
02-02-2020 10:40,4.4,120,0,28.4,8.14,7.53,0,3.03,0,4.77,2.8,28.11,75,27.6
02-02-2020 10:50,4.7,120,0,28.48,8.15,7.17,0,3.08,0,4.44,2.96,28.28,77,27.7
02-02-2020 11:00,4.4,123,0,28.52,8.19,6.65,0,2.5,0,2.95,3.36,28.6,74,27.5
02-02-2020 11:10,4.3,119,0,28.53,8.21,6.14,0,2.07,0,2.62,3.73,28.93,79,27.5
02-02-2020 11:20,4.1,121,0,28.57,8.22,5.9,0,2.2,0,2.25,3.84,28.89,78,27.5
02-02-2020 11:30,3.7,123,0,28.5,8.24,5.71,0,2.67,0,3.9,4.18,29.05,77,27.5
02-02-2020 11:40,3.8,127,0,28.45,8.26,5.29,0,2.81,0,4.57,4.5,29.12,74,27.5
02-02-2020 11:50,4.2,123,0,28.64,8.22,5.7,0,2.97,0,5.07,4.17,28.79,75,27.7
02-02-2020 12:00,3.7,122,0,28.82,8.21,5.89,0,3.18,0,4.95,4.23,28.63,74,27.7
02-02-2020 12:10,4.1,123,0,28.82,8.21,6.11,0,2.98,0,4.41,3.96,28.65,73,27.8
02-02-2020 12:20,3.8,130,0,29.02,8.18,5.98,0,2.84,0,4.42,3.77,28.47,76,27.9
02-02-2020 12:30,3.8,123,0,29.08,8.19,5.78,0,3.38,0,4.94,4.07,28.54,73,27.7
02-02-2020 12:40,3.7,124,0,29.1,8.24,5.19,0,3.46,0,5.57,4.78,28.82,72,27.7
02-02-2020 12:50,3.8,121,0,29.19,8.28,4.71,0,3.89,0,6.91,5.39,29.11,72,27.7
02-02-2020 13:00,3.8,120,0,29.26,8.33,4.47,0,3.71,0,6.15,6.48,29.29,72,27.7
02-02-2020 13:10,3.7,124,0,29.32,8.29,5.11,0,4.1,0,7.19,6.14,28.98,74,27.8
02-02-2020 13:20,3.7,117,0,29.3,8.32,4.96,0,5.08,0,9.21,6.8,29.02,74,27.8
02-02-2020 13:30,3.5,117,0,29.46,8.35,4.88,0,7.26,0,13.72,7.64,29.12,72,27.8
02-02-2020 13:40,3.5,112,0,29.38,8.39,4.66,0,7.97,0,16.22,8.15,29.36,73,27.7
02-02-2020 13:50,3.8,117,0,29.25,8.46,4.01,0,7.71,0,31.61,8.82,29.85,74,27.7
02-02-2020 14:00,3.6,108,0,29.06,8.45,3.91,0,10.08,0,17.4,8.2,30.23,73,27.6
02-02-2020 14:10,3.5,110,0,29.07,8.45,3.8,0,14.23,0,29.1,8.2,30.39,77,27.7
02-02-2020 14:20,3.3,108,0,29.07,8.45,3.58,0,14.21,0,32.27,8.2,30.62,74,27.6
02-02-2020 14:30,3.1,113,0,28.27,8.45,2.17,0,2.54,0,3.36,8.35,31.35,75,27.7
02-02-2020 14:40,3.5,110,0,28.03,8.5,1.98,0,0.12,0,0,6.98,31.31,77,27.7
02-02-2020 14:50,3.4,116,0,27.96,8.5,1.95,0,0.12,0,0,6.94,31.31,75,27.7
02-02-2020 15:00,3.3,109,0,28.01,8.5,1.92,0,0.12,0,0,6.96,31.32,76,27.7
02-02-2020 15:10,3.4,105,0,28.55,8.45,2.45,0,5.39,0,8.92,8.2,31.24,77,27.7
02-02-2020 15:20,3.3,102,0,28.03,8.45,2.01,0,0.45,0,0,7.08,31.32,77,27.6
02-02-2020 15:30,3.6,97,0,28.02,8.5,1.86,0,0.12,0,0,6.82,31.31,77,27.7
02-02-2020 15:40,4.2,102,0,28.56,8.45,2.63,0,7.51,0,22.64,8.2,31.23,77,27.7
02-02-2020 15:50,4.3,104,0,29.18,8.45,4.01,0,24.76,0,85.27,8.2,30.94,76,27.6
02-02-2020 16:00,4.4,108,0,29.23,8.45,4.43,0,38.02,0,104.49,8.2,30.86,77,27.7
02-02-2020 16:10,4.1,102,0,28.02,8.5,2.05,0,0.57,0,0,7.01,31.31,76,27.7
02-02-2020 16:20,4.1,106,0,28.51,8.45,2.34,0,4.2,0,5.58,8.54,31.28,74,27.8
02-02-2020 16:30,3.8,112,0,28.82,8.45,2.77,0,12.16,0,28.07,8.2,31.13,73,27.8
02-02-2020 16:40,3.9,107,0,28.79,8.45,2.79,0,16.67,0,43.48,8.2,31.08,75,27.7
02-02-2020 16:50,3.8,103,0,28.84,8.45,3.17,0,23.3,0,55.03,8.2,31.02,74,27.6
02-02-2020 17:00,4.1,104,0,29.22,8.45,3.77,0,40.97,0,100.87,8.2,30.83,77,27.8
02-02-2020 17:10,4.3,109,0,29.05,8.45,3.79,0,35.01,0,92.47,8.2,30.89,74,27.8
02-02-2020 17:20,4.1,105,0,28.96,8.45,3.83,0,37.86,0,88.18,8.2,30.91,75,27.7
02-02-2020 17:30,4,107,0,28.97,8.45,4.02,0,39.68,0,91.28,8.2,30.86,75,27.7
02-02-2020 17:40,3.7,98,0,28.99,8.45,4.17,0,43.14,0,96.41,8.2,30.82,75,27.7
02-02-2020 17:50,3.5,98,0,29.19,8.45,5.69,0,53.98,0,145.95,8.2,30.59,75,27.6
02-02-2020 18:00,3.7,99,0,29.26,8.45,6.3,0,57.73,0,119.88,8.2,30.49,75,27.6
02-02-2020 18:10,3.5,97,0,29.26,8.45,5.23,0,63.98,0,146.92,8.2,30.48,76,27.6
02-02-2020 18:20,3.6,90,0,29.28,8.45,5.18,0,72.26,0,158.87,8.2,30.37,75,27.5
02-02-2020 18:30,3.6,97,0,29.33,8.45,7.22,0,45.09,0,111.79,8.2,29.24,77,27.5
02-02-2020 18:40,3.7,105,0,29.39,8.45,6.41,0,52.98,0,139.89,8.2,29.56,76,27.5
02-02-2020 18:50,3.8,101,0,29.21,8.45,9.43,0,47.77,0,134.57,8.2,28.49,74,27.4
02-02-2020 19:00,3.7,98,0,29.53,8.45,8.64,0,46.82,0,116.85,8.2,28.54,75,27.4
02-02-2020 19:10,3.9,86,0,29.48,8.45,7.31,0,40.55,0,114.7,8.2,28.82,77,27.4
02-02-2020 19:20,3.9,88,0,29.45,8.45,6.5,0,53.26,0,119.12,8.2,29.06,75,27.4
02-02-2020 19:30,3.9,90,0,29.41,8.45,6.52,0,47.36,0,97.36,8.2,28.98,78,27.5
02-02-2020 19:40,3.8,94,0,29.33,8.45,6.77,0,46.93,0,122.09,8.2,28.84,76,27.4
02-02-2020 19:50,3.9,98,0,29.13,8.45,7.34,0,35.37,0,97.74,8.85,28.38,77,27.5
02-02-2020 20:00,3.9,101,0,29.04,8.45,7.18,0,37.68,0,93.05,8.52,28.43,75,27.3
02-02-2020 20:10,3.6,84,0,28.96,8.45,6.89,0,42.03,0,81.49,8.21,28.53,74,27.4
02-02-2020 20:20,3.4,85,0,28.88,8.45,6.8,0,40.38,0,93.06,7.9,28.54,76,27.5
02-02-2020 20:30,3.4,79,0,28.88,8.45,6.56,0,35.27,0,77.7,8.31,28.57,73,27.4
02-02-2020 20:40,3.5,82,0,28.77,8.45,6.69,0,34.68,0,89.94,7.8,28.41,72,27.4
02-02-2020 20:50,3.4,84,0,28.7,8.45,6.36,0,43.28,0,108.07,8.27,28.51,73,27.4
02-02-2020 21:00,3.3,81,0,28.68,8.45,6.21,0,34.38,0,73.04,7.88,28.71,76,27.5
02-02-2020 21:10,3.7,84,0,28.64,8.45,6.13,0,37.57,0,81.54,7.62,28.76,75,27.5
02-02-2020 21:20,3.6,76,0,28.64,8.45,5.89,0,34.11,0,72.17,7.38,28.87,74,27.3
02-02-2020 21:30,3.5,76,0,28.7,8.45,5.27,0,28.45,0,63.04,7.53,29.2,77,27.4
02-02-2020 21:40,3.6,82,0,28.51,8.45,6.17,0,27.58,0,56.76,6.88,28.97,74,27.4
02-02-2020 21:50,3.5,79,0,28.39,8.48,5.91,0,25.22,0,65.97,6.25,28.9,76,27.4
02-02-2020 22:00,3.6,80,0,28.28,8.46,5.59,0,18.03,0,47.85,6.28,29.36,75,27.2
02-02-2020 22:10,3.3,77,0,28.23,8.46,5.56,0,21.39,0,66.9,6.17,29.16,76,27.4
02-02-2020 22:20,3.6,72,0,28.27,8.45,3.97,0,20.41,0,42.23,6.85,30.1,76,27.3
02-02-2020 22:30,3.7,80,0,28.2,8.5,4.12,0,13.1,0,33.81,6.89,30.12,75,27.2
02-02-2020 22:40,3.5,66,0,28.13,8.5,4.08,0,13.47,0,25.56,6.81,30.08,79,27.2
02-02-2020 22:50,3.6,62,0,28.09,8.49,4.22,0,13.22,0,37.81,6.75,30.06,79,27.1
02-02-2020 23:00,4,61,0,28.09,8.49,3.81,0,10.11,0,27.33,6.83,30.31,78,27
02-02-2020 23:10,4,60,0,28.06,8.49,3.77,0,11.2,0,25.36,6.79,30.27,79,27
02-02-2020 23:20,3.8,61,0,28.04,8.36,3.86,0,14.65,0,44.07,6.93,30.32,79,27
02-02-2020 23:30,3.6,61,0,28,8.5,3.69,0,13.3,0,18.02,6.81,30.37,78,27
02-02-2020 23:40,4,76,0,28,8.5,3.66,0,12.97,0,32.61,6.84,30.5,78,27
02-02-2020 23:50,3.9,75,0,27.99,8.5,3.75,0,10.41,0,22.24,6.81,30.49,78,27.2
03-02-2020 00:00,4,65,0,28,8.36,3.95,0,10.27,0,24.19,7.04,30.4,76,26.9
03-02-2020 00:10,3.6,58,0,27.98,8.36,3.62,0,9.93,0,20.39,7.03,30.49,78,27
03-02-2020 00:20,3.8,55,0,27.97,8.36,3.33,0,9.49,0,17.95,6.92,30.56,81,27
03-02-2020 00:30,3.9,57,0,27.95,8.36,3.32,0,10.05,0,19.91,7,30.6,79,27
03-02-2020 00:40,3.6,55,0,27.93,8.36,3.32,0,9.69,0,17.42,6.99,30.65,79,27
03-02-2020 00:50,3.3,67,0,27.9,8.36,3.22,0,8.17,0,18.48,6.94,30.65,76,26.8
03-02-2020 01:00,3.5,66,0,27.88,8.36,3.31,0,9.27,0,21.88,6.92,30.66,79,26.9
03-02-2020 01:10,3.7,67,0,27.87,8.36,3.15,0,10.3,0,19.39,6.85,30.73,77,26.7
03-02-2020 01:20,3.8,67,0,27.83,8.36,3.18,0,7.86,0,15.5,6.87,30.72,77,26.9
03-02-2020 01:30,4.2,62,0,27.83,8.5,3.14,0,6.61,0,14.81,6.8,30.79,78,26.9
03-02-2020 01:40,4,60,0,27.82,8.36,3.12,0,7.47,0,16.01,6.79,30.8,76,26.8
03-02-2020 01:50,3.9,68,0,27.78,8.36,3.08,0,7.71,0,17.98,6.83,30.82,77,26.8
03-02-2020 02:00,4.1,75,0,27.78,8.36,3.27,0,7.45,0,11.84,6.78,30.84,77,26.7
03-02-2020 02:10,3.9,71,0,27.77,8.5,2.96,0,6.51,0,10.04,6.71,30.88,75,26.6
03-02-2020 02:20,3.7,62,0,27.76,8.5,2.92,0,6.83,0,13.68,6.72,30.9,77,26.6
03-02-2020 02:30,3.8,69,0,27.75,8.36,3.11,0,6.3,0,12.7,6.76,30.93,75,26.6
03-02-2020 02:40,3.8,68,0,27.74,8.36,2.88,0,5.87,0,9.38,6.76,30.95,74,26.6
03-02-2020 02:50,3.8,66,0,27.76,8.36,2.79,0,4.14,0,6.46,7,31.06,75,26.6
03-02-2020 03:00,4.1,61,0,27.7,8.36,2.47,0,3.26,0,4.9,7.13,31.18,78,26.8
03-02-2020 03:10,3.8,66,0,27.64,8.5,2.37,0,1.56,0,0.49,6.91,31.27,75,26.6
03-02-2020 03:20,4.1,63,0,27.63,8.5,2.28,0,0.86,0,0,6.86,31.33,73,26.6
03-02-2020 03:30,3.7,56,0,27.65,8.49,2.24,0,0.37,0,0,6.77,31.41,74,26.6
03-02-2020 03:40,3.4,63,0,27.62,8.48,2.17,0,0.19,0,0,6.66,31.4,78,26.6
03-02-2020 03:50,4.2,68,0,27.62,8.48,2.21,0,0.2,0,0,6.59,31.41,76,26.4
03-02-2020 04:00,4.1,59,0,27.6,8.48,2.19,0,0.22,0,0,6.57,31.41,78,26.5
03-02-2020 04:10,4,65,0,27.62,8.48,2.24,0,0.29,0,0,6.62,31.42,77,26.6
03-02-2020 04:20,4.1,57,0,27.62,8.49,2.24,0,0.38,0,0,6.72,31.42,80,26.5
03-02-2020 04:30,4.8,48,0,27.6,8.49,2.2,0,0.12,0,0,6.74,31.41,78,26.4
03-02-2020 04:40,4.8,59,0,27.62,8.5,2.22,0,0.23,0,0,6.8,31.42,75,26.3
03-02-2020 04:50,4.7,63,0,27.63,8.5,2.27,0,0.25,0,0,6.81,31.42,78,26.5
03-02-2020 05:00,4.7,60,0,27.62,8.5,2.23,0,0.13,0,0,6.81,31.42,76,26.4
03-02-2020 05:10,4,64,0,27.64,8.5,2.41,0,0.37,0,0,6.83,31.42,77,26.3
03-02-2020 05:20,4.6,57,0,27.6,8.5,2.29,0,0.52,0,0,6.83,31.4,78,26.4
03-02-2020 05:30,4.4,48,0,27.58,8.5,2.52,0,1,0,0,6.81,31.34,78,26.3
03-02-2020 05:40,4.6,49,0,27.57,8.5,2.41,0,1.07,0,0.1,6.8,31.33,78,26.4
03-02-2020 05:50,4.8,56,0,27.57,8.5,2.38,0,1.14,0,0,6.8,31.33,77,26.3
03-02-2020 06:00,4.3,56,0,27.59,8.5,2.47,0,1.29,0,0,6.81,31.34,76,26.4
03-02-2020 06:10,4.6,50,0,27.59,8.5,2.58,0,0.98,0,0,6.79,31.33,77,26.3
03-02-2020 06:20,4.5,50,0,27.58,8.5,2.44,0,1.11,0,0,6.78,31.34,77,26.3
03-02-2020 06:30,4.5,59,0,27.59,8.5,2.43,0,0.94,0,0,6.76,31.34,75,26.3
03-02-2020 06:40,4.3,59,0,27.59,8.5,2.55,0,0.73,0,0,6.79,31.35,76,26.3
03-02-2020 06:50,4.4,52,0,27.6,8.5,2.42,0,0.89,0,0,6.82,31.35,78,26.5
03-02-2020 07:00,4.4,55,0,27.59,8.5,2.45,0,0.94,0,0,6.79,31.35,75,26.4
03-02-2020 07:10,4.5,58,0,27.62,8.5,2.39,0,0.83,0,0,6.79,31.36,78,26.5
03-02-2020 07:20,4.5,49,0,27.59,8.36,2.39,0,0.87,0,0,6.82,31.35,75,26.4
03-02-2020 07:30,5.1,50,0,27.62,8.5,2.58,0,0.7,0,0,6.81,31.37,74,26.5
03-02-2020 07:40,5.2,62,0,27.58,8.5,2.51,0,0.84,0,0,6.8,31.35,71,26.5
03-02-2020 07:50,4.6,58,0,27.6,8.5,2.47,0,0.76,0,0,6.8,31.36,76,26.8
03-02-2020 08:00,4.7,53,0,27.62,8.5,2.4,0,0.72,0,0,6.83,31.37,76,26.8
03-02-2020 08:10,5,61,0,27.63,8.36,2.54,0,0.83,0,0,6.85,31.38,74,26.7
03-02-2020 08:20,4.6,57,0,27.62,8.5,2.46,0,0.56,0,0,6.84,31.38,75,26.5
03-02-2020 08:30,4.9,67,0,27.64,8.36,2.41,0,0.57,0,0,6.85,31.39,73,27
03-02-2020 08:40,4.3,74,0,27.63,8.36,2.5,0,0.41,0,0,6.9,31.38,76,26.9
03-02-2020 08:50,4.3,67,0,27.64,8.5,2.62,0,0.59,0,0,6.84,31.38,75,27
03-02-2020 09:00,4.2,78,0,27.64,8.36,2.55,0,0.58,0,0,6.86,31.38,76,27
03-02-2020 09:10,4.3,75,0,27.66,8.36,2.57,0,0.57,0,0,6.91,31.38,76,26.9
03-02-2020 09:20,4.1,78,0,27.67,8.5,2.63,0,0.74,0,0,6.87,31.38,75,26.9
03-02-2020 09:30,4.5,76,0,27.67,8.36,2.54,0,0.51,0,0,6.9,31.38,74,27
03-02-2020 09:40,4.5,69,0,27.68,8.5,2.65,0,0.52,0,0,6.9,31.39,73,26.9
03-02-2020 09:50,4.5,70,0,27.69,8.5,2.52,0,0.4,0,0,6.82,31.39,74,26.9
03-02-2020 10:00,4.2,71,0,27.69,8.5,2.53,0,0.4,0,0,6.9,31.39,74,27.1
03-02-2020 10:10,4.1,72,0,27.7,8.5,2.5,0,0.33,0,0,6.91,31.39,75,27
03-02-2020 10:20,4.3,76,0,27.72,8.5,2.54,0,0.25,0,0,6.87,31.39,73,26.9
03-02-2020 10:30,4.2,76,0,27.73,8.36,2.49,0,0.51,0,0,6.94,31.39,71,26.9
03-02-2020 10:40,4.3,70,0,27.75,8.5,2.45,0,0.4,0,0,6.92,31.39,74,27.1
03-02-2020 10:50,4,78,0,27.78,8.36,2.58,0,0.38,0,0,7.03,31.39,75,27.2
03-02-2020 11:00,4.2,77,0,27.8,8.36,2.63,0,0.49,0,0,7.05,31.39,74,27.1
03-02-2020 11:10,4.3,80,0,27.81,8.36,2.62,0,0.64,0,0,7.11,31.39,76,27
03-02-2020 11:20,4.2,74,0,27.85,8.36,2.62,0,0.44,0,0,7.05,31.39,78,27.1
03-02-2020 11:30,4.2,73,0,27.87,8.36,2.49,0,0.38,0,0,7.04,31.39,76,27
03-02-2020 11:40,4.3,74,0,27.88,8.36,2.46,0,0.22,0,0,7.05,31.39,75,27
03-02-2020 11:50,4.2,67,0,27.88,8.5,2.46,0,0.16,0,0,7,31.39,74,26.9
03-02-2020 12:00,4.5,70,0,27.89,8.5,2.61,0,0.11,0,0,6.94,31.41,74,26.9
03-02-2020 12:10,4.4,71,0,27.89,8.5,2.5,0,0.21,0,0,6.94,31.4,74,26.9
03-02-2020 12:20,4.3,69,0,27.89,8.49,2.47,0,0.12,0,0,6.9,31.39,73,26.9
03-02-2020 12:30,4.4,70,0,27.87,8.5,2.44,0,0.2,0,0,6.96,31.39,76,27.1
03-02-2020 12:40,4.4,76,0,27.88,8.5,2.54,0,0.15,0,0,6.92,31.39,76,27
03-02-2020 12:50,4.5,67,0,27.89,8.5,2.48,0,0.15,0,0,6.93,31.39,76,26.9
03-02-2020 13:00,4.5,77,0,27.96,8.5,2.5,0,0.12,0,0,6.9,31.43,79,27
03-02-2020 13:10,4.6,73,0,28.02,8.36,2.46,0,0.12,0,0,7.04,31.43,76,26.8
03-02-2020 13:20,4.2,76,0,28.02,8.36,2.46,0,0.12,0,0,7.09,31.42,79,27.1
03-02-2020 13:30,4.2,70,0,28,8.36,2.57,0,0.13,0,0,7.12,31.41,78,27
03-02-2020 13:40,4.3,73,0,28,8.36,2.5,0,0.36,0,0,7.19,31.41,78,27
03-02-2020 13:50,4.3,77,0,28.01,8.36,2.49,0,0.23,0,0,7.22,31.41,78,27
03-02-2020 14:00,4.6,75,0,28.02,8.36,2.62,0,0.55,0,0,7.29,31.4,78,27
03-02-2020 14:10,4.6,81,0,28.02,8.36,2.58,0,0.72,0,0,7.32,31.4,78,26.9
03-02-2020 14:20,4.4,86,0,28.07,8.36,2.58,0,0.17,0,0,7.16,31.38,80,27.2
03-02-2020 14:30,4.4,79,0,28.09,8.36,2.6,0,0.31,0,0,7.23,31.38,78,26.9
03-02-2020 14:40,4.4,80,0,28.09,8.36,2.53,0,0.56,0,0,7.43,31.37,77,26.9
03-02-2020 14:50,4.5,74,0,28.11,8.36,2.56,0,0.95,0,0,7.66,31.37,75,26.8
03-02-2020 15:00,4.5,75,0,28.12,8.36,2.61,0,1.38,0,0,7.77,31.38,76,27
03-02-2020 15:10,4.4,78,0,28.12,8.36,2.7,0,1.71,0,0.46,7.94,31.37,76,27
03-02-2020 15:20,4.4,86,0,28.13,8.36,2.7,0,1.46,0,0.11,7.99,31.37,78,27.1
03-02-2020 15:30,4.4,77,0,28.13,8.36,2.71,0,1.63,0,0.89,8.09,31.37,77,27
03-02-2020 15:40,4.4,81,0,28.13,8.36,2.63,0,2.13,0,1.73,8.27,31.36,77,27.2
03-02-2020 15:50,4.3,82,0,28.12,8.36,2.87,0,2.71,0,3.24,8.37,31.36,77,27.1
03-02-2020 16:00,4.4,85,0,28.13,8.36,2.7,0,2.94,0,4,8.5,31.36,80,27.1
03-02-2020 16:10,4.5,78,0,28.13,8.36,2.73,0,3.65,0,5.48,8.63,31.35,77,27.1
03-02-2020 16:20,4.3,81,0,28.13,8.36,2.78,0,3.84,0,5.21,8.69,31.35,79,27.1
03-02-2020 16:30,4.2,81,0,28.15,8.36,2.83,0,3.33,0,4.89,8.53,31.36,75,26.9
03-02-2020 16:40,4,77,0,28.13,8.36,2.74,0,4.5,0,7.08,8.78,31.35,78,27.1
03-02-2020 16:50,4,78,0,28.19,8.36,2.69,0,2.65,0,3.11,8.28,31.38,77,27
03-02-2020 17:00,4,77,0,28.18,8.36,2.76,0,2.97,0,3.12,8.33,31.37,78,27
03-02-2020 17:10,3.7,85,0,28.17,8.36,2.74,0,3.02,0,3.72,8.34,31.37,79,27.1
03-02-2020 17:20,3.8,77,0,28.16,8.36,2.8,0,3.62,0,4.76,8.48,31.37,78,27
03-02-2020 17:30,3.7,81,0,28.13,8.36,2.89,0,3.9,0,2.46,8.46,31.35,79,26.9
03-02-2020 17:40,3.8,80,0,28.06,8.36,2.93,0,5.31,0,6.98,8.59,31.32,79,26.9
03-02-2020 17:50,4,82,0,28.04,8.36,2.96,0,5.4,0,15.74,8.65,31.32,79,26.8
03-02-2020 18:00,3.8,88,0,28.04,8.36,2.81,0,4.68,0,5.82,8.6,31.32,80,26.9
03-02-2020 18:10,3.7,87,0,28.05,8.36,2.89,0,5.95,0,5.36,8.49,31.33,81,27
03-02-2020 18:20,4.4,96,0,28.06,8.36,2.98,0,5.84,0,8.92,8.44,31.34,79,27
03-02-2020 18:30,4.2,92,0,28.03,8.36,2.88,0,5.85,0,10.89,8.34,31.33,79,27
03-02-2020 18:40,4.3,90,0,28.01,8.36,2.95,0,4.98,0,4.91,8.12,31.33,79,27
03-02-2020 18:50,4.3,92,0,28,8.36,3.09,0,5.34,0,5.55,8.12,31.34,80,27
03-02-2020 19:00,4.6,96,0,27.98,8.36,2.9,0,4.89,0,5.26,8.09,31.34,80,27
03-02-2020 19:10,4.4,92,0,27.98,8.36,3.15,0,5.32,0,13.43,8.12,31.33,79,27
03-02-2020 19:20,4.4,92,0,27.98,8.36,2.92,0,5.14,0,6.39,8.09,31.33,80,27
03-02-2020 19:30,4.2,87,0,27.96,8.36,2.88,0,5.19,0,3.24,8.12,31.33,82,27.1
03-02-2020 19:40,4.5,91,0,27.97,8.36,2.92,0,5.45,0,4.57,8.14,31.33,80,27
03-02-2020 19:50,4.3,89,0,27.98,8.36,2.9,0,5.33,0,15.76,8.13,31.34,80,26.9
03-02-2020 20:00,4.4,89,0,27.96,8.36,2.85,0,3.82,0,3.42,7.84,31.34,79,26.9
03-02-2020 20:10,4.1,85,0,27.96,8.36,2.88,0,3.89,0,4.02,7.83,31.35,83,27.1
03-02-2020 20:20,4.4,82,0,27.96,8.36,3.39,0,3.02,0,4.48,7.8,31.37,80,27.1
03-02-2020 20:30,4.3,86,0,27.95,8.36,2.86,0,2.64,0,3.11,7.76,31.38,79,27.2
03-02-2020 20:40,4.1,92,0,27.93,8.36,2.76,0,3.09,0,4,7.7,31.38,78,27.1
03-02-2020 20:50,4.3,95,0,27.92,8.36,2.8,0,2.81,0,3.33,7.65,31.38,78,27.1
03-02-2020 21:00,4.5,86,0,27.91,8.36,2.87,0,2.45,0,2.96,7.56,31.39,80,27.2
03-02-2020 21:10,4.3,91,0,27.91,8.36,2.76,0,2.28,0,2.88,7.47,31.39,77,27.1
03-02-2020 21:20,4.3,86,0,27.91,8.36,2.75,0,1.67,0,1.59,7.42,31.4,80,27.2
03-02-2020 21:30,4.2,88,0,27.92,8.36,2.77,0,1.71,0,0.68,7.42,31.4,79,27.1
03-02-2020 21:40,3.8,88,0,27.91,8.36,2.73,0,2.17,0,1.59,7.47,31.4,79,27.3
03-02-2020 21:50,4.4,102,0,27.91,8.36,2.81,0,1.45,0,0.6,7.43,31.41,78,27.2
03-02-2020 22:00,4.6,97,0,27.9,8.36,2.81,0,1.71,0,0.79,7.39,31.41,79,27.2
03-02-2020 22:10,4.3,92,0,27.9,8.36,2.79,0,1.71,0,0.34,7.4,31.41,79,27
03-02-2020 22:20,3.9,86,0,27.89,8.36,2.76,0,1.86,0,1.45,7.47,31.41,81,27.2
03-02-2020 22:30,4.7,104,0,27.89,8.36,2.88,0,1.92,0,1.24,7.54,31.4,79,27.3
03-02-2020 22:40,4.4,103,0,27.89,8.36,2.83,0,2.72,0,2.41,7.65,31.4,78,27.1
03-02-2020 22:50,4.1,99,0,27.88,8.36,2.79,0,2.7,0,3.55,7.63,31.4,78,27
03-02-2020 23:00,4.2,96,0,27.88,8.36,2.76,0,2.72,0,3.57,7.68,31.39,79,27.2
03-02-2020 23:10,4.2,95,0,27.88,8.36,2.91,0,2.84,0,3.55,7.66,31.39,78,27.1
03-02-2020 23:20,3.9,90,0,27.88,8.36,2.87,0,2.59,0,3.49,7.63,31.39,78,27
03-02-2020 23:30,4.1,96,0,27.88,8.36,2.83,0,2.96,0,4.41,7.7,31.39,79,27.2
03-02-2020 23:40,4,91,0,27.87,8.36,3.21,0,2.79,0,4.09,7.63,31.39,81,27.2
03-02-2020 23:50,4,95,0,27.86,8.36,2.79,0,3.07,0,4.19,7.72,31.38,79,27.1
04-02-2020 00:00,3.5,93,0,27.85,8.36,2.82,0,3.19,0,4.07,7.72,31.38,79,27
04-02-2020 00:10,3.7,89,0,27.86,8.36,3,0,4.02,0,5.04,7.68,31.38,80,27
04-02-2020 00:20,3.3,91,0,27.87,8.36,2.83,0,3.19,0,3.86,7.62,31.38,79,26.9
04-02-2020 00:30,3.3,92,0,27.86,8.36,2.91,0,2.83,0,4.21,7.63,31.38,79,27
04-02-2020 00:40,3.6,90,0,27.89,8.36,3.14,0,3.03,0,3.38,7.48,31.39,79,27
04-02-2020 00:50,3.4,90,0,27.89,8.36,2.89,0,2.54,0,3.27,7.31,31.4,78,27
04-02-2020 01:00,3.2,83,0,27.91,8.36,4.62,0,2.66,0,3.41,7.2,31.41,79,27.1
04-02-2020 01:10,3.2,81,0,27.92,8.36,3.11,0,3.16,0,4.44,7.18,31.42,79,26.9
04-02-2020 01:20,3.1,73,0,27.91,8.36,3.1,0,2.82,0,4.18,7.16,31.42,80,26.9
04-02-2020 01:30,3.2,79,0,27.91,8.36,3.14,0,2.8,0,3.13,7.1,31.42,79,26.9
04-02-2020 01:40,2.9,74,0,27.91,8.36,3.2,0,2.9,0,4.45,7.12,31.42,79,26.9
04-02-2020 01:50,3.2,77,0,27.89,8.36,3.1,0,3.16,0,4.35,7.04,31.42,78,26.8
04-02-2020 02:00,3.1,73,0,27.88,8.36,3.19,0,2.78,0,3.14,7.03,31.42,81,26.9
04-02-2020 02:10,3.1,72,0,27.88,8.36,3.2,0,2.73,0,2.6,7.02,31.42,80,26.8
04-02-2020 02:20,2.9,71,0,27.87,8.36,3.03,0,2.53,0,2.55,7.02,31.41,80,26.8
04-02-2020 02:30,3.1,80,0,27.85,8.36,2.99,0,2.75,0,3.25,7.07,31.41,78,26.7
04-02-2020 02:40,2.8,77,0,27.85,8.36,2.99,0,2.09,0,1.33,6.99,31.41,78,26.7
04-02-2020 02:50,3,77,0,27.84,8.5,3.01,0,1.99,0,1.82,6.94,31.42,81,26.6
04-02-2020 03:00,3.2,89,0,27.84,8.5,3.03,0,2.19,0,1.52,6.91,31.42,79,26.7
04-02-2020 03:10,2.9,75,0,27.84,8.5,3.15,0,1.77,0,1.55,6.89,31.42,79,26.6
04-02-2020 03:20,3,74,0,27.83,8.5,2.96,0,1.83,0,1.76,6.85,31.42,79,26.6
04-02-2020 03:30,3.2,75,0,27.82,8.5,2.97,0,1.56,0,0.6,6.79,31.42,79,26.6
04-02-2020 03:40,3.3,68,0,27.81,8.5,2.94,0,1.84,0,1.52,6.83,31.42,78,26.6
04-02-2020 03:50,3.1,69,0,27.81,8.5,3.46,0,1.82,0,1.19,6.89,31.42,77,26.6
04-02-2020 04:00,3.3,60,0,27.82,8.5,3,0,2.05,0,0.87,6.82,31.42,79,26.7
04-02-2020 04:10,3.5,56,0,27.8,8.5,3.03,0,2.16,0,1.72,6.8,31.42,78,26.7
04-02-2020 04:20,3.1,68,0,27.79,8.5,3.43,0,2.38,0,2.27,6.75,31.42,76,26.6
04-02-2020 04:30,3.1,79,0,27.78,8.5,3.23,0,2.37,0,2.34,6.72,31.42,75,26.6
04-02-2020 04:40,2.7,82,0,27.77,8.5,3.19,0,2.28,0,1.95,6.71,31.43,76,26.8
04-02-2020 04:50,3.1,78,0,27.76,8.5,3.16,0,2.05,0,0.52,6.7,31.43,76,26.7
04-02-2020 05:00,3.2,64,0,27.76,8.36,3.15,0,2.43,0,1.87,6.78,31.43,78,26.6
04-02-2020 05:10,3.5,65,0,27.74,8.5,3.29,0,2.25,0,1.68,6.75,31.43,78,26.6
04-02-2020 05:20,3.4,72,0,27.76,8.5,3.17,0,2.18,0,1.52,6.76,31.43,77,26.7
04-02-2020 05:30,4.1,67,0,27.76,8.49,3.1,0,1.37,0,0.71,6.68,31.43,76,26.7
04-02-2020 05:40,3.6,67,0,27.75,8.5,3.27,0,2.12,0,1.54,6.74,31.43,78,26.8
04-02-2020 05:50,3.6,64,0,27.76,8.49,3,0,0.99,0,0,6.62,31.44,75,26.6
04-02-2020 06:00,3.2,69,0,27.75,8.49,2.97,0,1.19,0,0,6.66,31.44,76,26.7
04-02-2020 06:10,3.2,73,0,27.75,8.49,3.06,0,1.02,0,0,6.68,31.44,75,26.7
04-02-2020 06:20,2.7,61,0,27.75,8.49,3.14,0,1.2,0,0,6.66,31.44,76,26.9
04-02-2020 06:30,3,70,0,27.74,8.49,2.99,0,1.5,0,0,6.65,31.44,74,26.7
04-02-2020 06:40,2.8,67,0,27.73,8.49,3.01,0,1.18,0,0,6.65,31.44,78,26.9
04-02-2020 06:50,2.9,57,0,27.74,8.49,2.96,0,1.04,0,0,6.66,31.43,78,26.6
04-02-2020 07:00,3,55,0,27.74,8.49,2.96,0,0.99,0,0,6.63,31.43,78,26.7
04-02-2020 07:10,3.1,53,0,27.74,8.49,2.88,0,0.94,0,0,6.61,31.44,76,26.8
04-02-2020 07:20,3,47,0,27.73,8.49,2.91,0,1.1,0,0,6.65,31.43,76,26.9
04-02-2020 07:30,3.2,59,0,27.73,8.49,3.04,0,1.11,0,0,6.62,31.43,78,26.9
04-02-2020 07:40,3.5,56,0,27.74,8.49,3.16,0,1.01,0,0,6.59,31.44,80,26.6
04-02-2020 07:50,3.4,49,0,27.72,8.5,3.24,0,1.53,0,1.03,6.61,31.43,81,26.7
04-02-2020 08:00,3.1,41,0,27.7,8.45,3.35,0,1.87,0,1.81,6.67,31.43,79,26.7
04-02-2020 08:10,3.6,42,0,27.72,8.5,3.23,0,1.34,0,0.07,6.65,31.44,79,27
04-02-2020 08:20,4.3,82,0,27.73,8.5,3.31,0,1.04,0,0,6.68,31.43,78,27.2
04-02-2020 08:30,4.3,78,0,27.73,8.5,3.4,0,1.1,0,0,6.69,31.43,79,27.2
04-02-2020 08:40,4.2,81,0,27.72,8.5,3.61,0,1.33,0,0,6.77,31.43,79,27.2
04-02-2020 08:50,3.9,78,0,27.73,8.49,3.19,0,1.28,0,0,6.7,31.43,79,27.2
04-02-2020 09:00,4.1,87,0,27.73,8.5,3.38,0,1.09,0,0,6.73,31.43,78,27.4
04-02-2020 09:10,4.3,90,0,27.72,8.5,3.36,0,1.09,0,0,6.74,31.42,76,27.5
04-02-2020 09:20,3.9,82,0,27.73,8.5,3.26,0,1.37,0,0,6.82,31.42,78,27.5
04-02-2020 09:30,4.1,84,0,27.73,8.45,3.27,0,1.21,0,0,6.85,31.42,77,27.2
04-02-2020 09:40,4.3,83,0,27.74,8.45,3.36,0,1.64,0,0.29,6.91,31.42,78,27.4
04-02-2020 09:50,4.4,84,0,27.75,8.45,3.22,0,1.59,0,0.35,6.9,31.42,77,27.3
04-02-2020 10:00,4.7,85,0,27.77,8.45,3.45,0,1.41,0,0,7.02,31.41,77,27.4
04-02-2020 10:10,4.8,84,0,27.77,8.45,3.29,0,1.17,0,0,7,31.42,79,27.4
04-02-2020 10:20,4.8,80,0,27.79,8.45,3.31,0,1.42,0,0,7.02,31.42,78,27.4
04-02-2020 10:30,4.7,79,0,27.8,8.45,3.16,0,1.07,0,0,7,31.42,78,27.2
04-02-2020 10:40,4.8,77,0,27.82,8.45,3.02,0,1.02,0,0,7,31.43,78,27.2
04-02-2020 10:50,4.7,78,0,27.83,8.45,3.12,0,1.18,0,0,7.05,31.43,80,27.2
04-02-2020 11:00,4.5,83,0,27.84,8.45,3.18,0,1,0,0,7.07,31.43,79,27.2
04-02-2020 11:10,4.6,78,0,27.85,8.45,3.35,0,1.68,0,0.75,7.24,31.41,78,27.3
04-02-2020 11:20,4.4,79,0,27.85,8.45,3.39,0,2.54,0,2.4,7.47,31.41,78,27.2
04-02-2020 11:30,4.5,86,0,27.87,8.45,3.81,0,2.56,0,3.2,7.61,31.41,78,27.4
04-02-2020 11:40,4.3,83,0,27.88,8.45,3.68,0,2.67,0,3.72,7.72,31.41,79,27.4
04-02-2020 11:50,4.3,79,0,27.88,8.45,3.26,0,2.86,0,4.03,7.63,31.43,79,27.4
04-02-2020 12:00,4.2,73,0,27.92,8.45,3.31,0,2.66,0,3.14,7.71,31.43,81,27.5
04-02-2020 12:10,4.5,72,0,27.92,8.45,3.4,0,2.25,0,3.1,7.78,31.43,77,27.3
04-02-2020 12:20,4.6,76,0,27.94,8.45,3.28,0,2.62,0,3.77,7.8,31.44,79,27.5
04-02-2020 12:30,4.3,76,0,27.96,8.45,3.48,0,2.8,0,4.44,7.81,31.44,78,27.3
04-02-2020 12:40,4.2,72,0,28,8.45,3.49,0,1.95,0,1.99,7.76,31.44,78,27.2
04-02-2020 12:50,4.1,74,0,28.03,8.45,3.23,0,2.01,0,1.77,7.76,31.44,77,27.2
04-02-2020 13:00,4,76,0,28.11,8.45,3.29,0,1.94,0,2.22,7.92,31.43,77,27.3
04-02-2020 13:10,4.1,72,0,28.12,8.45,3.2,0,2.18,0,2.23,8.02,31.43,78,27.2
04-02-2020 13:20,4,74,0,28.11,8.45,3.12,0,1.99,0,1.59,7.76,31.44,79,27.3
04-02-2020 13:30,4.2,73,0,28.11,8.45,2.89,0,0.99,0,0,7.46,31.45,79,27.3
04-02-2020 13:40,4,70,0,28.11,8.45,3.27,0,0.94,0,0,7.36,31.45,78,27.3
04-02-2020 13:50,3.8,85,0,28.11,8.45,2.84,0,0.29,0,0,7.23,31.46,78,27.4
04-02-2020 14:00,3.8,82,0,28.13,8.45,2.73,0,0.31,0,0,7.21,31.46,77,27.3
04-02-2020 14:10,3.7,73,0,28.14,8.45,2.82,0,0.44,0,0,7.29,31.46,79,27.4
04-02-2020 14:20,4.1,71,0,28.15,8.45,2.88,0,0.22,0,0,7.3,31.46,78,27.3
04-02-2020 14:30,4.1,73,0,28.15,8.45,2.75,0,0.28,0,0,7.34,31.45,79,27.3
04-02-2020 14:40,4,77,0,28.11,8.45,2.85,0,0.4,0,0,7.4,31.46,78,27.4
04-02-2020 14:50,4.1,77,0,28.17,8.45,2.86,0,0.42,0,0,7.43,31.46,78,27.5
04-02-2020 15:00,4.4,70,0,28.15,8.45,2.76,0,0.57,0,0,7.47,31.45,78,27.4
04-02-2020 15:10,4.5,70,0,28.17,8.45,2.78,0,0.31,0,0,7.54,31.45,79,27.3
04-02-2020 15:20,4.4,75,0,28.15,8.45,2.8,0,0.5,0,0,7.62,31.45,79,27.5
04-02-2020 15:30,4.1,72,0,28.15,8.45,2.77,0,0.33,0,0,7.63,31.45,77,27.4
04-02-2020 15:40,4.2,68,0,28.13,8.45,2.76,0,0.86,0,0,7.69,31.45,79,27.4
04-02-2020 15:50,4.5,62,0,28.12,8.45,2.82,0,1.01,0,0,7.71,31.45,77,27.3
04-02-2020 16:00,4.6,62,0,28.11,8.45,2.84,0,1.03,0,0,7.75,31.45,78,27.2
04-02-2020 16:10,4.4,69,0,28.12,8.45,2.88,0,0.97,0,0,7.79,31.45,79,27.3
04-02-2020 16:20,4.4,69,0,28.12,8.45,2.72,0,1.14,0,0,7.84,31.45,77,27.3
04-02-2020 16:30,4.3,75,0,28.11,8.45,2.84,0,0.98,0,0,7.81,31.45,79,27.4
04-02-2020 16:40,4.7,72,0,28.11,8.45,2.94,0,1.54,0,0,7.89,31.45,80,27.4
04-02-2020 16:50,4.6,77,0,28.11,8.45,2.84,0,1.79,0,1.17,7.9,31.45,77,27.2
04-02-2020 17:00,4.7,73,0,28.11,8.45,2.85,0,1.67,0,1.32,7.96,31.45,78,27.3
04-02-2020 17:10,4.8,83,0,28.12,8.45,2.71,0,1.59,0,0.2,7.92,31.45,79,27.3
04-02-2020 17:20,5.1,83,0,28.11,8.45,2.68,0,1.5,0,0.14,7.93,31.45,78,27.2
04-02-2020 17:30,4.9,79,0,28.11,8.45,2.74,0,1.29,0,0.47,7.94,31.45,80,27.4
04-02-2020 17:40,4.7,84,0,28.11,8.45,2.82,0,2.1,0,0.84,7.94,31.45,77,27.2
04-02-2020 17:50,4.7,87,0,28.11,8.45,2.76,0,1.68,0,0.56,7.92,31.45,78,27.2
04-02-2020 18:00,4.7,84,0,28.11,8.45,2.7,0,1.31,0,0.7,7.92,31.45,78,27.2
04-02-2020 18:10,4.4,92,0,28.11,8.45,2.74,0,1.8,0,1.01,7.86,31.45,76,27.1
04-02-2020 18:20,4.6,91,0,28.09,8.45,2.76,0,2.03,0,0.81,7.9,31.45,78,27.1
04-02-2020 18:30,4.5,93,0,28.1,8.45,2.72,0,1.58,0,0.74,7.81,31.45,78,27
04-02-2020 18:40,4.3,91,0,28.09,8.45,2.89,0,1.71,0,0.8,7.83,31.45,79,27.1
04-02-2020 18:50,4.7,85,0,28.08,8.45,2.84,0,1.9,0,0.94,7.87,31.45,79,27
04-02-2020 19:00,4.6,95,0,28.07,8.45,2.75,0,1.57,0,0.85,7.81,31.45,78,27
04-02-2020 19:10,4.8,98,0,28.07,8.45,2.73,0,1.96,0,1.37,7.77,31.45,79,27.1
04-02-2020 19:20,4.5,88,0,28.07,8.45,2.78,0,2.04,0,1.63,7.79,31.45,79,27
04-02-2020 19:30,4.4,93,0,28.07,8.45,3,0,1.61,0,0.71,7.84,31.45,77,27.1
04-02-2020 19:40,4.4,91,0,28.07,8.45,2.9,0,1.58,0,0.83,7.79,31.45,77,27
04-02-2020 19:50,4.6,92,0,28.07,8.45,2.86,0,1.91,0,2.1,7.82,31.45,78,27.1
04-02-2020 20:00,4.7,89,0,28.06,8.45,2.79,0,1.64,0,1.79,7.75,31.46,77,27
04-02-2020 20:10,4.9,87,0,28.05,8.45,2.74,0,1.64,0,1.09,7.74,31.46,79,27.1
04-02-2020 20:20,4.6,87,0,28.05,8.45,2.77,0,1.91,0,1.65,7.72,31.46,80,27.1
04-02-2020 20:30,4.8,86,0,28.05,8.45,2.93,0,2.1,0,2.42,7.79,31.46,79,27
04-02-2020 20:40,4.8,87,0,28.05,8.45,2.79,0,2.53,0,3.14,7.86,31.45,79,27.1
04-02-2020 20:50,4.8,87,0,28.05,8.45,2.97,0,2.71,0,4.16,8.01,31.45,77,27
04-02-2020 21:00,5.1,84,0,28.04,8.45,2.84,0,2.65,0,4.07,8.01,31.45,78,27
04-02-2020 21:10,4.7,84,0,28.04,8.45,2.86,0,2.25,0,3.46,7.98,31.45,77,27
04-02-2020 21:20,4.6,89,0,28.04,8.45,2.87,0,2.3,0,2.46,7.89,31.45,78,27.1
04-02-2020 21:30,4.5,87,0,28.02,8.45,2.95,0,2.2,0,3.01,7.85,31.45,78,27.1
04-02-2020 21:40,4.3,83,0,28.02,8.45,2.83,0,2.23,0,2.74,7.8,31.45,79,27.1
04-02-2020 21:50,4.4,93,0,28,8.45,2.87,0,1.81,0,2.3,7.64,31.46,77,27.1
04-02-2020 22:00,4.5,88,0,27.97,8.45,3.14,0,2.26,0,2.4,7.53,31.46,77,27
04-02-2020 22:10,4.3,86,0,27.97,8.45,2.86,0,1.75,0,2.28,7.51,31.46,79,27
04-02-2020 22:20,4.3,87,0,27.97,8.45,2.78,0,2.1,0,3.33,7.49,31.46,80,27.1
04-02-2020 22:30,4.6,92,0,27.95,8.45,2.79,0,2.32,0,3.06,7.51,31.45,76,27
04-02-2020 22:40,4.4,86,0,27.95,8.45,2.82,0,1.93,0,3.04,7.46,31.46,77,27
04-02-2020 22:50,4.2,91,0,27.94,8.45,2.8,0,2.8,0,3.59,7.48,31.46,77,27
04-02-2020 23:00,4.4,93,0,27.93,8.45,2.85,0,1.93,0,1.55,7.41,31.46,78,27.2
04-02-2020 23:10,4.5,97,0,27.93,8.45,2.83,0,1.77,0,2.48,7.39,31.46,78,27.1
04-02-2020 23:20,4.4,99,0,27.93,8.45,2.95,0,1.5,0,1.3,7.3,31.46,79,27
04-02-2020 23:30,4.4,94,0,27.92,8.45,2.99,0,1.6,0,1.8,7.27,31.46,79,27.1
04-02-2020 23:40,4.5,93,0,27.91,8.45,2.93,0,1.3,0,0.7,7.16,31.47,79,27
04-02-2020 23:50,4.4,94,0,27.9,8.45,2.97,0,1.35,0,0.68,7.21,31.47,76,26.9
05-02-2020 00:00,4.2,94,0,27.9,8.45,2.87,0,1.25,0,0.35,7.19,31.47,77,27
05-02-2020 00:10,4.2,95,0,27.88,8.1,2.99,0,1.26,0,0.3,7.18,31.47,77,27
05-02-2020 00:20,4.2,94,0,27.89,8.1,3.01,0,1.21,0,0,7.13,31.47,76,27
05-02-2020 00:30,4.3,103,0,27.88,8.1,2.94,0,1.59,0,1.18,7.2,31.47,77,27
05-02-2020 00:40,3.8,99,0,27.88,8.1,3.05,0,1.13,0,0.08,7.15,31.47,78,27.1
05-02-2020 00:50,3.8,92,0,27.88,8.1,2.94,0,1.29,0,0.17,7.15,31.47,77,27
05-02-2020 01:00,4,97,0,27.87,8.1,3.07,0,1.28,0,0.18,7.15,31.47,75,26.9
05-02-2020 01:10,3.8,94,0,27.88,8.1,3.34,0,1.56,0,1.56,7.17,31.47,77,26.9
05-02-2020 01:20,4,88,0,27.87,8.1,3.04,0,1.66,0,1.1,7.21,31.47,75,27
05-02-2020 01:30,3.8,92,0,27.88,8.1,3.02,0,1.67,0,2.24,7.28,31.47,76,27
05-02-2020 01:40,3.6,95,0,27.87,8.1,3.04,0,1.78,0,2.58,7.26,31.47,76,26.9
05-02-2020 01:50,3.7,99,0,27.87,8.1,3.05,0,1.69,0,1.99,7.24,31.47,75,26.9
05-02-2020 02:00,3.7,98,0,27.87,8.1,3.15,0,1.77,0,2.45,7.18,31.47,77,27.1
05-02-2020 02:10,3.6,98,0,27.88,8.1,3.27,0,1.93,0,1.76,7.19,31.47,75,26.9
05-02-2020 02:20,3.7,106,0,27.87,8.1,3.19,0,1.9,0,2.16,7.14,31.47,73,26.9
05-02-2020 02:30,3.3,112,0,27.86,8.1,3.2,0,1.76,0,1.99,7.18,31.47,72,26.9
05-02-2020 02:40,3.2,116,0,27.85,8.1,3.16,0,1.86,0,2.51,7.2,31.47,75,27
05-02-2020 02:50,3.3,104,0,27.84,8.1,3.13,0,1.6,0,1.2,7.14,31.47,75,26.9
05-02-2020 03:00,3.2,97,0,27.83,8.1,3.05,0,1.69,0,1.09,7.21,31.47,72,26.8
05-02-2020 03:10,3,99,0,27.83,8.1,3.11,0,1.51,0,1.47,7.22,31.47,74,27
05-02-2020 03:20,2.8,103,0,27.82,8.1,3.18,0,1.41,0,1.08,7.16,31.47,72,26.8
05-02-2020 03:30,2.8,99,0,27.81,8.1,3.08,0,1.21,0,0.27,7.2,31.47,72,26.7
05-02-2020 03:40,2.6,113,0,27.82,8.1,2.99,0,1.04,0,0.67,7.17,31.47,73,26.9
05-02-2020 03:50,2.3,116,0,27.82,8.1,3.11,0,1.13,0,0.66,7.15,31.47,73,26.8
05-02-2020 04:00,2.8,104,0,27.81,8.1,3.19,0,1.46,0,1.86,7.2,31.47,74,26.7
05-02-2020 04:10,2.8,91,0,27.81,8.1,3.15,0,1.66,0,0.98,7.19,31.47,75,26.9
05-02-2020 04:20,2.5,96,0,27.81,8.1,3.16,0,2.16,0,2.9,7.2,31.47,74,26.8
05-02-2020 04:30,2.4,105,0,27.81,8.1,3.18,0,1.86,0,1.65,7.14,31.47,74,26.7
05-02-2020 04:40,2.7,90,0,27.82,8.1,3.3,0,1.88,0,3.09,7.1,31.47,75,26.8
05-02-2020 04:50,3,84,0,27.82,8.1,3.49,0,2.46,0,3.6,6.97,31.46,71,26.7
05-02-2020 05:00,2.8,85,0,27.8,8.1,3.53,0,2.26,0,2.43,6.79,31.38,71,26.8
05-02-2020 05:10,2.9,92,0,27.81,8.1,3.66,0,2.22,0,2.76,6.85,31.44,70,26.7
05-02-2020 05:20,2.9,98,0,27.81,8.1,3.47,0,1.9,0,1.92,6.9,31.44,71,26.8
05-02-2020 05:30,2.7,98,0,27.81,8.1,3.53,0,1.27,0,1.24,6.77,31.44,72,26.9
05-02-2020 05:40,3,95,0,27.79,8.1,3.49,0,1.88,0,1.55,6.83,31.43,72,26.7
05-02-2020 05:50,2.8,94,0,27.79,8.1,3.5,0,2.01,0,2.17,6.83,31.44,74,26.8
05-02-2020 06:00,2.6,97,0,27.8,8.1,3.5,0,1.63,0,1.93,6.68,31.43,74,26.7
05-02-2020 06:10,3,109,0,27.78,8.1,3.71,0,1.6,0,1.61,6.68,31.43,71,26.6
05-02-2020 06:20,3,95,0,27.76,8.1,3.64,0,2.24,0,2.34,6.67,31.43,72,26.8
05-02-2020 06:30,2.8,86,0,27.77,8.1,3.39,0,2.26,0,2.63,6.78,31.44,72,26.8
05-02-2020 06:40,2.5,91,0,27.77,8.1,3.5,0,1.46,0,1.34,6.76,31.45,70,26.7
05-02-2020 06:50,2.7,91,0,27.78,8.1,3.54,0,1.52,0,1.76,6.71,31.45,71,26.6
05-02-2020 07:00,2.9,94,0,27.77,8.1,4.41,0,1.86,0,1.91,6.62,31.44,73,26.9
05-02-2020 07:10,2.8,86,0,27.79,8.1,3.6,0,1.54,0,1.68,6.59,31.44,71,27
05-02-2020 07:20,2.7,88,0,27.77,8.1,3.56,0,1.32,0,1.02,6.61,31.43,67,27
05-02-2020 07:30,2.5,89,0,27.74,8.1,3.63,0,1.43,0,1.01,6.49,31.41,70,27.3
05-02-2020 07:40,2.8,87,0,27.75,8.1,3.56,0,1.53,0,1.19,6.46,31.42,70,27.1
05-02-2020 07:50,2.6,93,0,27.74,8.1,3.79,0,1.39,0,1.14,6.43,31.41,71,27.5
05-02-2020 08:00,2.4,90,0,27.73,8.1,3.67,0,1.42,0,1.2,6.46,31.42,67,27.4
05-02-2020 08:10,2.2,95,0,27.74,8.5,3.67,0,0.98,0,0.6,6.46,31.44,69,27.5
05-02-2020 08:20,2.1,94,0,27.75,8.5,3.64,0,0.76,0,0,6.46,31.44,70,27.4
05-02-2020 08:30,2.4,80,0,27.72,8.1,3.68,0,1.02,0,0,6.59,31.44,65,27.4
05-02-2020 08:40,2.1,83,0,27.73,8.1,4.25,0,1.15,0,0.49,6.64,31.44,67,27.4
05-02-2020 08:50,2.1,87,0,27.74,8.1,3.67,0,1.21,0,0.25,6.64,31.44,67,27.5
05-02-2020 09:00,1.9,68,0,27.75,8.1,3.63,0,0.97,0,0,6.63,31.44,68,27.5
05-02-2020 09:10,1.9,77,0,27.78,8.1,3.66,0,1.04,0,0,6.68,31.44,71,27.7
05-02-2020 09:20,2.2,82,0,27.75,8.1,4.02,0,0.8,0,0.08,6.62,31.42,67,27.4
05-02-2020 09:30,2.1,80,0,27.78,8.5,3.72,0,0.8,0,0,6.88,31.23,66,27.4
05-02-2020 09:40,2.5,85,0,27.83,8.1,3.65,0,0.9,0,0,6.9,31.25,69,27.3
05-02-2020 09:50,2.6,83,0,27.85,8.1,3.75,0,0.88,0,0,6.8,31.28,71,27.3
05-02-2020 10:00,2.3,78,0,27.87,8.5,3.81,0,0.69,0,0,6.74,31.28,73,27.4
05-02-2020 10:10,2.8,86,0,27.9,8.5,3.71,0,0.85,0,0,6.68,31.31,70,27.3
05-02-2020 10:20,2.6,90,0,27.96,8.5,3.69,0,0.63,0,0,6.71,31.29,68,27.4
05-02-2020 10:30,2.5,83,0,28.05,8.1,3.59,0,0.82,0,0,6.98,31.31,70,27.4
05-02-2020 10:40,2.6,77,0,28.12,8.1,3.4,0,0.68,0,0,7.16,31.36,71,27.2
05-02-2020 10:50,2.4,77,0,28.17,8.1,3.25,0,0.36,0,0,7.32,31.38,73,27.3
05-02-2020 11:00,2.2,90,0,28.24,8.1,3.25,0,0.38,0,0,7.35,31.37,72,27.3
05-02-2020 11:10,2.5,84,0,28.27,8.1,3.23,0,0.32,0,0,7.41,31.37,75,27.3
05-02-2020 11:20,2.6,83,0,28.28,8.1,3.4,0,0.29,0,0,7.38,31.37,74,27.3
05-02-2020 11:30,2.7,73,0,28.3,8.1,3.46,0,0.54,0,0,7.35,31.38,72,27.2
05-02-2020 11:40,2.6,75,0,28.34,8.1,3.33,0,0.52,0,0,7.38,31.37,71,27.2
05-02-2020 11:50,2.9,76,0,28.43,8.1,3.28,0,0.56,0,0,7.43,31.35,73,27.3
05-02-2020 12:00,2.9,81,0,28.36,8.1,3.4,0,0.44,0,0,7.44,31.37,75,27.3
05-02-2020 12:10,2.9,83,0,28.39,8.1,3.75,0,0.58,0,0,7.52,31.35,71,27.1
05-02-2020 12:20,2.9,82,0,28.44,8.1,3.52,0,0.66,0,0,7.55,31.32,72,27.2
05-02-2020 12:30,3.3,90,0,28.43,8.1,3.7,0,0.81,0,0,7.45,31.3,74,27.2
05-02-2020 12:40,3.1,91,0,28.42,8.1,3.55,0,0.74,0,0,7.92,31.37,71,27.1
05-02-2020 12:50,3.4,92,0,28.5,8.1,3.3,0,0.97,0,0,8.19,31.39,72,27.1
05-02-2020 13:00,3.6,90,0,28.57,8.1,3.34,0,0.88,0,0.1,8.25,31.35,75,27.3
05-02-2020 13:10,3.8,93,0,28.5,8.1,3.28,0,1.01,0,0.67,8.49,31.36,75,27.2
05-02-2020 13:20,4,93,0,28.5,8.1,3.4,0,0.85,0,0.03,8.5,31.36,74,27.2
05-02-2020 13:30,4,95,0,28.58,8.1,3.69,0,1.23,0,0.76,8.74,31.37,74,27.1
05-02-2020 13:40,3.5,95,0,28.62,8.1,3.32,0,1.51,0,1.81,8.87,31.4,74,27.1
05-02-2020 13:50,3.6,99,0,28.61,8.1,3.36,0,1.23,0,0.95,8.85,31.39,75,27.3
05-02-2020 14:00,3.2,94,0,28.6,8.1,3.31,0,1.25,0,0.61,8.88,31.4,73,27.2
05-02-2020 14:10,2.5,85,0,28.56,8.1,3.82,0,1.24,0,0.71,8.89,31.4,73,27.3
05-02-2020 14:20,2.3,94,0,28.6,8.1,3.45,0,0.9,0,1.27,8.9,31.43,72,27.3
05-02-2020 14:30,1.7,79,0,28.69,8.1,3.35,0,1.05,0,0,8.93,31.44,74,27.5
05-02-2020 14:40,2.2,103,0,28.73,8.1,3.29,0,1.32,0,0.38,8.95,31.45,71,27.4
05-02-2020 14:50,2.4,107,0,28.72,8.1,3.47,0,1.86,0,2.07,8.2,31.42,70,27.5
05-02-2020 15:00,2.6,108,0,29.01,8.1,3.89,0,3.27,0,5.28,8.2,31.18,69,27.4
05-02-2020 15:10,2.7,107,0,29.03,8.1,4.12,0,3.07,0,4.73,8.2,31.18,70,27.4
05-02-2020 15:20,2.7,121,0,29.06,8.1,4.2,0,3.04,0,5.79,8.2,31.17,70,27.4
05-02-2020 15:30,2.6,113,0,29.03,8.1,3.99,0,3.59,0,9.65,8.2,31.15,72,27.4
05-02-2020 15:40,2.9,110,0,29.02,8.1,4.1,0,4.32,0,9.49,8.2,31.15,73,27.4
05-02-2020 15:50,3.1,108,0,28.97,8.1,4.09,0,4,0,7.3,8.2,31.14,74,27.5
05-02-2020 16:00,3.2,111,0,28.93,8.1,4.53,0,4.53,0,8.48,8.2,31.14,74,27.4
05-02-2020 16:10,2.9,113,0,28.98,8.1,4.19,0,3.69,0,4.07,8.2,31.09,73,27.5
05-02-2020 16:20,3.1,115,0,29.01,8.1,4.55,0,4.57,0,7.91,8.2,31.1,73,27.5
05-02-2020 16:30,3.3,129,0,29.09,8.1,4.44,0,3.59,0,7.39,8.61,31.06,70,27.5
05-02-2020 16:40,3.2,123,0,29.15,8.1,5.01,0,3.86,0,7.24,8.15,31.05,72,27.7
05-02-2020 16:50,3.4,121,0,29.06,8.1,4.9,0,4.33,0,9.01,8.2,31.16,71,27.5
05-02-2020 17:00,3.6,120,0,29,8.3,4.55,0,5.05,0,15.23,8.43,31.17,74,27.6
05-02-2020 17:10,3.6,126,0,28.99,8.3,4.4,0,4.93,0,9.5,8.52,31.13,70,27.4
05-02-2020 17:20,3.4,123,0,28.88,8.3,4.34,0,6.09,0,16.24,8.2,31.17,73,27.5
05-02-2020 17:30,3.4,120,0,28.83,8.3,4.21,0,5.61,0,15.18,8.8,31.16,73,27.5
05-02-2020 17:40,3.3,130,0,28.83,8.3,4.21,0,7.15,0,16.19,8.8,31.07,72,27.7
05-02-2020 17:50,3.4,131,0,28.79,8.3,4.11,0,7.12,0,17.35,8.8,31.1,67,27.5
05-02-2020 18:00,2.9,134,0,28.76,8.3,4.31,0,11.58,0,26.99,8.8,31.06,69,27.4
05-02-2020 18:10,2.9,124,0,28.76,8.3,4.39,0,6.57,0,11.19,8.8,30.98,69,27.3
05-02-2020 18:20,3.3,117,0,28.73,8.3,4.47,0,12.35,0,38.82,8.8,30.84,72,27.3
05-02-2020 18:30,3.3,124,0,28.74,8.3,4.75,0,13.79,0,26.18,8.8,30.81,70,27.2
05-02-2020 18:40,3.3,124,0,28.73,8.3,4.41,0,14.45,0,69.83,8.8,30.89,70,27.3
05-02-2020 18:50,3.6,130,0,28.73,8.3,4.24,0,10.53,0,39.63,8.8,31.01,74,27.4
05-02-2020 19:00,3.5,136,0,28.74,8.3,4.08,0,12.88,0,33.64,8.8,31.1,70,27.2
05-02-2020 19:10,2.9,143,0,28.75,8.3,4.31,0,14.33,0,24.16,8.8,31.11,73,27.3
05-02-2020 19:20,3.1,138,0,28.75,8.3,4.09,0,10.47,0,36.31,8.8,31.13,68,27.2
05-02-2020 19:30,2.8,131,0,28.75,8.3,3.93,0,10.38,0,31.75,8.8,31.16,70,27.2
05-02-2020 19:40,3.1,131,0,28.73,8.3,4.2,0,7.43,0,23.11,8.8,31.17,71,27.3
05-02-2020 19:50,2.9,133,0,28.72,8.3,4.59,0,7.81,0,21.74,8.8,31.18,71,27.3
05-02-2020 20:00,2.7,130,0,28.71,8.3,4.15,0,8.58,0,34.55,8.8,31.15,71,27.3
05-02-2020 20:10,2.5,134,0,28.72,8.3,4.14,0,12.67,0,27.6,8.8,31.16,69,27.4
05-02-2020 20:20,2.8,133,0,28.73,8.3,4.29,0,9.75,0,17.53,8.8,31.16,70,27.4
05-02-2020 20:30,2.6,138,0,28.69,8.3,4.46,0,7.67,0,29.94,8.8,31.1,70,27.4
05-02-2020 20:40,2.5,133,0,28.6,8.3,4.84,0,14.34,0,27.3,8.8,30.96,70,27.4
05-02-2020 20:50,2.4,134,0,28.58,8.3,4.77,0,25.67,0,49.44,8.8,30.92,68,27.4
05-02-2020 21:00,2.3,124,0,28.58,8.3,4.68,0,17.57,0,47.22,8.8,30.91,71,27.5
05-02-2020 21:10,2.5,124,0,28.57,8.3,4.81,0,14.31,0,24.73,8.8,30.91,66,27.4
05-02-2020 21:20,2.7,117,0,28.56,8.3,4.85,0,21.08,0,33.05,8.8,30.92,69,27.4
05-02-2020 21:30,2.5,119,0,28.55,8.3,4.83,0,12.35,0,32.54,8.95,30.92,68,27.4
05-02-2020 21:40,2.8,128,0,28.52,8.3,5.03,0,11.21,0,35.88,8.79,30.91,67,27.4
05-02-2020 21:50,2.6,121,0,28.45,8.3,5.32,0,8.56,0,23.82,8.83,30.84,65,27.4
05-02-2020 22:00,3.2,130,0,28.44,8.3,5.2,0,15.67,0,44.49,8.59,30.82,67,27.4
05-02-2020 22:10,3,125,0,28.42,8.3,5.33,0,12.36,0,51.08,8.49,30.82,65,27.3
05-02-2020 22:20,2.9,122,0,28.39,8.3,5.46,0,21.19,0,46.93,8.49,30.82,67,27.4
05-02-2020 22:30,2.9,120,0,28.37,8.3,5.05,0,12.24,0,39.88,8.56,30.82,68,27.3
05-02-2020 22:40,3.7,111,0,28.36,8.3,5.43,0,11.72,0,25.81,8.51,30.83,69,27.3
05-02-2020 22:50,3.3,123,0,28.36,8.3,5.16,0,13.9,0,31.38,8.43,30.84,69,27.2
05-02-2020 23:00,3.7,127,0,28.36,8.3,5.44,0,10.92,0,35.6,8.34,30.86,70,27.2
05-02-2020 23:10,3.6,119,0,28.34,8.3,5.13,0,8.96,0,29.94,8.52,30.86,71,27.2
05-02-2020 23:20,3.8,124,0,28.33,8.3,5.35,0,16.14,0,37.97,8.62,30.85,72,27.3
05-02-2020 23:30,3.5,136,0,28.37,8.3,5.19,0,8.29,0,24.89,8.62,30.91,69,27.1
05-02-2020 23:40,4,139,0,28.37,8.3,5.06,0,16.6,0,38.12,8.8,30.93,70,27.1
05-02-2020 23:50,3.8,130,0,28.37,8.3,4.96,0,16.35,0,34.27,8.8,30.94,71,27.1
06-02-2020 00:00,3.6,150,0,28.36,8.3,4.82,0,17.42,0,35.58,8.8,30.95,72,27
06-02-2020 00:10,4,136,0,28.37,8.3,5.31,0,16.86,0,48.76,8.8,31,70,26.9
06-02-2020 00:20,4.1,147,0,28.38,8.3,4.64,0,13.85,0,42.56,8.8,31.06,71,27.1
06-02-2020 00:30,3.8,147,0,28.39,8.3,5.19,0,12.57,0,38.69,8.8,31.15,73,27
06-02-2020 00:40,3.8,144,0,28.35,8.3,4.79,0,17.97,0,45.25,8.8,31.15,71,27
06-02-2020 00:50,3.3,140,0,28.31,8.3,4.69,0,29.35,0,63.97,8.8,31.11,73,27.1
06-02-2020 01:00,3.7,144,0,28.23,8.3,4.88,0,15.49,0,47.32,8.8,31.07,72,27
06-02-2020 01:10,3.6,149,0,28.19,8.3,5.02,0,7.3,0,39.49,8.8,31.03,71,27
06-02-2020 01:20,3.5,140,0,28.19,8.3,4.9,0,18.02,0,42.03,8.8,31.03,73,27
06-02-2020 01:30,3.4,169,0,27.91,8.3,6.21,0,11.47,0,32.57,7.23,30.25,71,27
06-02-2020 01:40,2.8,162,0,27.66,8.34,7.46,0,14.32,0,24.07,5.03,29.16,72,26.9
06-02-2020 01:50,3.3,164,0,27.67,8.18,9.1,0,10.01,0,21.89,2.14,27.26,70,26.9
06-02-2020 02:00,3.3,174,0,27.96,8.29,7.72,0,13.81,0,36.66,5.28,28.94,70,26.9
06-02-2020 02:10,3.3,151,0,27.9,8.2,9.11,0,7.28,0,22.71,3.48,28.06,70,26.8
06-02-2020 02:20,2.7,150,0,28,8.3,8.24,0,12.18,0,21.4,5.17,28.67,74,26.9
06-02-2020 02:30,2.8,151,0,28.11,8.37,6.74,0,8.54,0,38.86,5.87,29.55,70,26.6
06-02-2020 02:40,2.7,148,0,28.16,8.41,8.44,0,16.92,0,43.22,6.57,29.88,72,26.7
06-02-2020 02:50,3.1,148,0,27.78,8.27,8.73,0,9.57,0,33.09,3.99,27.93,70,26.6
06-02-2020 03:00,3.2,159,0,28.12,8.46,6.32,0,20.11,0,45.54,6.91,30.31,71,26.6
06-02-2020 03:10,3.3,148,0,27.87,8.31,7.23,0,8.74,0,27,5.17,29.14,72,26.7
06-02-2020 03:20,3.4,161,0,27.93,8.35,7.16,0,12.67,0,45.7,5.66,29.37,69,26.6
06-02-2020 03:30,3,164,0,27.93,8.34,7.12,0,9.71,0,34.45,5.54,29.33,71,26.7
06-02-2020 03:40,3.1,169,0,27.88,8.34,7.36,0,9.93,0,26.15,5.27,29.28,72,26.6
06-02-2020 03:50,2.7,167,0,27.79,8.31,7.07,0,8.14,0,15.19,4.91,29.36,72,26.6
06-02-2020 04:00,2.6,145,0,27.82,8.35,7.17,0,8.23,0,22.48,5.19,29.49,74,26.6
06-02-2020 04:10,2.5,161,0,27.73,8.28,7.72,0,10.14,0,27.47,4.77,28.77,74,26.6
06-02-2020 04:20,2.4,163,0,27.76,8.29,7.35,0,9.13,0,26.27,4.65,28.98,71,26.6
06-02-2020 04:30,2.8,172,0,27.71,8.28,7.45,0,7.07,0,17.66,4.6,28.84,70,26.6
06-02-2020 04:40,1.9,232,0,27.55,8.19,9.01,0,7.59,0,18.55,3.68,27.79,75,25.7
06-02-2020 04:50,2.4,280,0,27.54,8.18,9.62,0,7.2,0,9.75,3.2,27.59,78,25.2
06-02-2020 05:00,2.8,282,0,27.37,8.18,9.29,0,6.73,0,21.05,3,27.68,79,24.9
06-02-2020 05:10,2.2,288,0,27.5,8.22,8.47,0,7.76,0,18.99,3.57,28.26,81,24.9
06-02-2020 05:20,2.1,274,0,27.75,8.34,7.77,0,9.18,0,30.94,5.23,29.28,81,24.8
06-02-2020 05:30,2.1,283,0,27.88,8.41,7.21,0,9.01,0,25.1,5.94,29.88,81,24.7
06-02-2020 05:40,2.1,291,0,27.92,8.43,6.38,0,9.01,0,20.64,6.32,30.16,80,24.6
06-02-2020 05:50,2.1,283,0,27.87,8.44,6.07,0,8.57,0,19.79,6.42,30.29,81,24.6
06-02-2020 06:00,2.6,285,0,27.82,8.47,5.87,0,9.48,0,20.56,6.87,30.27,82,24.6
06-02-2020 06:10,2.8,288,0,27.59,8.42,6.03,0,7.83,0,20.55,6.35,30.04,82,24.3
06-02-2020 06:20,3.2,291,0,27.52,8.45,5.83,0,9.18,0,19.64,6.6,30.09,83,24.2
06-02-2020 06:30,3,287,0,27.61,8.45,5.54,0,7.48,0,23.03,6.73,30.2,83,24
06-02-2020 06:40,3.1,287,0,27.45,8.43,5.96,0,6.98,0,19,6.26,29.95,83,23.8
06-02-2020 06:50,2.8,279,0,27.49,8.42,5.79,0,5.76,0,13.88,6.13,30.05,84,23.9
06-02-2020 07:00,2.9,270,0,27.6,8.46,5.49,0,5.16,0,13.27,6.51,30.3,83,23.8
06-02-2020 07:10,3,266,0,27.73,8.47,5.44,0,6.6,0,15.45,6.6,30.45,83,24
06-02-2020 07:20,3,262,0,27.78,8.46,5.72,0,5.67,0,12.04,6.46,30.48,81,24.1
06-02-2020 07:30,2.3,268,0,27.78,8.46,5.6,0,5.19,0,12.48,6.41,30.51,81,24.2
06-02-2020 07:40,2.2,273,0,27.81,8.45,5.66,0,5.76,0,12.45,6.39,30.52,80,24.4
06-02-2020 07:50,2.4,272,0,27.79,8.46,5.56,0,5.9,0,13.34,6.55,30.54,78,24.8
06-02-2020 08:00,2.6,273,0,27.77,8.44,5.77,0,4.61,0,15.5,6.47,30.57,77,25.2
06-02-2020 08:10,2.2,279,0,27.73,8.42,5.55,0,4.65,0,10.85,6.14,30.55,77,25.6
06-02-2020 08:20,1.6,279,0,27.78,8.4,6.63,0,5.49,0,15.7,6.14,30.54,75,26.1
06-02-2020 08:30,1.6,273,0,27.78,8.42,6.34,0,4.56,0,9.61,6.36,30.56,73,26.4
06-02-2020 08:40,1.4,271,0,27.86,8.44,6.22,0,4.7,0,11.66,6.5,30.58,72,26.6
06-02-2020 08:50,1.5,274,0,27.9,8.42,6.07,0,4.21,0,7.73,6.42,30.56,72,27
06-02-2020 09:00,1.2,245,0,28.03,8.46,5.62,0,3.94,0,5.76,6.71,30.84,69,27.2
06-02-2020 09:10,0.7,205,0,28.07,8.45,6.3,0,3.96,0,8.9,6.71,30.69,69,27.5
06-02-2020 09:20,1,194,0,28.12,8.46,5.71,0,3.67,0,9.24,6.62,30.71,70,27.5
06-02-2020 09:30,1.5,186,0,28.16,8.44,5.77,0,3.46,0,7.98,6.66,30.71,71,27.4
06-02-2020 09:40,1.6,188,0,28.21,8.44,5.56,0,3.2,0,5.85,6.72,30.62,70,27.3
06-02-2020 09:50,1.6,187,0,28.18,8.42,6.13,0,3.36,0,7.61,6.51,30.53,69,27.3
06-02-2020 10:00,1.4,186,0,28.24,8.41,9.36,0,3.07,0,7.46,6.55,30.46,71,27.4
06-02-2020 10:10,1.3,169,0,28.28,8.43,6.64,0,3.67,0,7.85,6.75,30.49,69,27.4
06-02-2020 10:20,1.5,163,0,28.28,8.42,6.24,0,3.67,0,8.3,6.7,30.43,69,27.5
06-02-2020 10:30,1.4,164,0,28.32,8.43,6.05,0,3.47,0,8.71,6.81,30.53,70,27.4
06-02-2020 10:40,1.5,147,0,28.3,8.44,6.75,0,3.44,0,8.06,7.12,30.49,69,27.4
06-02-2020 10:50,1.9,147,0,28.3,8.46,6.24,0,3.15,0,8.5,7.27,30.54,70,27.4
06-02-2020 11:00,2.3,161,0,28.29,8.49,6.4,0,3.8,0,9.3,7.58,30.59,70,27.3
06-02-2020 11:10,1.8,146,0,28.31,8.3,6.44,0,3.75,0,8.36,7.62,30.61,70,27.4
06-02-2020 11:20,1.8,155,0,28.28,8.3,5.93,0,4.25,0,8.78,7.68,30.61,71,27.4
06-02-2020 11:30,1.6,151,0,29.13,8.28,7.7,0,3.03,0,7.77,5.41,28.64,71,27.5
06-02-2020 11:40,2,166,0,29.05,8.29,7.28,0,3.67,0,7.08,6.06,28.87,69,27.3
06-02-2020 11:50,2.4,164,0,29,8.37,6.82,0,3.53,0,8.14,6.3,29.56,71,27.4
06-02-2020 12:00,2.6,160,0,29.54,8.29,7.62,0,3.73,0,8.09,5.68,28.58,73,27.5
06-02-2020 12:10,2.8,149,0,29.38,8.34,7.05,0,3.76,0,7.56,6.28,29.13,69,27.3
06-02-2020 12:20,3,156,0,29.86,8.21,8.41,0,3.35,0,7.84,4.61,27.79,72,27.4
06-02-2020 12:30,3.6,147,0,28.58,8.3,5.89,0,6.23,0,12.95,8.01,30.58,71,27.3
06-02-2020 12:40,3.6,146,0,29.76,8.22,7.67,0,3.54,0,8.75,4.71,28.16,71,27.3
06-02-2020 12:50,3.4,144,0,30.27,8.16,9.39,0,3.86,0,8.26,3.75,27.52,71,27.4
06-02-2020 13:00,3.7,145,0,29.77,8.27,7.7,0,4.28,0,9.84,5.38,28.41,74,27.5
06-02-2020 13:10,4.1,145,0,30.08,8.15,8.94,0,3.81,0,8.2,3.93,27.49,73,27.4
06-02-2020 13:20,4.3,152,0,30.13,8.13,8.68,0,3.9,0,5.72,3.59,27.32,71,27.4
06-02-2020 13:30,4.3,147,0,29.86,8.16,8.93,0,4.69,0,15.64,4.22,27.61,72,27.4
06-02-2020 13:40,4.3,153,0,30.11,8.07,9.8,0,4.22,0,10.96,3.09,27.02,73,27.4
06-02-2020 13:50,4,145,0,30.09,8.12,9.37,0,4.78,0,12.78,3.21,27.68,74,27.4
06-02-2020 14:00,4.4,145,0,29.92,8.24,9.16,0,6.69,0,14.56,4.75,28.33,73,27.4
06-02-2020 14:10,4.5,148,0,30.25,8.14,9.41,0,5.96,0,14.05,3.56,27.73,74,27.5
06-02-2020 14:20,4.4,147,0,30.01,8.39,8.13,0,7.44,0,25.3,6.67,29.02,73,27.4
06-02-2020 14:30,4.2,136,0,29.93,8.5,7.52,0,8.77,0,19.57,8.49,29.59,74,27.4
06-02-2020 14:40,4.2,140,0,29.62,8.3,5.31,0,7.23,0,11.5,8.8,30.7,74,27.4
06-02-2020 14:50,4.3,137,0,29.15,8.3,4.04,0,4.65,0,10.76,8.8,31.28,71,27.3
06-02-2020 15:00,4.3,136,0,28.98,8.3,3.81,0,4.08,0,13.65,8.8,31.36,75,27.5
06-02-2020 15:10,4.7,143,0,29.01,8.3,4.05,0,4.94,0,10.81,8.8,31.36,72,27.4
06-02-2020 15:20,4.8,139,0,29.04,8.3,3.88,0,4.99,0,10.92,8.8,31.33,73,27.3
06-02-2020 15:30,4.8,141,0,29.13,8.3,4.02,0,5.71,0,11.28,8.8,31.33,73,27.4
06-02-2020 15:40,4.6,136,0,29.18,8.3,5.06,0,10.15,0,20.58,8.8,31.3,76,27.6
06-02-2020 15:50,5.2,132,0,29.28,8.3,4.56,0,9.01,0,17.42,8.8,31.27,74,27.4
06-02-2020 16:00,5.2,137,0,29.4,8.3,5.33,0,17.88,0,51.96,8.8,31.24,74,27.5
06-02-2020 16:10,5.6,148,0,29.38,8.3,5.94,0,20.59,0,59.25,8.8,31.22,75,27.6
06-02-2020 16:20,5.5,137,0,29.39,8.3,5.05,0,16.28,0,46.83,8.8,31.23,74,27.5
06-02-2020 16:30,5.5,135,0,29.35,8.3,5.58,0,23.85,0,48.86,8.8,31.24,75,27.5
06-02-2020 16:40,5.3,138,0,29.33,8.3,6.15,0,20.93,0,47.83,8.8,31.25,73,27.6
06-02-2020 16:50,5.6,142,0,29.26,8.3,5.35,0,21.08,0,49.4,8.8,31.22,73,27.6
06-02-2020 17:00,5.6,144,0,29.24,8.3,5.43,0,13.39,0,32.56,8.8,31.21,72,27.5
06-02-2020 17:10,5.8,143,0,29.17,8.3,5.29,0,18.18,0,48.17,8.8,31.19,75,27.6
06-02-2020 17:20,5.3,143,0,29.15,8.3,5.41,0,21.51,0,61.38,8.8,31.2,72,27.6
06-02-2020 17:30,5.3,143,0,29.12,8.3,5.13,0,22.28,0,66.47,8.8,31.18,72,27.6
06-02-2020 17:40,5.2,140,0,28.99,8.3,5.02,0,13.51,0,44.17,8.8,31.2,74,27.5
06-02-2020 17:50,5.4,138,0,28.87,8.3,4.85,0,19.47,0,45.96,8.8,31.15,70,27.5
06-02-2020 18:00,5.2,143,0,28.89,8.3,5.22,0,17.03,0,39.59,8.8,31.17,72,27.5
06-02-2020 18:10,5.2,142,0,28.76,8.3,4.82,0,16.01,0,43.49,8.8,31.19,74,27.5
06-02-2020 18:20,5.2,140,0,28.78,8.3,4.64,0,13.72,0,28.29,8.8,31.18,72,27.5
06-02-2020 18:30,5.5,143,0,28.83,8.3,4.97,0,14.98,0,31.92,8.8,31.2,72,27.4
06-02-2020 18:40,5.2,143,0,28.76,8.3,5.46,0,8.56,0,40.01,8.8,31.23,72,27.4
06-02-2020 18:50,5.4,141,0,28.83,8.3,5,0,18.19,0,56.61,8.8,31.11,71,27.4
06-02-2020 19:00,5.2,147,0,28.88,8.3,5.57,0,15.54,0,41.42,8.8,31.1,77,27.7
06-02-2020 19:10,5.1,150,0,28.87,8.3,4.88,0,24.08,0,35.09,8.8,31.15,73,27.5
06-02-2020 19:20,5,141,0,28.74,8.3,5.13,0,14.2,0,24.77,8.8,31.12,71,27.3
06-02-2020 19:30,4.9,143,0,28.8,8.3,5,0,9.96,0,27.4,8.8,31.1,71,27.3
06-02-2020 19:40,5.3,138,0,28.82,8.3,5.02,0,17.13,0,33.3,8.8,31.09,72,27.4
06-02-2020 19:50,5.4,144,0,28.65,8.3,4.83,0,12.06,0,28.64,8.8,31.09,70,27.3
06-02-2020 20:00,5.5,142,0,28.55,8.3,4.4,0,7.68,0,19.96,8.84,31.17,69,27.4
06-02-2020 20:10,5.4,146,0,28.49,8.3,4.62,0,6.84,0,15.19,8.73,31.17,70,27.4
06-02-2020 20:20,5.1,148,0,28.44,8.3,4.42,0,6.11,0,13.6,8.59,31.2,73,27.5
06-02-2020 20:30,5.1,141,0,28.42,8.3,4.93,0,9.84,0,12.98,8.3,31.22,75,27.3
06-02-2020 20:40,4.9,131,0,28.36,8.3,4.36,0,4.47,0,10.83,7.9,31.25,77,27.4
06-02-2020 20:50,5.2,140,0,28.29,8.3,4.19,0,4.38,0,6.07,7.78,31.25,75,27.2
06-02-2020 21:00,5,139,0,28.25,8.3,4.04,0,4.25,0,6.3,7.68,31.32,74,27.2
06-02-2020 21:10,5.3,136,0,28.23,8.3,3.99,0,3.48,0,6.01,7.52,31.36,75,27.2
06-02-2020 21:20,5.4,133,0,28.17,8.3,4.01,0,3.13,0,4.99,7.33,31.38,74,27.3
06-02-2020 21:30,5.3,131,0,28.16,8.3,4.03,0,2.96,0,3.67,7.33,31.42,75,27.3
06-02-2020 21:40,5.4,122,0,28.16,8.3,3.92,0,2.52,0,3.03,7.33,31.43,74,27.2
06-02-2020 21:50,5,129,0,28.15,8.3,4.08,0,2.96,0,3.64,7.34,31.41,75,27.4
06-02-2020 22:00,5.1,128,0,28.14,8.3,4.05,0,2.88,0,3.63,7.3,31.45,73,27.3
06-02-2020 22:10,5.6,125,0,28.1,8.4,3.93,0,1.73,0,2.06,7.2,31.53,72,27.4
06-02-2020 22:20,5.5,129,0,28.13,8.38,3.86,0,1.94,0,1.88,7.14,31.51,74,27.5
06-02-2020 22:30,4.8,139,0,28.1,8.26,4.02,0,2.23,0,3.18,7.24,31.48,69,27.4
06-02-2020 22:40,4.9,133,0,28.09,8.26,4.03,0,2.46,0,2.77,7.14,31.49,73,27.5
06-02-2020 22:50,4.4,130,0,28.1,8.26,4.01,0,2.19,0,2.64,7.1,31.49,73,27.4
06-02-2020 23:00,4.7,130,0,28.07,8.26,4.64,0,3.41,0,4.29,7.15,31.38,74,27.4
06-02-2020 23:10,4.7,133,0,28.02,8.26,4.12,0,3.6,0,5.08,7.05,31.4,69,27.4
06-02-2020 23:20,3.9,136,0,28.06,8.26,3.98,0,2,0,2.11,6.98,31.54,73,27.4
06-02-2020 23:30,4.9,138,0,27.97,8.26,4.1,0,3.51,0,4.88,6.99,31.36,69,27.5
06-02-2020 23:40,4.4,138,0,27.94,8.26,4.4,0,5.33,0,7.13,6.97,31.21,70,27.4
06-02-2020 23:50,4.1,137,0,27.96,8.26,4.55,0,6.23,0,12.03,6.75,31.06,71,27.4
07-02-2020 00:00,4.9,143,0,28.01,8.26,4.92,0,6.75,0,8.83,6.54,30.94,75,27.5
07-02-2020 00:10,5.2,148,0,28,8.26,5.27,0,8.42,0,10.21,6.03,30.58,72,27.4
07-02-2020 00:20,4.7,145,0,27.96,8.46,6.09,0,8.01,0,18.23,5.41,30.08,72,27.4
07-02-2020 00:30,4,143,0,27.91,8.41,6.41,0,8.74,0,32.44,4.94,29.74,73,27.4
07-02-2020 00:40,3.7,147,0,27.86,8.39,6.6,0,8.9,0,18.88,4.72,29.47,73,27.3
07-02-2020 00:50,3.7,153,0,27.9,8.37,6.79,0,10.18,0,21.42,4.54,29.48,73,27.3
07-02-2020 01:00,3.9,151,0,27.91,8.29,7.29,0,8.95,0,35.05,4.14,29.07,73,27.2
07-02-2020 01:10,4.2,138,0,27.79,8.25,6.96,0,9.42,0,19.48,3.95,28.71,75,27.3
07-02-2020 01:20,4.4,148,0,27.76,8.14,10.32,0,11.54,0,28.1,3.18,26.65,76,27.2
07-02-2020 01:30,5,140,0,27.86,8.15,13.39,0,12.17,0,27.19,2.82,26.25,75,27.4
07-02-2020 01:40,6.1,140,0,27.84,8.23,10.46,0,11.06,0,28.15,3.65,27.79,72,27.3
07-02-2020 01:50,6.1,144,0,27.78,8.18,10.99,0,8.92,0,24.06,3.41,27.19,75,27.4
07-02-2020 02:00,6.4,140,0,27.8,8.24,9.12,0,11.17,0,23.24,3.91,28.15,72,27.3
07-02-2020 02:10,6.4,141,0,27.76,8.21,8.96,0,15,0,39.14,3.43,28.33,72,27.3
07-02-2020 02:20,5.9,142,0,27.81,8.32,7.29,0,11.62,0,26.03,4.44,29.45,72,27.3
07-02-2020 02:30,6.2,143,0,27.82,8.38,6.5,0,10.4,0,25.66,5.01,29.97,74,27.3
07-02-2020 02:40,6,143,0,27.87,8.42,5.6,0,6.92,0,11.91,5.39,30.59,72,27.2
07-02-2020 02:50,5.7,148,0,27.9,8.43,5.22,0,5.32,0,12.01,5.54,30.85,72,27.3
07-02-2020 03:00,6,151,0,27.93,8.47,4.5,0,2.86,0,5.77,6.02,31.37,71,27.3
07-02-2020 03:10,5.8,150,0,27.9,8.47,4.79,0,3.62,0,9.31,5.96,31.19,72,27.3
07-02-2020 03:20,5.5,152,0,27.86,8.47,4.84,0,4.66,0,10.27,5.88,31.11,72,27.2
07-02-2020 03:30,5.3,155,0,27.92,8.49,4.53,0,3.23,0,7.81,6.09,31.35,75,27.3
07-02-2020 03:40,5,158,0,28.03,8.26,3.77,0,1.27,0,1.3,6.38,31.75,73,27.2
07-02-2020 03:50,4.4,157,0,28.1,8.26,3.52,0,0.9,0,0.46,6.59,31.78,76,27.3
07-02-2020 04:00,4.6,160,0,27.8,8.46,4.64,0,4.09,0,8.99,5.92,31.17,72,27.1
07-02-2020 04:10,5.1,164,0,27.68,8.42,7.64,0,6.1,0,12.35,5.56,30.81,73,27
07-02-2020 04:20,5.3,163,0,27.67,8.43,5.3,0,5.88,0,11.28,5.6,30.83,73,27.1
07-02-2020 04:30,4.5,159,0,27.68,8.45,5.14,0,5.77,0,9.24,5.65,30.91,73,27.1
07-02-2020 04:40,4.7,165,0,27.68,8.45,5.03,0,5.01,0,8.51,5.71,30.97,71,27
07-02-2020 04:50,4.3,162,0,27.75,8.46,4.54,0,3.44,0,5.97,5.88,31.25,74,27.2
07-02-2020 05:00,4.7,155,0,28.07,8.26,3.77,0,0.61,0,0,6.39,31.78,72,27.2
07-02-2020 05:10,4.2,157,0,28.09,8.26,3.55,0,0.65,0,0,6.47,31.8,72,27.1
07-02-2020 05:20,4,161,0,28.09,8.26,3.5,0,0.65,0,0,6.52,31.81,74,27.2
07-02-2020 05:30,4.6,154,0,28.08,8.26,3.71,0,0.63,0,0,6.34,31.8,74,27.2
07-02-2020 05:40,4.2,153,0,28.09,8.26,3.57,0,0.56,0,0,6.28,31.81,74,27.2
07-02-2020 05:50,4.2,147,0,28.08,8.26,3.55,0,0.63,0,0,6.28,31.81,75,27.2
07-02-2020 06:00,4.6,155,0,28.07,8.26,3.66,0,0.76,0,0,6.24,31.8,71,27.1
07-02-2020 06:10,4,158,0,28.08,8.26,3.89,0,0.64,0,0,6.31,31.81,75,27.3
07-02-2020 06:20,4,162,0,28.07,8.26,3.64,0,0.62,0,0.1,6.63,31.82,72,27.1
07-02-2020 06:30,2.2,210,0,28.06,8.26,3.82,0,0.66,0,0.09,6.57,31.83,78,25.7
07-02-2020 06:40,1.9,296,0,28.03,8.26,3.54,0,0.64,0,0,6.45,31.83,81,25.3
07-02-2020 06:50,2.2,278,0,27.98,8.26,3.52,0,0.5,0,0,6.38,31.81,82,25.2
07-02-2020 07:00,2.4,280,0,27.99,8.26,3.7,0,0.63,0,0.29,6.29,31.82,81,25.2
07-02-2020 07:10,2.2,280,0,27.94,8.26,4.09,0,0.92,0,1.23,6.06,31.79,82,25.2
07-02-2020 07:20,2.7,282,0,27.98,8.26,4.03,0,0.65,0,0.71,6.04,31.8,81,25.2
07-02-2020 07:30,2.6,278,0,27.95,8.26,3.87,0,0.86,0,1.08,5.98,31.79,81,25.4
07-02-2020 07:40,2.5,280,0,28,8.26,3.83,0,0.74,0,1.6,6.01,31.82,80,25.7
07-02-2020 07:50,2.2,274,0,27.94,8.26,3.83,0,1.46,0,2.43,6.21,31.68,79,26
07-02-2020 08:00,1.7,260,0,27.94,8.26,3.89,0,1.65,0,2.19,6.24,31.67,79,26.3
07-02-2020 08:10,2.1,271,0,27.97,8.26,3.98,0,1.41,0,2.14,6.13,31.68,78,26.3
07-02-2020 08:20,2.4,271,0,27.92,8.26,3.92,0,1.42,0,1.23,6.06,31.69,78,26.2
07-02-2020 08:30,2.1,265,0,27.98,8.26,3.94,0,1.17,0,1.12,6.03,31.73,76,26.5
07-02-2020 08:40,1.8,249,0,27.95,8.26,4.03,0,1.4,0,2.28,5.94,31.69,75,26.7
07-02-2020 08:50,1.9,221,0,27.93,8.26,4.4,0,1.42,0,2.44,5.85,31.66,76,27
07-02-2020 09:00,2,212,0,27.96,8.26,4.16,0,1.62,0,2.26,5.83,31.67,75,26.9
07-02-2020 09:10,2.1,204,0,27.97,8.26,4.5,0,2.01,0,4.67,5.9,31.72,75,27.1
07-02-2020 09:20,2.1,202,0,27.97,8.26,4.52,0,2.06,0,4.16,5.89,31.7,75,27.2
07-02-2020 09:30,2.1,193,0,27.91,8.44,5.25,0,2.22,0,4.51,5.46,30.91,75,27
07-02-2020 09:40,2.3,192,0,27.98,8.39,8.32,0,2.28,0,4.48,5.19,30.38,77,27.2
07-02-2020 09:50,2.7,192,0,28.09,8.39,5.63,0,2.14,0,3.91,5.23,30.35,77,27.3
07-02-2020 10:00,2.9,186,0,28.16,8.38,5.69,0,1.94,0,3.71,5.21,30.36,77,27.3
07-02-2020 10:10,2.9,190,0,28.23,8.31,6.37,0,2.42,0,4.34,4.68,29.46,78,27.4
07-02-2020 10:20,3.4,186,0,28.2,8.35,6.39,0,2.32,0,4.35,4.87,29.92,74,27.3
07-02-2020 10:30,3.4,181,0,28.21,8.37,6.05,0,2.21,0,4.15,5.14,29.99,77,27.5
07-02-2020 10:40,3.6,185,0,28.36,8.28,7.08,0,2.58,0,5.2,4.54,29.16,75,27.4
07-02-2020 10:50,3.5,179,0,28.48,8.25,6.65,0,2.19,0,4.64,4.29,28.76,76,27.4
07-02-2020 11:00,4.3,174,0,28.47,8.27,6.04,0,2.32,0,4.09,5.02,29.5,77,27.5
07-02-2020 11:10,4.3,175,0,28.58,8.23,7.76,0,2.7,0,5.4,4.38,28.4,77,27.5
07-02-2020 11:20,4.8,166,0,28.65,8.22,8.24,0,4.02,0,9.72,4.29,27.98,73,27.7
07-02-2020 11:30,4.9,154,0,29.1,8.04,14.71,0,4.61,0,9.35,2.56,27.76,74,27.7
07-02-2020 11:40,5.1,154,0,29.1,8.12,14.33,0,4.7,0,10.43,3.31,27.44,76,27.7
07-02-2020 11:50,4.7,161,0,28.95,8.2,10.29,0,4.79,0,11.01,4.67,27.31,74,27.7
07-02-2020 12:00,4.7,153,0,29.09,8.16,10.24,0,4.42,0,8.42,4.13,27.03,77,27.7
07-02-2020 12:10,5.3,157,0,29.07,8.15,10.21,0,4.41,0,9.92,4.16,26.47,75,27.6
07-02-2020 12:20,5.5,165,0,29.16,8.12,9.85,0,4.38,0,8.6,4.04,26.24,75,27.6
07-02-2020 12:30,5.8,163,0,29.16,8.14,9.83,0,4.95,0,9.71,4.13,26.7,76,27.7
07-02-2020 12:40,5.7,163,0,29.26,8.2,9.72,0,4.91,0,8.31,4.84,27.3,75,27.7
07-02-2020 12:50,5.9,159,0,29.04,8.36,8.15,0,7.34,0,18.18,6.45,29.2,73,27.6
07-02-2020 13:00,5.8,158,0,28.46,8.26,3.5,0,0.71,0,0,6.97,31.78,78,27.8
07-02-2020 13:10,6,157,0,28.46,8.26,3.64,0,0.5,0,0,6.89,31.82,73,27.7
07-02-2020 13:20,5.8,158,0,28.46,8.26,3.64,0,0.62,0,0,6.92,31.82,70,27.7
07-02-2020 13:30,5.9,160,0,28.77,8.26,3.93,0,1.96,0,2.16,7.43,31.56,72,27.7
07-02-2020 13:40,6,161,0,28.71,8.26,3.78,0,2.01,0,1.99,7.33,31.6,73,27.7
07-02-2020 13:50,6.1,158,0,28.68,8.26,3.88,0,1.74,0,1.4,7.17,31.64,75,27.6
07-02-2020 14:00,5.8,159,0,28.67,8.26,3.79,0,1.79,0,0.91,7.09,31.66,76,27.6
07-02-2020 14:10,6.1,154,0,28.63,8.26,3.98,0,1.46,0,0.82,6.97,31.71,74,27.6
07-02-2020 14:20,5.8,150,0,28.67,8.26,4.01,0,1.78,0,1.46,6.93,31.7,75,27.6
07-02-2020 14:30,5.6,149,0,28.66,8.26,3.93,0,1.62,0,1.33,6.87,31.74,75,27.7
07-02-2020 14:40,5.6,148,0,28.65,8.26,4.02,0,1.78,0,1.09,6.91,31.74,77,27.7
07-02-2020 14:50,5.7,149,0,28.65,8.26,4.11,0,1.8,0,1.53,6.82,31.77,76,27.6
07-02-2020 15:00,5.7,153,0,28.64,8.26,4.06,0,1.65,0,1.66,6.78,31.79,76,27.6
07-02-2020 15:10,5.6,150,0,28.59,8.26,4.01,0,1.62,0,1.48,6.78,31.85,72,27.5
07-02-2020 15:20,5.8,150,0,28.63,8.26,3.97,0,1.52,0,1.12,6.84,31.84,73,27.7
07-02-2020 15:30,6,152,0,28.73,8.26,3.91,0,1.25,0,0.61,6.91,31.77,75,27.7
07-02-2020 15:40,5.9,151,0,28.71,8.26,4.03,0,1.74,0,1.9,6.91,31.77,75,27.7
07-02-2020 15:50,6.3,154,0,28.97,8.3,4.41,0,2.94,0,2.76,6.78,31.65,71,27.6
07-02-2020 16:00,6.3,156,0,28.97,8.3,4.3,0,3.22,0,3.65,6.9,31.63,73,27.7
07-02-2020 16:10,6,152,0,28.96,8.3,4.35,0,3.87,0,4.6,6.96,31.6,71,27.6
07-02-2020 16:20,6,152,0,28.97,8.3,4.54,0,5.38,0,7.56,7.1,31.49,73,27.7
07-02-2020 16:30,6,156,0,28.93,8.3,4.47,0,4.97,0,6.32,7.1,31.57,71,27.5
07-02-2020 16:40,5.7,155,0,28.91,8.3,4.52,0,4.54,0,6.34,7.07,31.56,73,27.7
07-02-2020 16:50,5.8,153,0,28.86,8.3,4.61,0,4.49,0,5.5,7.07,31.63,70,27.6
07-02-2020 17:00,5.9,152,0,28.86,8.3,4.37,0,4.54,0,5.54,7.09,31.62,70,27.7
07-02-2020 17:10,5.8,157,0,28.52,8.3,4.1,0,2.69,0,4.05,7.34,31.96,72,27.9
07-02-2020 17:20,5.5,153,0,28.51,8.3,4.22,0,2.69,0,3.74,7.35,31.99,66,27.7
07-02-2020 17:30,5.6,153,0,28.78,8.3,5.41,0,4.52,0,5.47,7.16,31.62,69,27.7
07-02-2020 17:40,5.3,155,0,28.75,8.3,4.39,0,4.19,0,4.8,7.12,31.66,71,27.7
07-02-2020 17:50,5.4,159,0,28.75,8.3,4.53,0,5.05,0,5.9,7.31,31.58,73,27.6
07-02-2020 18:00,5.2,158,0,28.71,8.3,4.62,0,7,0,10.36,7.39,31.51,70,27.5
07-02-2020 18:10,5.3,160,0,28.69,8.3,4.85,0,7.93,0,9.13,7.44,31.47,72,27.7
07-02-2020 18:20,5.5,162,0,28.61,8.3,4.74,0,6.39,0,5.59,7.47,31.55,73,27.6
07-02-2020 18:30,5.3,165,0,28.41,8.3,4.26,0,2.9,0,4.33,7.24,31.97,75,27.7
07-02-2020 18:40,5.4,157,0,28.38,8.3,4.27,0,2.6,0,3.81,7.2,31.99,74,27.5
07-02-2020 18:50,5.3,156,0,28.42,8.3,4.4,0,5.09,0,6.32,7.64,31.68,71,27.5
07-02-2020 19:00,5.4,159,0,28.39,8.3,4.46,0,4.93,0,5.22,7.7,31.7,73,27.5
07-02-2020 19:10,5.3,156,0,28.39,8.3,4.3,0,4.07,0,4.82,7.78,31.76,73,27.5
07-02-2020 19:20,5.3,158,0,28.41,8.3,4.21,0,2.5,0,3.43,7.73,31.94,76,27.6
07-02-2020 19:30,5.1,159,0,28.37,8.3,4.22,0,3.02,0,3.2,7.83,31.81,77,27.6
07-02-2020 19:40,5.3,153,0,28.36,8.3,4.09,0,2.96,0,3.55,7.97,31.81,77,27.5
07-02-2020 19:50,4.7,153,0,28.4,8.3,4.15,0,2.2,0,2.78,8.04,31.9,74,27.3
07-02-2020 20:00,5.1,156,0,28.37,8.3,4.16,0,2.76,0,3.29,8.3,31.79,73,27.4
07-02-2020 20:10,5.2,149,0,28.39,8.3,4.2,0,3.16,0,3.74,8.18,31.79,76,27.4
07-02-2020 20:20,5,157,0,28.39,8.3,4.21,0,3.45,0,4.27,8.05,31.8,75,27.5
07-02-2020 20:30,5.3,153,0,28.37,8.3,4.35,0,3.28,0,3.93,8.13,31.78,75,27.5
07-02-2020 20:40,5.4,153,0,28.37,8.3,4.3,0,2.82,0,3.44,8.02,31.85,76,27.4
07-02-2020 20:50,5.2,146,0,28.37,8.3,4.38,0,2.7,0,3.75,7.88,31.85,76,27.4
07-02-2020 21:00,5.3,150,0,28.37,8.3,4.19,0,2.6,0,2.54,7.5,31.93,76,27.4
07-02-2020 21:10,5.4,149,0,28.29,8.3,4.14,0,1.59,0,2.16,8.01,31.9,77,27.5
07-02-2020 21:20,6.1,148,0,28.27,8.3,4.09,0,1.63,0,1.63,7.78,31.96,74,27.4
07-02-2020 21:30,6.1,148,0,28.27,8.3,4.09,0,1.32,0,1.99,7.69,31.97,77,27.4
07-02-2020 21:40,5.9,146,0,28.24,8.3,4.18,0,1.34,0,1.41,7.67,31.97,76,27.4
07-02-2020 21:50,5.9,142,0,28.22,8.3,4.4,0,1.4,0,2.06,7.61,31.98,77,27.4
07-02-2020 22:00,6,140,0,28.19,8.3,4.1,0,1.21,0,1.24,7.55,31.99,78,27.4
07-02-2020 22:10,6.5,143,0,28.14,8.3,4.18,0,1.11,0,1.25,7.33,32.01,78,27.4
07-02-2020 22:20,6.5,143,0,28.05,8.5,4.24,0,0.89,0,0.44,6.25,32.13,76,27.4
07-02-2020 22:30,6.3,139,0,28.04,8.49,4.35,0,1.08,0,0.79,6.13,32.13,74,27.3
07-02-2020 22:40,6.3,142,0,28.05,8.5,4.41,0,0.91,0,0.37,6.14,32.11,75,27.3
07-02-2020 22:50,6.5,144,0,28.05,8.5,4.27,0,0.87,0,0.24,6.13,32.12,77,27.3
07-02-2020 23:00,6.6,139,0,28.06,8.49,4.45,0,0.87,0,0.35,6.09,32.11,75,27.3
07-02-2020 23:10,6.1,146,0,28.06,8.5,4.45,0,0.81,0,0.27,6.12,32.12,75,27.3
07-02-2020 23:20,6,145,0,28.05,8.5,4.28,0,0.91,0,0.07,6.1,32.12,76,27.2
07-02-2020 23:30,5.7,143,0,28.05,8.5,4.43,0,0.79,0,0.44,6.05,32.13,75,27.3
07-02-2020 23:40,6.4,146,0,28.05,8.49,4.5,0,0.86,0,0.6,6.05,32.14,75,27.3
07-02-2020 23:50,5.8,146,0,27.97,8.5,4.35,0,0.63,0,0,6.03,32.09,75,27.2
08-02-2020 00:00,6.1,149,0,28.03,8.49,4.41,0,0.6,0,0.01,5.96,32.12,76,27.2
08-02-2020 00:10,6,148,0,27.98,8.49,4.4,0,0.51,0,0,5.94,32.09,77,27.3
08-02-2020 00:20,5.8,149,0,28.01,8.49,4.73,0,1.56,0,1.7,5.98,32.01,76,27.2
08-02-2020 00:30,5.9,157,0,27.99,8.45,6.12,0,4.74,0,9.04,5.62,31.4,75,27.1
08-02-2020 00:40,5.7,151,0,27.95,8.49,4.4,0,0.74,0,0.28,5.93,32.05,75,27.2
08-02-2020 00:50,5.8,150,0,27.97,8.49,4.37,0,0.46,0,0,5.92,32.07,76,27.1
08-02-2020 01:00,5.7,154,0,27.96,8.49,4.45,0,0.51,0,0,5.87,32.06,76,27
08-02-2020 01:10,5.7,154,0,27.96,8.48,4.59,0,0.45,0,0,5.83,32.08,78,27.2
08-02-2020 01:20,5.9,155,0,27.85,8.33,8.35,0,5.53,0,10.37,4.93,29.94,74,27
08-02-2020 01:30,5.6,154,0,27.81,8.25,10.68,0,7.3,0,14.94,4.49,28.92,75,27
08-02-2020 01:40,5.7,151,0,27.86,8.29,10.16,0,6.51,0,9.65,4.62,29.29,78,27.2
08-02-2020 01:50,5.7,156,0,27.9,8.36,7.7,0,4.46,0,8.63,5.04,30.49,75,27
08-02-2020 02:00,5.5,157,0,27.88,8.4,6.94,0,3.61,0,7,5.35,30.99,76,27
08-02-2020 02:10,5.4,162,0,27.76,8.27,11.54,0,5.38,0,15.41,4.6,29.09,75,27.1
08-02-2020 02:20,6,163,0,27.69,8.18,17.52,0,7,0,15.89,3.87,27.62,76,27.1
08-02-2020 02:30,6.3,154,0,27.69,8.23,13.77,0,5.79,0,12.49,4.36,28.51,74,27
08-02-2020 02:40,6.2,158,0,27.81,8.34,8.73,0,3.85,0,7.24,5.12,30.36,77,27.1
08-02-2020 02:50,6.3,155,0,27.85,8.4,6.97,0,2.83,0,5.12,5.4,31.1,76,27
08-02-2020 03:00,6.4,158,0,27.88,8.44,5.93,0,2.21,0,4.55,5.64,31.46,76,27
08-02-2020 03:10,6.3,156,0,27.91,8.46,5.05,0,1.6,0,2.48,5.75,31.77,77,27.1
08-02-2020 03:20,6,161,0,27.91,8.46,5.39,0,2.08,0,3.18,5.76,31.73,76,26.9
08-02-2020 03:30,6,161,0,27.9,8.47,5.52,0,1.91,0,3.13,5.77,31.78,75,27
08-02-2020 03:40,6.2,156,0,27.92,8.48,4.79,0,1.32,0,1.83,5.81,32.01,76,27
08-02-2020 03:50,6.1,161,0,27.95,8.46,4.49,0,0.9,0,0.46,5.62,32.18,77,27
08-02-2020 04:00,6,167,0,27.96,8.47,4.68,0,1.05,0,1.02,5.69,32.17,75,27
08-02-2020 04:10,6,165,0,27.94,8.47,4.59,0,1.01,0,1.34,5.71,32.18,77,27
08-02-2020 04:20,6,174,0,27.94,8.48,4.64,0,0.84,0,0.99,5.78,32.18,76,27
08-02-2020 04:30,6,167,0,27.93,8.49,4.57,0,0.99,0,0.96,5.87,32.16,74,27
08-02-2020 04:40,6.3,165,0,27.94,8.49,4.54,0,1.14,0,1.37,5.88,32.18,77,27.1
08-02-2020 04:50,6.3,173,0,27.94,8.49,4.8,0,1.43,0,1.4,5.75,32.18,76,27.1
08-02-2020 05:00,6,175,0,27.89,8.47,4.5,0,0.77,0,0.39,5.69,32.15,79,27.1
08-02-2020 05:10,6,175,0,27.88,8.47,4.41,0,0.62,0,0.28,5.71,32.14,75,26.9
08-02-2020 05:20,5.7,176,0,27.87,8.48,4.37,0,0.86,0,0.39,5.7,32.14,77,27.1
08-02-2020 05:30,5.6,174,0,27.87,8.47,4.27,0,0.67,0,0.12,5.65,32.14,77,27
08-02-2020 05:40,5.8,171,0,27.87,8.47,4.14,0,0.71,0,0,5.61,32.16,75,27
08-02-2020 05:50,5.8,171,0,27.86,8.46,4.26,0,0.79,0,0.18,5.64,32.15,76,27
08-02-2020 06:00,4.9,174,0,27.85,8.46,4.25,0,0.74,0,0.58,5.61,32.16,73,26.9
08-02-2020 06:10,5.7,178,0,27.85,8.47,4.11,0,0.62,0,0.21,5.69,32.17,74,27
08-02-2020 06:20,5.6,178,0,27.85,8.47,4.15,0,0.6,0,0,5.64,32.17,76,27.1
08-02-2020 06:30,5.7,171,0,27.86,8.46,4.29,0,0.69,0,0.38,5.61,32.18,73,27
08-02-2020 06:40,5.4,174,0,27.83,8.47,4.12,0,0.66,0,0.27,5.67,32.18,75,27
08-02-2020 06:50,4.9,179,0,27.84,8.47,4.12,0,0.44,0,0,5.72,32.18,76,27
08-02-2020 07:00,4.6,186,0,27.83,8.47,4.18,0,0.53,0,0,5.73,32.16,78,26.6
08-02-2020 07:10,2.4,252,0,27.79,8.48,4.26,0,0.59,0,0,5.79,32.16,80,25.8
08-02-2020 07:20,3,284,0,27.76,8.48,4.24,0,0.45,0,0.11,5.76,32.17,83,25.4
08-02-2020 07:30,2.7,285,0,27.71,8.48,4.42,0,0.61,0,0.51,5.76,32.15,84,25.5
08-02-2020 07:40,2.8,284,0,27.62,8.3,4.64,0,2.33,0,3.61,5.71,31.96,83,25.5
08-02-2020 07:50,2.4,280,0,27.58,8.5,4.84,0,3.83,0,4.01,5.68,31.75,81,25.7
08-02-2020 08:00,2.2,276,0,27.47,8.3,5.25,0,6.51,0,8.92,5.71,31.53,81,26
08-02-2020 08:10,1.7,257,0,27.5,8.5,5.39,0,7.2,0,10.25,5.72,31.48,79,26.4
08-02-2020 08:20,2,240,0,27.53,8.49,5.41,0,8.3,0,11.53,5.69,31.5,78,26.5
08-02-2020 08:30,2.4,247,0,27.53,8.49,5.6,0,8.8,0,14.39,5.62,31.52,77,26.5
08-02-2020 08:40,1.9,225,0,27.56,8.48,5.85,0,9.67,0,16.53,5.65,31.42,76,26.6
08-02-2020 08:50,2.1,217,0,27.58,8.48,6.28,0,9.69,0,17.33,5.83,31.44,73,26.8
08-02-2020 09:00,2.4,203,0,27.6,8.49,6.69,0,13.52,0,23.99,6.18,31.41,74,27
08-02-2020 09:10,2.7,205,0,27.72,8.49,5.81,0,6.97,0,14,5.94,31.62,74,26.9
08-02-2020 09:20,3.2,186,0,27.71,8.5,7.12,0,14.41,0,30.46,6.49,31.43,73,27.1
08-02-2020 09:30,3.1,196,0,27.78,8.3,7.53,0,23.32,0,33.75,6.81,31.47,73,27.1
08-02-2020 09:40,3.5,191,0,27.83,8.3,8.69,0,23.62,0,55.48,7.57,31.39,74,27.3
08-02-2020 09:50,3.7,187,0,27.89,8.46,11.2,0,29.81,0,72.3,7.4,30.44,72,27.3
08-02-2020 10:00,4,190,0,27.98,8.42,12.6,0,26.27,0,67.17,7.27,29.96,71,27.4
08-02-2020 10:10,3.9,190,0,28.06,8.38,12.96,0,26.95,0,70.26,6.91,29.66,71,27.4
08-02-2020 10:20,4,188,0,28.12,8.35,12.75,0,28.74,0,68.32,6.8,29.28,71,27.4
08-02-2020 10:30,3.8,181,0,28.3,8.19,14.97,0,19.58,0,52.45,4.68,27.76,72,27.5
08-02-2020 10:40,4.1,185,0,28.47,8.14,17.64,0,16.67,0,37.92,4.24,26.4,72,27.4
08-02-2020 10:50,4.3,183,0,28.56,8.14,17.16,0,20.36,0,47.03,4.41,26.76,73,27.5
08-02-2020 11:00,4.4,183,0,28.6,8.18,14.95,0,19.73,0,45.98,5.02,27.32,72,27.5
08-02-2020 11:10,4.4,182,0,28.7,8.15,16.41,0,18.06,0,35.77,4.72,27.23,70,27.5
08-02-2020 11:20,4.3,185,0,28.77,8.16,14.35,0,15.45,0,36.33,4.68,27.35,73,27.6
08-02-2020 11:30,4.2,187,0,28.83,8.21,14.63,0,14.61,0,35.71,5.26,27.99,73,27.6
08-02-2020 11:40,4.2,183,0,28.91,8.2,12.41,0,14.11,0,31.22,4.98,28.3,76,27.7
08-02-2020 11:50,4.1,183,0,29.11,8.2,14.93,0,12.94,0,30.68,5.2,27.67,70,27.5
08-02-2020 12:00,4.3,182,0,29.11,8.19,12.2,0,13.07,0,28.39,4.93,28.22,70,27.6
08-02-2020 12:10,4.2,179,0,29.22,8.15,14.58,0,10.97,0,22.56,4.52,26.89,71,27.6
08-02-2020 12:20,4.4,177,0,29.22,8.16,12.21,0,11.43,0,23.2,4.59,27.7,70,27.5
08-02-2020 12:30,4.6,171,0,29.27,8.14,12.37,0,9.6,0,19.33,4.19,26.85,74,27.8
08-02-2020 12:40,4.3,170,0,29.45,8.12,15.64,0,11.55,0,25.22,4.53,26.49,74,27.7
08-02-2020 12:50,4.2,169,0,29.35,8.13,11,0,9.29,0,26.65,4.5,28.1,70,27.6
08-02-2020 13:00,4.2,171,0,29.55,8.09,14.89,0,10.06,0,25.45,3.98,27.03,70,27.5
08-02-2020 13:10,4.3,167,0,29.43,8.16,11.82,0,8.54,0,15.11,4.56,28.04,73,27.7
08-02-2020 13:20,4.3,168,0,29.53,8.11,14.38,0,7.87,0,15.93,3.88,26.97,70,27.6
08-02-2020 13:30,4.4,167,0,29.37,8.15,11.66,0,6.97,0,13.31,4.23,27.82,71,27.6
08-02-2020 13:40,4.4,164,0,29.52,8.18,20.24,0,6.66,0,13.15,4.23,28.33,72,27.6
08-02-2020 13:50,4.9,164,0,29.63,8.19,13.46,0,6.25,0,12.95,4.39,28.21,73,27.6
08-02-2020 14:00,4.8,160,0,29.18,8.35,7.01,0,3.53,0,6.57,5.14,31.09,75,27.6
08-02-2020 14:10,4.8,163,0,28.66,8.48,4.34,0,0.77,0,0.12,5.7,32.45,72,27.5
08-02-2020 14:20,4.7,168,0,28.63,8.48,4.25,0,0.78,0,0,5.72,32.47,76,27.6
08-02-2020 14:30,4.8,161,0,28.6,8.47,4.24,0,0.51,0,0,5.65,32.46,78,27.7
08-02-2020 14:40,4.4,151,0,28.6,8.47,4.07,0,0.36,0,0,5.66,32.46,73,27.5
08-02-2020 14:50,5.2,160,0,28.59,8.47,4.05,0,0.45,0,0,5.68,32.47,71,27.6
08-02-2020 15:00,5.6,160,0,28.58,8.47,4.09,0,0.38,0,0,5.69,32.48,73,27.7
08-02-2020 15:10,5.4,161,0,28.6,8.47,4.12,0,0.44,0,0,5.71,32.47,72,27.7
08-02-2020 15:20,5.4,163,0,28.58,8.47,4.19,0,0.47,0,0,5.69,32.49,72,27.7
08-02-2020 15:30,5.1,165,0,28.58,8.46,4.15,0,0.43,0,0,5.63,32.5,70,27.6
08-02-2020 15:40,5.2,163,0,28.59,8.47,4.56,0,0.76,0,0,5.71,32.49,70,27.6
08-02-2020 15:50,5.2,160,0,28.6,8.48,4.3,0,0.87,0,0,5.81,32.44,73,27.7
08-02-2020 16:00,5.4,159,0,28.55,8.47,4.26,0,0.93,0,0,5.75,32.47,70,27.6
08-02-2020 16:10,4.8,155,0,28.54,8.48,4.34,0,1.09,0,0.27,5.79,32.49,72,27.6
08-02-2020 16:20,5.1,163,0,28.53,8.48,4.3,0,1.17,0,0.21,5.78,32.5,71,27.7
08-02-2020 16:30,5.2,159,0,28.53,8.47,4.25,0,1.04,0,0,5.74,32.5,74,27.7
08-02-2020 16:40,5,157,0,28.52,8.47,4.3,0,1.1,0,0,5.74,32.52,73,27.7
08-02-2020 16:50,4.8,157,0,28.52,8.47,4.38,0,1.03,0,0.15,5.74,32.53,74,27.7
08-02-2020 17:00,4.8,152,0,28.51,8.48,4.39,0,1.14,0,0.09,5.74,32.53,72,27.7
08-02-2020 17:10,4.9,154,0,28.53,8.47,4.67,0,1.45,0,0.54,5.76,32.51,71,27.7
08-02-2020 17:20,4.5,152,0,28.52,8.48,4.71,0,1.29,0,0.48,5.78,32.52,72,27.7
08-02-2020 17:30,4.6,154,0,28.5,8.48,4.7,0,1.23,0,0.39,5.77,32.53,72,27.7
08-02-2020 17:40,4.7,151,0,28.49,8.47,4.62,0,1.35,0,0.37,5.75,32.53,76,27.7
08-02-2020 17:50,4.7,149,0,28.47,8.47,4.67,0,1.3,0,0.39,5.74,32.54,72,27.6
08-02-2020 18:00,5.1,147,0,28.47,8.46,4.57,0,1.3,0,0.47,5.68,32.56,74,27.6
08-02-2020 18:10,5.1,142,0,28.44,8.46,4.68,0,1.67,0,0.95,5.71,32.56,73,27.5
08-02-2020 18:20,5.1,143,0,28.43,8.47,4.67,0,1.38,0,0.43,5.69,32.59,72,27.5
08-02-2020 18:30,5.4,138,0,28.42,8.46,4.69,0,2.14,0,1.69,5.59,32.59,73,27.5
08-02-2020 18:40,5.5,138,0,28.42,8.46,4.77,0,1.51,0,0.92,5.6,32.59,72,27.6
08-02-2020 18:50,5.6,140,0,28.47,8.47,5.08,0,4.83,0,5.56,5.77,32.43,72,27.4
08-02-2020 19:00,5.8,138,0,28.47,8.47,5.12,0,5.44,0,5.53,5.9,32.39,76,27.6
08-02-2020 19:10,6.1,133,0,28.42,8.46,5.04,0,4.4,0,4.45,5.76,32.42,73,27.5
08-02-2020 19:20,5.3,135,0,28.39,8.46,4.9,0,3.18,0,2.89,5.7,32.5,73,27.5
08-02-2020 19:30,5.6,139,0,28.39,8.47,5.01,0,4.75,0,4.42,5.79,32.4,72,27.5
08-02-2020 19:40,5.7,138,0,28.38,8.47,4.9,0,4.26,0,4.41,5.74,32.42,71,27.5
08-02-2020 19:50,5.2,133,0,28.39,8.48,5.06,0,5.18,0,5.64,5.81,32.39,70,27.6
08-02-2020 20:00,5.3,131,0,28.36,8.49,5.21,0,9.32,0,4.08,5.89,32.29,74,27.6
08-02-2020 20:10,5.5,130,0,28.29,8.48,5.05,0,5.52,0,5.19,5.8,32.36,77,27.7
08-02-2020 20:20,5.6,136,0,28.31,8.48,4.91,0,4.92,0,4.64,5.74,32.4,71,27.6
08-02-2020 20:30,5.8,130,0,28.32,8.48,4.8,0,4.58,0,4.32,5.76,32.42,72,27.6
08-02-2020 20:40,6,133,0,28.33,8.47,4.88,0,4.09,0,4.15,5.76,32.47,72,27.5
08-02-2020 20:50,5.5,131,0,28.31,8.47,5.21,0,4.22,0,3.49,5.69,32.47,72,27.5
08-02-2020 21:00,5.8,130,0,28.28,8.48,4.93,0,4.97,0,4.51,5.76,32.44,74,27.5
08-02-2020 21:10,5.5,127,0,28.28,8.47,4.96,0,4.68,0,4.29,5.63,32.45,72,27.4
08-02-2020 21:20,5.3,128,0,28.26,8.47,5.93,0,5.16,0,4.83,5.68,32.44,75,27.4
08-02-2020 21:30,5.4,127,0,28.27,8.47,5.56,0,5.59,0,5.46,5.61,32.39,76,27.5
08-02-2020 21:40,5.4,123,0,28.25,8.47,5.58,0,6.05,0,5.67,5.62,32.36,76,27.4
08-02-2020 21:50,5.1,124,0,28.24,8.48,5.51,0,6.86,0,6.77,5.71,32.32,77,27.5
08-02-2020 22:00,5.2,128,0,28.22,8.48,5.68,0,6.57,0,6.26,5.63,32.35,75,27.4
08-02-2020 22:10,5,126,0,28.21,8.46,5.44,0,6.56,0,6.78,5.59,32.35,77,27.4
08-02-2020 22:20,4.8,127,0,28.2,8.46,5.52,0,6.17,0,6.46,5.52,32.37,79,27.5
08-02-2020 22:30,4.7,129,0,28.19,8.47,5.43,0,6.9,0,6.8,5.53,32.39,76,27.4
08-02-2020 22:40,4.7,128,0,28.18,8.45,5.19,0,5.51,0,4.21,5.5,32.47,76,27.3
08-02-2020 22:50,4.6,124,0,28.13,8.47,5.35,0,6.27,0,6.08,5.51,32.41,78,27.5
08-02-2020 23:00,4.7,131,0,28.13,8.46,5.5,0,7.18,0,7,5.48,32.35,75,27.3
08-02-2020 23:10,4.5,129,0,28.12,8.46,5.57,0,7.58,0,7.27,5.44,32.34,75,27.3
08-02-2020 23:20,4.9,128,0,28.12,8.46,5.44,0,6.93,0,7.06,5.46,32.37,75,27.2
08-02-2020 23:30,5,129,0,28.1,8.46,5.45,0,6.89,0,6.77,5.43,32.4,76,27.3
08-02-2020 23:40,4.7,129,0,28.06,8.46,5.5,0,7.78,0,7.82,5.45,32.35,77,27.3
08-02-2020 23:50,5.1,128,0,28.09,8.46,6.69,0,8.08,0,12.35,5.41,32.34,74,27.2
09-02-2020 00:00,4.9,124,0,28.07,8.45,5.58,0,7.53,0,8.36,5.34,32.35,77,27.3
09-02-2020 00:10,5,128,0,28.04,8.46,5.59,0,7.66,0,8.9,5.36,32.38,76,27.2
09-02-2020 00:20,5,126,0,28.07,8.45,5.78,0,9.01,0,9.45,5.3,32.29,78,27.4
09-02-2020 00:30,4.6,130,0,28.05,8.45,5.61,0,8.13,0,11.41,5.28,32.33,74,27.2
09-02-2020 00:40,4.5,125,0,28.05,8.45,5.79,0,8.22,0,7.97,5.11,32.34,79,27.4
09-02-2020 00:50,4,129,0,28.02,8.45,5.6,0,7.66,0,8.12,5.32,32.37,78,27.3
09-02-2020 01:00,3.9,118,0,28.01,8.44,5.72,0,6.97,0,6.91,5.22,32.41,77,27.3
09-02-2020 01:10,3.4,122,0,27.98,8.44,5.51,0,8.61,0,9.11,5.16,32.3,77,27.3
09-02-2020 01:20,3.9,126,0,27.97,8.43,5.56,0,8.52,0,9.42,5.1,32.3,81,27.5
09-02-2020 01:30,4.2,132,0,27.95,8.43,5.65,0,9.57,0,9.98,5.03,32.24,78,27.4
09-02-2020 01:40,4.5,138,0,27.95,8.43,5.64,0,8.34,0,9.47,4.93,32.25,76,27.4
09-02-2020 01:50,5,141,0,27.95,8.43,5.88,0,7.14,0,8.18,4.92,32.31,78,27.5
09-02-2020 02:00,5,144,0,27.93,8.42,5.79,0,6.14,0,6.91,4.8,32.3,76,27.3
09-02-2020 02:10,5.3,138,0,27.86,8.39,6,0,7.25,0,8.47,4.61,32.06,76,27.4
09-02-2020 02:20,5.3,137,0,27.83,8.38,6.29,0,7.71,0,9.13,4.45,31.91,76,27.4
09-02-2020 02:30,5,143,0,27.87,8.39,6.36,0,8.72,0,11.41,4.46,31.87,74,27.4
09-02-2020 02:40,5,145,0,27.73,8.29,7.7,0,12.19,0,15.44,3.56,30.93,75,27.3
09-02-2020 02:50,4.8,146,0,27.71,8.25,7.5,0,12.39,0,15.86,3.36,30.58,73,27.2
09-02-2020 03:00,5,147,0,27.69,8.23,7.72,0,13.24,0,16.42,3.28,30.47,75,27.4
09-02-2020 03:10,5.4,145,0,27.7,8.23,7.39,0,9.65,0,12.2,3.4,30.7,74,27.3
09-02-2020 03:20,5,144,0,27.65,8.22,7.67,0,10.75,0,13.01,3.17,30.48,75,27.3
09-02-2020 03:30,5.3,145,0,27.65,8.24,7.58,0,14.92,0,18.37,3.54,30.73,74,27.3
09-02-2020 03:40,5.2,145,0,27.53,8.16,9.2,0,15.65,0,24.4,2.85,29.84,76,27.3
09-02-2020 03:50,4.7,145,0,27.54,8.16,9.96,0,19.8,0,31.47,3.04,29.74,75,27.3
09-02-2020 04:00,4.8,141,0,27.49,8.14,9.43,0,16.07,0,24.93,2.8,29.72,76,27.3
09-02-2020 04:10,5,142,0,27.44,8.13,9.41,0,17.53,0,27.78,2.76,29.72,77,27.3
09-02-2020 04:20,5.2,143,0,27.47,8.12,10.49,0,16.37,0,29.14,2.67,29.3,73,27.2
09-02-2020 04:30,4.6,142,0,27.51,8.17,9.06,0,19.15,0,32.08,3.21,30.19,78,27.4
09-02-2020 04:40,4.5,148,0,27.41,8.14,9.49,0,14.86,0,25.2,2.84,29.81,78,27.4
09-02-2020 04:50,4.5,147,0,27.52,8.29,7.25,0,13.61,0,18.14,3.85,31.15,76,27.2
09-02-2020 05:00,3.8,150,0,27.61,8.32,6.63,0,10.6,0,13.7,4.11,31.58,78,27.3
09-02-2020 05:10,4.5,151,0,27.68,8.36,6.13,0,6.26,0,7.84,4.38,32.04,75,27.2
09-02-2020 05:20,4,150,0,27.68,8.35,6.12,0,6.65,0,8.3,4.35,31.99,79,27.4
09-02-2020 05:30,4,151,0,27.28,8.2,8.04,0,12.79,0,19.21,3.28,30.41,76,27.2
09-02-2020 05:40,4.2,150,0,27.26,8.11,10.21,0,15.34,0,26.36,2.48,29.14,76,27.3
09-02-2020 05:50,4.1,145,0,27.36,8.09,10.69,0,17.3,0,30.22,2.74,29.17,77,27.3
09-02-2020 06:00,4.7,144,0,27.42,8.15,9.16,0,15.16,0,26,3.2,30.23,74,27.3
09-02-2020 06:10,4.6,142,0,27.32,8.14,9.54,0,16.37,0,30.96,3.21,30.04,76,27.3
09-02-2020 06:20,4.3,144,0,27.51,8.25,7.21,0,11.23,0,21.42,3.9,31.29,76,27.4
09-02-2020 06:30,4,142,0,27.72,8.33,6.45,0,6.6,0,9.43,4.25,32.13,75,27.4
09-02-2020 06:40,4.2,136,0,27.78,8.35,5.76,0,4,0,5.64,4.41,32.39,75,27.3
09-02-2020 06:50,4.2,137,0,27.83,8.37,5.6,0,2.35,0,2.97,4.56,32.51,74,27.2
09-02-2020 07:00,3.6,145,0,27.87,8.38,5.42,0,1.71,0,2.24,4.65,32.59,76,27.4
09-02-2020 07:10,3.7,147,0,27.97,8.41,5.16,0,1.13,0,0.78,4.77,32.75,73,27.3
09-02-2020 07:20,3.3,143,0,27.98,8.41,5,0,0.89,0,0.55,4.74,32.76,74,27.4
09-02-2020 07:30,3,150,0,27.99,8.4,5.09,0,0.9,0,0.71,4.72,32.76,73,27.4
09-02-2020 07:40,1.9,169,0,27.99,8.41,5.12,0,0.88,0,0.53,4.68,32.76,76,27.1
09-02-2020 07:50,1.3,259,0,28,8.42,5.01,0,0.82,0,0.38,4.74,32.77,79,26.5
09-02-2020 08:00,2.2,288,0,27.97,8.42,5.01,0,0.76,0,0,4.84,32.74,80,26
09-02-2020 08:10,3,292,0,27.96,8.43,4.94,0,0.55,0,0,4.93,32.73,80,25.9
09-02-2020 08:20,3,286,0,27.98,8.43,4.77,0,0.62,0,0,4.91,32.73,80,26.1
09-02-2020 08:30,2.8,289,0,27.98,8.42,5.15,0,0.58,0,0,4.89,32.73,79,26.3
09-02-2020 08:40,2.5,294,0,27.98,8.43,4.52,0,0.47,0,0,4.9,32.74,78,26.4
09-02-2020 08:50,2.3,290,0,27.74,8.32,6.37,0,3.57,0,7.1,4.38,31.82,77,26.7
09-02-2020 09:00,1.4,294,0,27.77,8.32,5.72,0,2.53,0,4.23,4.44,32.04,76,27.2
09-02-2020 09:10,1.4,276,0,27.79,8.3,6.29,0,4.15,0,7.46,4.39,31.86,75,27.5
09-02-2020 09:20,1.2,245,0,27.83,8.28,7.9,0,5.64,0,13.57,4.54,31.55,73,27.7
09-02-2020 09:30,1,226,0,27.94,8.28,7.27,0,6.26,0,13.59,4.71,31.63,72,28
09-02-2020 09:40,0.5,157,0,28.07,8.3,7.29,0,6.28,0,14.09,4.94,31.66,70,28.5
09-02-2020 09:50,0.8,137,0,28.2,8.29,7.89,0,6.57,0,16.09,5.07,31.58,69,28.8
09-02-2020 10:00,0.5,122,0,28.32,8.3,7.75,0,7.41,0,16.58,5.18,31.64,69,28.8
09-02-2020 10:10,0.6,26,0,28.3,8.32,7.45,0,6.05,0,15.7,5.15,31.78,69,28.7
09-02-2020 10:20,0.7,6,0,28.41,8.32,7.86,0,6.48,0,14.94,5.28,31.75,71,28.2
09-02-2020 10:30,0.4,64,0,28.34,8.34,7.94,0,6.84,0,16.23,5.28,31.83,70,28.4
09-02-2020 10:40,0.5,110,0,28.46,8.34,7.58,0,8.19,0,15.05,5.38,31.87,72,28.3
09-02-2020 10:50,0.9,118,0,28.42,8.35,7.05,0,5.39,0,11.1,5.31,31.93,71,28.2
09-02-2020 11:00,0.8,93,0,28.42,8.36,7.35,0,5.95,0,18.4,5.39,32.02,73,27.9
09-02-2020 11:10,4.2,73,0,28.34,8.38,7.18,0,5.61,0,12.92,5.39,32.13,82,26.6
09-02-2020 11:20,5.8,49,0,28.34,8.38,7.33,0,4.6,0,10.12,5.35,32.19,83,26.1
09-02-2020 11:30,5.7,29,0,28.33,8.39,6.97,0,4.65,0,9.45,5.34,32.2,82,26
09-02-2020 11:40,3.3,36,0,28.26,8.4,6.46,0,3.77,0,7.91,5.32,32.31,81,26.3
09-02-2020 11:50,2,80,0,28.08,8.42,5.68,0,2.49,0,3.39,4.98,32.49,79,26.6
09-02-2020 12:00,3.6,87,0,28.09,8.43,5.82,0,1.58,0,2.1,4.91,32.53,82,26.6
09-02-2020 12:10,2.9,74,0,28.14,8.43,5.55,0,1.58,0,1.96,4.92,32.52,81,26.8
09-02-2020 12:20,2.7,82,0,28.23,8.42,5.94,0,1.81,0,2.47,4.92,32.47,80,27.1
09-02-2020 12:30,2.5,57,0,28.32,8.43,5.82,0,1.59,0,2.29,4.92,32.45,83,26.9
09-02-2020 12:40,3.3,31,0,28.3,8.43,5.92,0,1.26,0,1.35,4.9,32.49,83,26.9
09-02-2020 12:50,3.7,35,0,28.32,8.43,5.5,0,1.11,0,1.62,4.87,32.49,86,27
09-02-2020 13:00,6.1,45,0,28.31,8.43,5.78,0,2.08,0,3.09,4.9,32.43,89,26.6
09-02-2020 13:10,6.1,62,0,28.24,8.45,5.46,0,1.6,0,2.51,5.03,32.54,87,26.6
09-02-2020 13:20,6.9,70,0,28.19,8.46,5.44,0,1.91,0,3.64,5.14,32.58,86,26.6
09-02-2020 13:30,6.9,74,0,28.19,8.45,5.62,0,2.71,0,5.06,5.24,32.57,83,26.4
09-02-2020 13:40,6.9,79,0,28.19,8.47,5.98,0,3.61,0,7.8,5.32,32.58,79,26.9
09-02-2020 13:50,5.8,88,0,28.18,8.47,5.38,0,3.05,0,6.27,5.31,32.58,82,26.9
09-02-2020 14:00,3.7,110,0,28.2,8.47,5.9,0,2.89,0,5.62,5.25,32.58,80,26.8
09-02-2020 14:10,2.8,112,0,28.25,8.46,5.96,0,2.44,0,4.79,5.24,32.57,78,27
09-02-2020 14:20,1.9,101,0,28.31,8.44,6.05,0,1.89,0,2.79,5.11,32.53,78,27.1
09-02-2020 14:30,2.4,89,0,28.41,8.44,5.69,0,1.73,0,2.86,5.03,32.45,78,27.1
09-02-2020 14:40,3,80,0,28.43,8.44,5.84,0,1.68,0,3.18,5.04,32.44,79,27.2
09-02-2020 14:50,3,72,0,28.41,8.44,5.88,0,2,0,3.13,5.06,32.43,80,27.2
09-02-2020 15:00,3,74,0,28.41,8.44,5.75,0,1.69,0,2.42,5.05,32.42,80,27.1
09-02-2020 15:10,3.1,70,0,28.44,8.43,5.37,0,1.49,0,2.65,5.05,32.41,83,27.4
09-02-2020 15:20,4.7,71,0,28.48,8.44,5.74,0,1.92,0,3.44,5.09,32.4,79,27.6
09-02-2020 15:30,5.5,79,0,28.44,8.45,6.01,0,2.36,0,4.13,5.25,32.41,80,27.7
09-02-2020 15:40,5.9,75,0,28.43,8.46,5.86,0,2.63,0,4.75,5.31,32.4,78,27.6
09-02-2020 15:50,5.7,80,0,28.42,8.46,5.78,0,2.55,0,4.9,5.33,32.39,79,27.6
09-02-2020 16:00,5.7,74,0,28.41,8.45,5.7,0,2.41,0,4.05,5.19,32.4,80,27.5
09-02-2020 16:10,5.8,70,0,28.39,8.45,5.88,0,2.05,0,3.41,5.13,32.48,78,27.5
09-02-2020 16:20,5.9,77,0,28.42,8.46,5.64,0,2.46,0,3.8,5.18,32.55,76,27.4
09-02-2020 16:30,6.1,75,0,28.4,8.46,5.19,0,2.28,0,3.87,5.25,32.55,77,27.4
09-02-2020 16:40,6.1,76,0,28.38,8.46,5.03,0,2.5,0,4.15,5.25,32.56,77,27.4
09-02-2020 16:50,6.1,77,0,28.35,8.46,5.25,0,2.33,0,3.85,5.22,32.57,77,27.4
09-02-2020 17:00,6,78,0,28.33,8.47,5.74,0,2.9,0,4.88,5.23,32.58,78,27.5
09-02-2020 17:10,6,76,0,28.3,8.47,5.1,0,2.76,0,4.66,5.25,32.58,78,27.5
09-02-2020 17:20,5.6,79,0,28.28,8.47,5.32,0,2.72,0,4.76,5.23,32.59,79,27.5
09-02-2020 17:30,5.8,76,0,28.25,8.47,5.24,0,2.21,0,4.4,5.24,32.59,77,27.5
09-02-2020 17:40,6.1,80,0,28.24,8.46,5.1,0,2.2,0,3.59,5.19,32.61,77,27.5
09-02-2020 17:50,6,77,0,28.24,8.46,5.11,0,2.3,0,4.17,5.16,32.6,73,27.4
09-02-2020 18:00,5.8,79,0,28.23,8.46,5.6,0,2.74,0,4.18,5.23,32.6,76,27.4
09-02-2020 18:10,6.4,68,0,28.22,8.46,5.65,0,2.68,0,4.89,5.19,32.61,77,27.5
09-02-2020 18:20,6.3,71,0,28.23,8.46,5.44,0,2.79,0,4.58,5.23,32.6,78,27.3
09-02-2020 18:30,6.6,73,0,28.23,8.46,5.48,0,3.14,0,6.06,5.21,32.6,79,27.3
09-02-2020 18:40,6.2,74,0,28.22,8.46,5.83,0,2.99,0,5.25,5.19,32.6,80,27.4
09-02-2020 18:50,6.6,72,0,28.21,8.47,6,0,2.99,0,3.13,5.2,32.61,80,27.3
09-02-2020 19:00,6.8,69,0,28.21,8.47,5.73,0,3.71,0,3.29,5.24,32.61,79,27.3
09-02-2020 19:10,6.7,71,0,28.2,8.47,6.14,0,2.77,0,4.6,5.2,32.62,78,27.2
09-02-2020 19:20,7,70,0,28.2,8.47,5.34,0,2.61,0,4.27,5.18,32.62,80,27.4
09-02-2020 19:30,7.2,75,0,28.19,8.47,5.46,0,2.26,0,4.17,5.19,32.62,78,27.2
09-02-2020 19:40,7.4,69,0,28.19,8.47,5.31,0,2.44,0,4.38,5.19,32.63,79,27.3
09-02-2020 19:50,7.2,72,0,28.18,8.47,5.99,0,2.71,0,4.77,5.2,32.63,80,27.3
09-02-2020 20:00,6.9,70,0,28.18,8.47,5.66,0,2.25,0,4.53,5.18,32.63,79,27.3
09-02-2020 20:10,7.2,72,0,28.17,8.46,5.67,0,2.34,0,3.46,5.15,32.63,77,27.3
09-02-2020 20:20,7.2,73,0,28.07,8.47,5.37,0,1.06,0,1.47,5.15,32.51,80,27.4
09-02-2020 20:30,7.1,77,0,28.06,8.47,5.17,0,0.69,0,0.8,5.17,32.48,75,27.3
09-02-2020 20:40,7.1,80,0,28.06,8.47,5.03,0,0.45,0,0,5.17,32.41,77,27.3
09-02-2020 20:50,7,76,0,28.06,8.47,5.08,0,0.63,0,0,5.18,32.41,74,27.3
09-02-2020 21:00,6.7,74,0,28.05,8.47,5.86,0,0.55,0,0.43,5.16,32.4,75,27.4
09-02-2020 21:10,6.8,75,0,28.05,8.47,6.04,0,0.37,0,0,5.17,32.37,79,27.4
09-02-2020 21:20,6.6,76,0,28.05,8.47,4.97,0,0.42,0,0.05,5.18,32.34,77,27.2
09-02-2020 21:30,6.5,69,0,28.05,8.47,5.23,0,0.65,0,0.56,5.22,32.34,76,27.1
09-02-2020 21:40,6.6,69,0,28.06,8.47,5.09,0,0.56,0,0.29,5.21,32.37,78,27.4
09-02-2020 21:50,6.2,73,0,28.05,8.47,4.95,0,0.36,0,0,5.21,32.37,75,27.3
09-02-2020 22:00,6.1,70,0,28.06,8.47,5.08,0,0.67,0,0.27,5.19,32.38,77,27.1
09-02-2020 22:10,5.9,76,0,28.06,8.47,5.23,0,0.65,0,0.13,5.19,32.37,76,27.2
09-02-2020 22:20,5.8,68,0,28.05,8.47,5.17,0,0.49,0,0.11,5.2,32.36,76,27.1
09-02-2020 22:30,5.7,64,0,28.05,8.47,4.9,0,0.49,0,0,5.17,32.37,75,27.2
09-02-2020 22:40,5.5,66,0,28.05,8.47,5.07,0,0.54,0,0.21,5.16,32.38,76,27.2
09-02-2020 22:50,5.7,65,0,28.06,8.47,4.94,0,0.68,0,0.68,5.16,32.38,78,27.2
09-02-2020 23:00,5.4,69,0,28.05,8.47,5.53,0,0.57,0,0.56,5.17,32.38,74,27.1
09-02-2020 23:10,5.2,70,0,28.03,8.47,5.13,0,0.67,0,0.2,5.17,32.37,74,27
09-02-2020 23:20,5.3,72,0,28.05,8.47,5.08,0,0.66,0,0.22,5.14,32.38,75,27
09-02-2020 23:30,4.8,65,0,28.05,8.47,5.01,0,0.73,0,0.45,5.16,32.38,77,27.1
09-02-2020 23:40,4.7,61,0,28.06,8.47,5.12,0,0.74,0,0.74,5.13,32.39,78,27.1
09-02-2020 23:50,4.8,63,0,28.03,8.47,5.13,0,0.72,0,0.52,5.14,32.38,77,26.9
10-02-2020 00:00,4.4,67,0,28.04,8.46,5.06,0,0.73,0,0.16,5.14,32.38,77,27
10-02-2020 00:10,5,81,0,28.05,8.47,5.14,0,0.79,0,0.54,5.15,32.39,77,27
10-02-2020 00:20,4.9,79,0,28.05,8.47,5.16,0,0.82,0,1.06,5.12,32.39,74,26.9
10-02-2020 00:30,4.6,80,0,28.05,8.47,5.46,0,0.68,0,0.75,5.17,32.39,76,27
10-02-2020 00:40,4.2,82,0,28.05,8.47,5.24,0,0.93,0,0.95,5.14,32.39,76,27
10-02-2020 00:50,4.3,86,0,28.04,8.46,5.08,0,0.68,0,0.51,5.13,32.4,76,27
10-02-2020 01:00,4.1,81,0,28.04,8.46,6.42,0,0.85,0,1.16,5.13,32.39,75,26.8
10-02-2020 01:10,4.2,85,0,28.03,8.46,5.14,0,0.8,0,0.64,5.13,32.39,75,26.9
10-02-2020 01:20,4.3,78,0,28.03,8.46,5.18,0,0.62,0,0.77,5.11,32.39,76,26.9
10-02-2020 01:30,4.3,77,0,28.03,8.46,5.16,0,0.86,0,0.7,5.13,32.39,74,26.7
10-02-2020 01:40,4.5,88,0,28.03,8.46,5.28,0,0.89,0,0.5,5.12,32.39,76,26.8
10-02-2020 01:50,4.6,83,0,28.03,8.46,5.16,0,0.77,0,0.69,5.09,32.39,77,26.9
10-02-2020 02:00,4.7,76,0,28.01,8.46,5.13,0,0.85,0,0.75,5.09,32.4,77,26.8
10-02-2020 02:10,4.8,74,0,28.01,8.46,6.08,0,0.72,0,0.63,5.11,32.39,79,26.9
10-02-2020 02:20,5.1,76,0,28.01,8.46,6.47,0,0.92,0,0.73,5.12,32.4,77,27
10-02-2020 02:30,5,71,0,28.01,8.46,5.7,0,0.49,0,0.34,5.08,32.4,78,26.9
10-02-2020 02:40,5,69,0,28,8.46,5.53,0,0.65,0,0.36,5.11,32.4,77,26.7
10-02-2020 02:50,4.8,67,0,28.01,8.46,5.28,0,0.7,0,0.58,5.08,32.39,78,26.6
10-02-2020 03:00,4.8,62,0,28,8.46,5.37,0,0.71,0,0.27,5.07,32.4,80,26.8
10-02-2020 03:10,4.8,63,0,28,8.46,5.54,0,0.88,0,1.25,5.04,32.4,76,26.6
10-02-2020 03:20,4.7,64,0,27.84,8.47,5.1,0,0.35,0,0,5.08,32.26,79,26.8
10-02-2020 03:30,5.6,74,0,27.84,8.47,4.97,0,0.32,0,0,5.07,32.27,81,26.8
10-02-2020 03:40,5.8,79,0,27.85,8.47,5.05,0,0.21,0,0,5.08,32.27,77,26.9
10-02-2020 03:50,5.3,79,0,27.85,8.47,5.07,0,0.41,0,0,5.1,32.28,79,26.8
10-02-2020 04:00,5.4,76,0,27.87,8.47,5.03,0,0.32,0,0,5.04,32.3,80,26.8
10-02-2020 04:10,5.6,73,0,27.87,8.47,5.13,0,0.24,0,0,5.05,32.3,77,26.7
10-02-2020 04:20,5.4,74,0,27.88,8.47,5.26,0,0.38,0,0,5.06,32.32,79,26.8
10-02-2020 04:30,5.2,73,0,27.88,8.47,5.31,0,0.44,0,0,5.08,32.32,79,26.7
10-02-2020 04:40,5.7,68,0,27.89,8.47,5.32,0,0.54,0,0,5.08,32.34,79,26.8
10-02-2020 04:50,5.8,68,0,27.89,8.47,5.31,0,0.54,0,0,5.07,32.33,78,27
10-02-2020 05:00,5.4,90,0,27.9,8.46,5.48,0,0.57,0,0.25,5.06,32.34,72,27
10-02-2020 05:10,5.2,91,0,27.88,8.46,5.55,0,0.67,0,0,5.08,32.35,73,26.9
10-02-2020 05:20,5,88,0,27.88,8.46,5.2,0,0.54,0,0,5.09,32.33,73,26.8
10-02-2020 05:30,4.7,88,0,27.88,8.46,5.47,0,0.53,0,0,5.06,32.34,77,26.9
10-02-2020 05:40,4.6,87,0,27.88,8.46,5.19,0,0.44,0,0,5.05,32.33,77,26.8
10-02-2020 05:50,4.7,84,0,27.88,8.46,5.73,0,0.34,0,0,5.06,32.33,75,26.8
10-02-2020 06:00,4.4,85,0,27.88,8.46,5.42,0,0.47,0,0,5.06,32.34,77,26.7
10-02-2020 06:10,4.5,86,0,27.88,8.46,5.86,0,0.69,0,0,5.06,32.34,77,26.8
10-02-2020 06:20,4.6,88,0,27.88,8.46,5.38,0,0.43,0,0,5.04,32.34,76,26.7
10-02-2020 06:30,4.8,81,0,27.88,8.46,5.43,0,0.67,0,0,5.04,32.34,78,26.8
10-02-2020 06:40,4.5,81,0,27.83,8.46,5.49,0,0.66,0,0,5.05,32.33,80,27
10-02-2020 06:50,4.7,72,0,27.88,8.46,5.47,0,0.68,0,0.1,5.02,32.34,75,26.6
10-02-2020 07:00,4.3,77,0,27.69,8.47,5.09,0,0.2,0,0,5.07,32.16,75,26.6
10-02-2020 07:10,4.2,82,0,27.69,8.47,4.93,0,0.16,0,0,5.07,32.15,77,26.8
10-02-2020 07:20,5,85,0,27.67,8.47,5.42,0,0.18,0,0,5.1,32.14,77,27
10-02-2020 07:30,5.3,93,0,27.65,8.47,4.92,0,0.16,0,0,5.11,32.1,73,27.1
10-02-2020 07:40,5.7,94,0,27.63,8.47,5.01,0,0.11,0,0,5.12,32.07,68,27.2
10-02-2020 07:50,5.7,90,0,27.64,8.47,4.93,0,0.12,0,0,5.11,32.06,75,27.3
10-02-2020 08:00,5.5,92,0,27.65,8.47,5,0,0.11,0,0,5.1,32.08,71,27.2
10-02-2020 08:10,5.7,98,0,27.66,8.47,4.93,0,0.12,0,0,5.09,32.09,74,27.3
10-02-2020 08:20,5.8,94,0,27.66,8.47,5.03,0,0.12,0,0,5.06,32.1,73,27.2
10-02-2020 08:30,5.5,93,0,27.67,8.47,5.14,0,0.21,0,0,5.1,32.1,74,27.3
10-02-2020 08:40,5.6,92,0,27.67,8.47,5,0,0.12,0,0,5.05,32.1,75,27.2
10-02-2020 08:50,5.2,93,0,27.68,8.48,5.27,0,0.15,0,0,5.06,32.09,74,27.1
10-02-2020 09:00,5.3,95,0,27.7,8.47,5.09,0,0.12,0,0,5.04,32.1,75,27.2
10-02-2020 09:10,5.4,93,0,27.7,8.47,5.11,0,0.11,0,0,5.05,32.11,77,27.2
10-02-2020 09:20,5.7,85,0,27.72,8.47,4.92,0,0.12,0,0,5.02,32.12,71,27.3
10-02-2020 09:30,5.7,86,0,27.73,8.47,5,0,0.12,0,0,5.03,32.13,72,27.2
10-02-2020 09:40,5.1,81,0,27.74,8.47,5.02,0,0.12,0,0,5.05,32.13,71,27.3
10-02-2020 09:50,5.1,84,0,27.75,8.47,4.91,0,0.12,0,0,5.05,32.13,76,27.3
10-02-2020 10:00,4.9,77,0,27.77,8.47,5.03,0,0.12,0,0,5.03,32.15,74,27.1
10-02-2020 10:10,4.9,77,0,27.77,8.47,5.18,0,0.12,0,0,5.04,32.15,71,27.2
10-02-2020 10:20,4.8,81,0,27.79,8.47,5.01,0,0.12,0,0,5.05,32.15,75,27.2
10-02-2020 10:30,4.4,80,0,27.81,8.47,5.16,0,0.12,0,0,5.04,32.15,74,27.3
10-02-2020 10:40,4.2,75,0,27.82,8.47,5.17,0,0.12,0,0,5.06,32.16,74,27.3
10-02-2020 10:50,4.3,74,0,27.83,8.47,5.17,0,0.12,0,0,5.08,32.15,72,27.2
10-02-2020 11:00,4.2,70,0,27.85,8.47,5.03,0,0.12,0,0,5.03,32.15,77,27.4
10-02-2020 11:10,4.1,73,0,27.86,8.47,5.05,0,0.12,0,0,5.09,32.15,71,27.3
10-02-2020 11:20,4.2,76,0,27.87,8.47,4.96,0,0.12,0,0,5.07,32.13,72,27.4
10-02-2020 11:30,4.1,67,0,27.88,8.47,5.14,0,0.12,0,0,5.07,32.13,76,27.4
10-02-2020 11:40,4.3,71,0,27.9,8.47,5.08,0,0.1,0,0,5.06,32.14,72,27.2
10-02-2020 11:50,4.2,67,0,27.92,8.47,5.3,0,0.12,0,0,5.06,32.11,71,27.1
10-02-2020 12:00,4.1,65,0,27.91,8.48,5.2,0,0.12,0,0,5.08,32.1,72,27.3
10-02-2020 12:10,4.1,65,0,27.92,8.48,5.31,0,0.12,0,0,5.08,32.1,71,27.3
10-02-2020 12:20,4.2,68,0,27.95,8.47,5.35,0,0.12,0,0,5.09,32.1,71,27.3
10-02-2020 12:30,4.1,68,0,27.97,8.48,5.42,0,0.12,0,0,5.1,32.09,73,27.4
10-02-2020 12:40,4.5,67,0,27.98,8.48,5.22,0,0.12,0,0,5.1,32.07,74,27.2
10-02-2020 12:50,4.3,72,0,28,8.48,5.16,0,0.12,0,0,5.12,32.07,72,27.2
10-02-2020 13:00,4.4,74,0,28,8.48,5.24,0,0.12,0,0,5.13,32.07,73,27.1
10-02-2020 13:10,4.4,71,0,28.02,8.48,5.04,0,0.12,0,0,5.1,32.08,76,27.3
10-02-2020 13:20,4.8,72,0,28.02,8.48,5.12,0,0.12,0,0,5.11,32.08,73,27.2
10-02-2020 13:30,4.7,66,0,28.03,8.48,5.17,0,0.12,0,0,5.13,32.09,73,27.3
10-02-2020 13:40,5,68,0,28.02,8.48,5.22,0,0.12,0,0,5.15,32.1,70,27.2
10-02-2020 13:50,5.1,68,0,28.03,8.48,5.11,0,0.12,0,0,5.16,32.09,71,27.3
10-02-2020 14:00,4.8,70,0,28.05,8.47,5.52,0,0.12,0,0,5.15,32.08,71,27.2
10-02-2020 14:10,5,70,0,28.05,8.47,5.39,0,0.12,0,0,5.12,32.1,73,27.4
10-02-2020 14:20,5.1,71,0,28.07,8.47,5.03,0,0.12,0,0,5.06,32.11,74,27.5
10-02-2020 14:30,5.3,70,0,28.08,8.48,5.1,0,0.12,0,0,5.08,32.09,71,27.4
10-02-2020 14:40,5.2,69,0,28.05,8.48,5.31,0,0.12,0,0,5.12,32.11,70,27.4
10-02-2020 14:50,5.3,64,0,28.07,8.48,5.08,0,0.12,0,0,5.11,32.11,74,27.4
10-02-2020 15:00,5,67,0,28.07,8.48,5.12,0,0.12,0,0,5.12,32.11,76,27.5
10-02-2020 15:10,5.1,66,0,28.09,8.48,5.32,0,0.12,0,0,5.11,32.1,76,27.5
10-02-2020 15:20,5.2,69,0,28.09,8.48,5.19,0,0.12,0,0,5.16,32.1,72,27.4
10-02-2020 15:30,5.2,66,0,28.08,8.48,5.16,0,0.12,0,0,5.17,32.11,73,27.4
10-02-2020 15:40,5.5,67,0,28.09,8.48,5.4,0,0.12,0,0,5.2,32.1,73,27.5
10-02-2020 15:50,5.5,69,0,28.1,8.48,5.21,0,0.12,0,0,5.17,32.09,72,27.5
10-02-2020 16:00,5.6,63,0,28.11,8.48,5.24,0,0.12,0,0,5.19,32.06,73,27.6
10-02-2020 16:10,5.4,66,0,28.1,8.48,5.25,0,0.12,0,0,5.18,32.06,73,27.6
10-02-2020 16:20,5.5,63,0,28.09,8.48,5.26,0,0.12,0,0,5.2,32.06,75,27.5
10-02-2020 16:30,5.6,64,0,28.09,8.48,5.34,0,0.12,0,0,5.2,32.06,75,27.5
10-02-2020 16:40,5.5,58,0,28.08,8.48,5.25,0,0.12,0,0,5.22,32.05,75,27.6
10-02-2020 16:50,5.6,66,0,28.07,8.48,5.22,0,0.12,0,0,5.2,32.05,74,27.5
10-02-2020 17:00,5.5,62,0,28.07,8.48,5.51,0,0.12,0,0,5.2,32.05,75,27.4
10-02-2020 17:10,5.6,61,0,28.07,8.48,5.27,0,0.12,0,0,5.21,32.06,75,27.4
10-02-2020 17:20,5.6,52,0,28.06,8.48,5.33,0,0.12,0,0,5.22,32.06,73,27.3
10-02-2020 17:30,5.2,60,0,28.06,8.48,5.19,0,0.14,0,0,5.22,32.06,73,27.3
10-02-2020 17:40,5.3,60,0,28.05,8.48,5.26,0,0.12,0,0,5.21,32.06,76,27.3
10-02-2020 17:50,5.3,58,0,28.05,8.48,5.36,0,0.12,0,0,5.21,32.07,77,27.4
10-02-2020 18:00,5.3,56,0,28.05,8.48,5.3,0,0.12,0,0,5.21,32.07,74,27.2
10-02-2020 18:10,5.5,53,0,28.05,8.48,5.26,0,0.12,0,0,5.2,32.07,75,27.1
10-02-2020 18:20,5.4,50,0,28.05,8.48,5.28,0,0.12,0,0,5.23,32.07,76,27.2
10-02-2020 18:30,5.5,52,0,28.05,8.48,5.44,0,0.12,0,0,5.24,32.07,76,27.3
10-02-2020 18:40,5.4,49,0,28.03,8.48,5.72,0,0.12,0,0,5.22,32.07,76,27.3
10-02-2020 18:50,5.3,52,0,28.04,8.48,6.6,0,0.12,0,0,5.27,32.07,74,27.2
10-02-2020 19:00,5.4,53,0,28.03,8.48,6.14,0,0.12,0,0,5.22,32.08,76,27.2
10-02-2020 19:10,5.3,53,0,28.04,8.48,5.74,0,0.12,0,0,5.22,32.08,75,27.1
10-02-2020 19:20,5.4,54,0,28.04,8.48,5.73,0,0.12,0,0,5.2,32.08,76,27.2
10-02-2020 19:30,5.3,58,0,28.03,8.48,5.6,0,0.12,0,0,5.23,32.07,76,27.3
10-02-2020 19:40,5.4,57,0,28.02,8.48,5.63,0,0.12,0,0,5.21,32.08,76,27.3
10-02-2020 19:50,4.9,56,0,28.03,8.48,6.2,0,0.12,0,0,5.22,32.08,74,27.3
10-02-2020 20:00,5.1,54,0,28.02,8.48,5.69,0,0.12,0,0,5.21,32.07,74,27.3
10-02-2020 20:10,5,61,0,28.02,8.48,5.61,0,0.12,0,0,5.22,32.07,78,27.4
10-02-2020 20:20,5.2,63,0,28.02,8.48,5.76,0,0.12,0,0,5.19,32.08,76,27.2
10-02-2020 20:30,5.3,64,0,28.01,8.48,5.77,0,0.12,0,0,5.21,32.07,77,27.3
10-02-2020 20:40,5.6,55,0,28,8.48,5.82,0,0.12,0,0,5.18,32.06,78,27.3
10-02-2020 20:50,5.1,53,0,28.01,8.48,5.67,0,0.12,0,0,5.21,32.07,77,27.4
10-02-2020 21:00,5.4,54,0,28,8.48,5.63,0,0.12,0,0,5.2,32.07,77,27.3
10-02-2020 21:10,5.9,54,0,27.99,8.48,5.64,0,0.12,0,0,5.22,32.07,78,27.3
10-02-2020 21:20,5.6,48,0,27.99,8.48,6.25,0,0.12,0,0,5.21,32.06,78,27.2
10-02-2020 21:30,5.6,52,0,27.99,8.48,6.31,0,0.12,0,0,5.19,32.06,78,27.3
10-02-2020 21:40,6.2,62,0,28,8.48,6,0,0.12,0,0,5.17,32.07,80,27.4
10-02-2020 21:50,6.5,61,0,27.98,8.48,5.67,0,0.12,0,0,5.13,32.07,79,27.4
10-02-2020 22:00,6.7,69,0,27.99,8.48,6.01,0,0.12,0,0,5.19,32.07,78,27.2
10-02-2020 22:10,6.6,65,0,27.98,8.48,6.19,0,0.12,0,0,5.17,32.07,77,27.3
10-02-2020 22:20,6.4,64,0,27.98,8.48,6.83,0,0.12,0,0,5.2,32.07,77,27.2
10-02-2020 22:30,6.5,63,0,27.98,8.48,6.19,0,0.12,0,0,5.21,32.07,77,27.3
10-02-2020 22:40,6.5,65,0,27.98,8.48,5.94,0,0.12,0,0,5.23,32.06,78,27.3
10-02-2020 22:50,6.2,66,0,27.97,8.48,5.87,0,0.12,0,0,5.23,32.07,78,27.2
10-02-2020 23:00,6.3,60,0,27.96,8.48,5.66,0,0.1,0,0,5.23,32.06,78,27.2
10-02-2020 23:10,6.4,69,0,27.96,8.48,6.21,0,0.12,0,0,5.2,32.06,77,27.1
10-02-2020 23:20,6.6,63,0,27.95,8.48,5.68,0,0.12,0,0,5.22,32.07,77,27.1
10-02-2020 23:30,6.4,64,0,27.95,8.48,7.85,0,0.12,0,0,5.21,32.06,78,27.2
10-02-2020 23:40,6.3,64,0,27.95,8.48,5.98,0,0.12,0,0,5.23,32.06,79,27.2
10-02-2020 23:50,6.3,70,0,27.94,8.48,5.67,0,0.14,0,0,5.21,32.06,78,27.2
11-02-2020 00:00,6,66,0,27.92,8.48,5.54,0,0.1,0,0,5.22,32.06,79,27.2
11-02-2020 00:10,6.3,70,0,27.92,8.48,5.5,0,0.12,0,0,5.22,32.06,78,27.2
11-02-2020 00:20,6.2,68,0,27.93,8.48,5.56,0,0.12,0,0,5.24,32.06,76,27.1
11-02-2020 00:30,6,65,0,27.94,8.48,5.93,0,0.12,0,0,5.19,32.06,78,27.1
11-02-2020 00:40,6.1,63,0,27.93,8.48,5.85,0,0.12,0,0,5.19,32.06,78,27
11-02-2020 00:50,6.3,63,0,27.94,8.48,6.26,0,0.23,0,0,5.23,32.06,79,27.1
11-02-2020 01:00,5.9,67,0,27.93,8.48,6.05,0,0.12,0,0,5.23,32.06,74,27
11-02-2020 01:10,5.8,71,0,27.93,8.48,5.87,0,0.12,0,0,5.24,32.05,77,27.2
11-02-2020 01:20,5.6,60,0,27.91,8.48,6.39,0,0.12,0,0,5.25,32.07,76,27.1
11-02-2020 01:30,5.2,59,0,27.91,8.48,5.45,0,0.12,0,0,5.23,32.06,76,27.1
11-02-2020 01:40,5.3,53,0,27.9,8.48,5.67,0,0.12,0,0,5.23,32.06,77,27.1
11-02-2020 01:50,4.8,56,0,27.9,8.48,6.02,0,0.12,0,0,5.16,32.06,78,27.1
11-02-2020 02:00,4.9,52,0,27.89,8.48,5.43,0,0.12,0,0,5.17,32.06,74,27
11-02-2020 02:10,4.8,52,0,27.89,8.48,5.32,0,0.12,0,0,5.12,32.06,75,26.9
11-02-2020 02:20,5.2,55,0,27.87,8.48,5.57,0,0.12,0,0,5.15,32.06,76,27
11-02-2020 02:30,5.1,62,0,27.87,8.48,5.6,0,0.12,0,0,5.16,32.05,78,27.1
11-02-2020 02:40,5.2,60,0,27.87,8.48,5.41,0,0.12,0,0,5.14,32.05,76,26.9
11-02-2020 02:50,5.6,57,0,27.86,8.48,5.44,0,0.12,0,0,5.11,32.06,78,26.9
11-02-2020 03:00,5.4,58,0,27.87,8.48,5.41,0,0.12,0,0,5.18,32.06,78,26.9
11-02-2020 03:10,5.4,59,0,27.86,8.48,5.56,0,0.12,0,0,5.17,32.05,81,27
11-02-2020 03:20,5.1,63,0,27.86,8.48,5.5,0,0.12,0,0,5.16,32.06,75,26.9
11-02-2020 03:30,5.3,68,0,27.86,8.48,6.39,0,0.12,0,0,5.17,32.06,77,26.9
11-02-2020 03:40,5.3,64,0,27.85,8.48,5.46,0,0.12,0,0,5.14,32.06,77,26.9
11-02-2020 03:50,5.3,68,0,27.85,8.48,5.56,0,0.12,0,0,5.14,32.06,77,26.9
11-02-2020 04:00,5.1,67,0,27.85,8.48,5.47,0,0.13,0,0,5.11,32.06,78,26.9
11-02-2020 04:10,5.1,65,0,27.85,8.48,5.43,0,0.12,0,0,5.14,32.06,79,26.8
11-02-2020 04:20,5,70,0,27.85,8.48,5.41,0,0.12,0,0,5.22,32.06,77,26.8
11-02-2020 04:30,4.9,71,0,27.84,8.48,5.43,0,0.12,0,0,5.19,32.05,78,26.9
11-02-2020 04:40,4.6,71,0,27.84,8.48,5.48,0,0.12,0,0,5.19,32.05,79,26.8
11-02-2020 04:50,4.5,65,0,27.84,8.48,5.66,0,0.12,0,0,5.15,32.06,79,27
11-02-2020 05:00,4.6,63,0,27.83,8.48,5.65,0,0.17,0,0,5.13,32.05,75,26.8
11-02-2020 05:10,4.5,67,0,27.83,8.48,5.5,0,0.12,0,0,5.11,32.06,79,26.9
11-02-2020 05:20,4.6,58,0,27.82,8.48,5.37,0,0.12,0,0,5.16,32.06,75,26.8
11-02-2020 05:30,4.6,58,0,27.82,8.48,5.43,0,0.12,0,0,5.13,32.06,76,26.8
11-02-2020 05:40,4.7,64,0,27.79,8.48,5.64,0,0.12,0,0,5.15,32.05,76,26.8
11-02-2020 05:50,4.5,64,0,27.78,8.48,5.54,0,0.13,0,0,5.12,32.05,76,26.9
11-02-2020 06:00,4.8,67,0,27.79,8.48,5.75,0,0.12,0,0,5.11,32.05,76,26.9
11-02-2020 06:10,4.7,67,0,27.78,8.48,5.44,0,0.12,0,0,5.11,32.05,76,26.9
11-02-2020 06:20,4.6,78,0,27.78,8.48,5.58,0,0.12,0,0,5.12,32.04,78,26.9
11-02-2020 06:30,4.3,76,0,27.77,8.48,5.54,0,0.12,0,0,5.12,32.05,80,27
11-02-2020 06:40,4.8,68,0,27.77,8.48,5.43,0,0.12,0,0,5.11,32.05,81,26.8
11-02-2020 06:50,5.6,70,0,27.77,8.48,5.63,0,0.1,0,0,5.12,32.05,78,26.9
11-02-2020 07:00,5.6,79,0,27.75,8.48,5.54,0,0.12,0,0,5.17,32.05,78,27
11-02-2020 07:10,5.2,76,0,27.76,8.48,5.73,0,0.14,0,0,5.21,32.04,78,27.1
11-02-2020 07:20,5.4,71,0,27.76,8.48,5.73,0,0.21,0,0,5.2,32.05,77,27.1
11-02-2020 07:30,5.2,70,0,27.76,8.48,5.54,0,0.12,0,0,5.2,32.05,78,27.2
11-02-2020 07:40,4.9,68,0,27.76,8.48,5.78,0,0.12,0,0,5.18,32.04,78,27.2
11-02-2020 07:50,5.2,69,0,27.75,8.48,5.63,0,0.14,0,0,5.19,32.04,79,27.4
11-02-2020 08:00,5.4,65,0,27.76,8.48,5.6,0,0.12,0,0,5.17,32.04,78,27.3
11-02-2020 08:10,5,67,0,27.77,8.49,5.66,0,0.12,0,0,5.21,32.04,79,27.4
11-02-2020 08:20,5.8,72,0,27.77,8.48,5.6,0,0.16,0,0,5.22,32.05,77,27.3
11-02-2020 08:30,5.7,85,0,27.77,8.49,5.56,0,0.12,0,0,5.22,32.04,76,27.5
11-02-2020 08:40,5.5,84,0,27.77,8.49,5.56,0,0.12,0,0,5.18,32.04,78,27.4
11-02-2020 08:50,6,75,0,27.77,8.49,8.23,0,0.12,0,0,5.18,32.04,78,27.4
11-02-2020 09:00,5.7,81,0,27.78,8.49,5.51,0,0.12,0,0,5.21,32.04,78,27.3
11-02-2020 09:10,5.6,79,0,27.78,8.49,5.58,0,0.12,0,0,5.21,32.04,78,27.5
11-02-2020 09:20,5.4,83,0,27.77,8.49,5.48,0,0.12,0,0,5.22,32.04,79,27.4
11-02-2020 09:30,5.4,81,0,27.78,8.49,5.52,0,0.12,0,0,5.26,32.04,79,27.5
11-02-2020 09:40,5.6,78,0,27.79,8.49,5.45,0,0.12,0,0,5.2,32.04,78,27.5
11-02-2020 09:50,5.6,78,0,27.79,8.49,5.86,0,0.12,0,0,5.15,32.04,76,27.4
11-02-2020 10:00,5.7,71,0,27.8,8.49,5.69,0,0.12,0,0,5.13,32.04,78,27.6
11-02-2020 10:10,5.8,71,0,27.81,8.49,5.69,0,0.12,0,0,5.1,32.04,78,27.5
11-02-2020 10:20,5.7,69,0,27.8,8.49,5.87,0,0.12,0,0,5.06,32.04,79,27.5
11-02-2020 10:30,5.9,76,0,27.82,8.49,5.76,0,0.17,0,0,5.06,32.04,79,27.7
11-02-2020 10:40,5.5,75,0,27.83,8.49,5.52,0,0.12,0,0,5.1,32.03,74,27.7
11-02-2020 10:50,5.9,78,0,27.84,8.49,5.7,0,0.12,0,0,5.1,32.04,74,27.8
11-02-2020 11:00,6,76,0,27.86,8.49,5.96,0,0.12,0,0,5.05,32.03,76,27.8
11-02-2020 11:10,5.7,77,0,27.88,8.49,5.54,0,0.12,0,0,5.08,32.03,75,27.8
11-02-2020 11:20,5.4,75,0,27.87,8.49,5.83,0,0.12,0,0,5.07,32.03,75,27.7
11-02-2020 11:30,5.6,72,0,27.9,8.49,5.48,0,0.12,0,0,5.09,32.03,79,27.9
11-02-2020 11:40,5.6,70,0,27.9,8.49,5.5,0,0.12,0,0,5.04,32.04,76,27.6
11-02-2020 11:50,5.2,73,0,27.9,8.5,5.2,0,0.12,0,0,5.09,32.01,78,27.7
11-02-2020 12:00,5,72,0,27.88,8.49,5.18,0,0.12,0,0,5.06,32.02,77,27.6
11-02-2020 12:10,5.1,72,0,27.9,8.49,5.23,0,0.12,0,0,5.11,32.01,78,27.7
11-02-2020 12:20,5.2,71,0,27.9,8.5,5.29,0,0.12,0,0,5.11,32.01,79,27.6
11-02-2020 12:30,5.1,71,0,27.92,8.5,5.47,0,0.12,0,0,5.1,32.01,77,27.5
11-02-2020 12:40,5.5,67,0,27.93,8.49,5.39,0,0.12,0,0,5.08,32.01,79,27.6
11-02-2020 12:50,5.6,68,0,27.94,8.5,5.21,0,0.12,0,0,5.11,32.01,79,27.7
11-02-2020 13:00,5.4,67,0,27.95,8.5,5.35,0,0.12,0,0,5.09,32,79,27.6
11-02-2020 13:10,5.5,67,0,27.96,8.5,5.12,0,0.12,0,0,5.12,32,79,27.6
11-02-2020 13:20,5.4,62,0,27.97,8.5,5.46,0,0.12,0,0,5.13,32.01,77,27.6
11-02-2020 13:30,5.5,60,0,27.95,8.5,5.27,0,0.1,0,0,5.13,32.01,80,27.8
11-02-2020 13:40,5.6,61,0,27.96,8.5,5.21,0,0.12,0,0,5.16,32.01,77,27.7
11-02-2020 13:50,5.6,62,0,27.97,8.5,5.09,0,0.12,0,0,5.19,32,78,27.6
11-02-2020 14:00,6.1,63,0,27.97,8.5,5.17,0,0.12,0,0,5.2,32.01,76,27.5
11-02-2020 14:10,5.6,63,0,27.99,8.5,5.22,0,0.12,0,0,5.23,32.01,79,27.6
11-02-2020 14:20,6,62,0,27.99,8.5,5.13,0,0.12,0,0,5.32,32.01,78,27.6
11-02-2020 14:30,6,61,0,27.99,8.5,5.27,0,0.11,0,0,5.34,32.01,78,27.6
11-02-2020 14:40,6.1,60,0,27.99,8.5,5.29,0,0.1,0,0,5.34,32.01,76,27.6
11-02-2020 14:50,5.5,62,0,27.98,8.5,5.39,0,0.14,0,0,5.32,32.01,78,27.6
11-02-2020 15:00,5.8,61,0,27.98,8.5,5.88,0,0.12,0,0,5.35,32.01,79,27.6
11-02-2020 15:10,5.7,62,0,27.99,8.5,5.37,0,0.12,0,0,5.34,32.01,77,27.5
11-02-2020 15:20,5.6,61,0,28,8.5,5.89,0,0.12,0,0,5.32,32.01,79,27.7
11-02-2020 15:30,5.5,67,0,28,8.5,5.53,0,0.16,0,0,5.32,32.01,79,27.6
